-20,8,hjSYTsiWMNQ4hvJkjCrsSbLs7Sw=,sqvUheQPanFS9qNa7WuoCJjIfnk=
-21,8,hjSYTsiWMNQ4hvJkjCrsSbLs7Sw=,CBiYvtCNAYXOKSW2MHHReRXcldk=
-20,7,hjSYTsiWMNQ4hvJkjCrsSbLs7Sw=,sqvUheQPanFS9qNa7WuoCJjIfnk=
-21,7,hjSYTsiWMNQ4hvJkjCrsSbLs7Sw=,z/L8sva1bd/5HcECCh2brpmui0M=
-21,10,ULjjsyobQ3N+4Y39Aq6vsZrt0ts=,HYxZtF74f13249yER+CmtXpBMcw=
-21,9,ULjjsyobQ3N+4Y39Aq6vsZrt0ts=,CBiYvtCNAYXOKSW2MHHReRXcldk=
-20,10,ULjjsyobQ3N+4Y39Aq6vsZrt0ts=,BYpRwlYYaipwhCyuU3ddtvtQUBg=
-20,9,ULjjsyobQ3N+4Y39Aq6vsZrt0ts=,sqvUheQPanFS9qNa7WuoCJjIfnk=
-22,10,ULjjsyobQ3N+4Y39Aq6vsZrt0ts=,HYxZtF74f13249yER+CmtXpBMcw=
-23,10,ULjjsyobQ3N+4Y39Aq6vsZrt0ts=,qYGTMWrxWP+MDwI2HEXa4RYWVnM=
-22,9,ULjjsyobQ3N+4Y39Aq6vsZrt0ts=,CBiYvtCNAYXOKSW2MHHReRXcldk=
-23,9,ULjjsyobQ3N+4Y39Aq6vsZrt0ts=,ZDhRU1OFyQuLShk6QanavZbEUJU=
-22,7,qMRx4jGdqB+LCTWiyPYSl6L7CKE=,z/L8sva1bd/5HcECCh2brpmui0M=
-23,8,qMRx4jGdqB+LCTWiyPYSl6L7CKE=,ZDhRU1OFyQuLShk6QanavZbEUJU=
-22,8,qMRx4jGdqB+LCTWiyPYSl6L7CKE=,CBiYvtCNAYXOKSW2MHHReRXcldk=
-23,7,qMRx4jGdqB+LCTWiyPYSl6L7CKE=,4v/eAZcKwg785SK0snnbbhhQ8BU=
-23,12,qMRx4jGdqB+LCTWiyPYSl6L7CKE=,AMj3ltpCmgiKJf5yPWpxAL3sRAk=
-23,11,qMRx4jGdqB+LCTWiyPYSl6L7CKE=,qYGTMWrxWP+MDwI2HEXa4RYWVnM=
-22,11,qMRx4jGdqB+LCTWiyPYSl6L7CKE=,HYxZtF74f13249yER+CmtXpBMcw=
-22,12,qMRx4jGdqB+LCTWiyPYSl6L7CKE=,IVMdgyhsxKpzFxKbEjTgCZbVTEE=
-20,12,qMRx4jGdqB+LCTWiyPYSl6L7CKE=,BYpRwlYYaipwhCyuU3ddtvtQUBg=
-20,11,qMRx4jGdqB+LCTWiyPYSl6L7CKE=,BYpRwlYYaipwhCyuU3ddtvtQUBg=
-21,12,qMRx4jGdqB+LCTWiyPYSl6L7CKE=,IVMdgyhsxKpzFxKbEjTgCZbVTEE=
-21,11,qMRx4jGdqB+LCTWiyPYSl6L7CKE=,HYxZtF74f13249yER+CmtXpBMcw=
-23,13,9RIuVeJQ9QgfnjjxVbc3nxIawgg=,AMj3ltpCmgiKJf5yPWpxAL3sRAk=
-21,14,9RIuVeJQ9QgfnjjxVbc3nxIawgg=,+vuU8JppIldDEPEtQF8/ZZCHZy8=
-20,13,9RIuVeJQ9QgfnjjxVbc3nxIawgg=,BYpRwlYYaipwhCyuU3ddtvtQUBg=
-22,14,9RIuVeJQ9QgfnjjxVbc3nxIawgg=,+vuU8JppIldDEPEtQF8/ZZCHZy8=
-21,13,9RIuVeJQ9QgfnjjxVbc3nxIawgg=,IVMdgyhsxKpzFxKbEjTgCZbVTEE=
-20,14,9RIuVeJQ9QgfnjjxVbc3nxIawgg=,BYpRwlYYaipwhCyuU3ddtvtQUBg=
-23,14,9RIuVeJQ9QgfnjjxVbc3nxIawgg=,r5Mb8OCYMe580+jURu5bHRH7efM=
-22,13,9RIuVeJQ9QgfnjjxVbc3nxIawgg=,IVMdgyhsxKpzFxKbEjTgCZbVTEE=
-24,13,rrQGnwgwSGpOVZ2/zW9yIXp0pPs=,AMj3ltpCmgiKJf5yPWpxAL3sRAk=
-24,14,rrQGnwgwSGpOVZ2/zW9yIXp0pPs=,r5Mb8OCYMe580+jURu5bHRH7efM=
-25,14,rrQGnwgwSGpOVZ2/zW9yIXp0pPs=,rkZMRv7Pi842LY3pqgyui0Qcn9k=
-25,13,rrQGnwgwSGpOVZ2/zW9yIXp0pPs=,/gdzw5LszMWQnuLkveCqC8lttP0=
-24,12,rrQGnwgwSGpOVZ2/zW9yIXp0pPs=,AMj3ltpCmgiKJf5yPWpxAL3sRAk=
-24,11,rrQGnwgwSGpOVZ2/zW9yIXp0pPs=,qYGTMWrxWP+MDwI2HEXa4RYWVnM=
-24,9,rrQGnwgwSGpOVZ2/zW9yIXp0pPs=,ZDhRU1OFyQuLShk6QanavZbEUJU=
-24,10,rrQGnwgwSGpOVZ2/zW9yIXp0pPs=,qYGTMWrxWP+MDwI2HEXa4RYWVnM=
-25,12,rrQGnwgwSGpOVZ2/zW9yIXp0pPs=,/gdzw5LszMWQnuLkveCqC8lttP0=
-25,10,rrQGnwgwSGpOVZ2/zW9yIXp0pPs=,cJbJSq05PFr+2v3qAsrT2ziijPU=
-25,11,rrQGnwgwSGpOVZ2/zW9yIXp0pPs=,cJbJSq05PFr+2v3qAsrT2ziijPU=
-25,9,rrQGnwgwSGpOVZ2/zW9yIXp0pPs=,/mGWvYjEirPfTb8UcRAtcmnyhr4=
-29,12,6pBmOeguHAC+Wly64SguOYHQsXc=,tkJm6Dfj0iX5osSvAUvXX0AwkmA=
-28,12,6pBmOeguHAC+Wly64SguOYHQsXc=,GRMfjnGF1z4HVJICLGvnk9xRoa0=
-27,12,6pBmOeguHAC+Wly64SguOYHQsXc=,GRMfjnGF1z4HVJICLGvnk9xRoa0=
-29,11,6pBmOeguHAC+Wly64SguOYHQsXc=,FcBGrzlPphf7cwpZw+/ZWS6ctxo=
-27,10,6pBmOeguHAC+Wly64SguOYHQsXc=,A06KdzKxdU4BAcdk8eo49XFSl4M=
-27,14,6pBmOeguHAC+Wly64SguOYHQsXc=,TVvouAnViPwtucJCiViQ2xJcT/M=
-27,13,6pBmOeguHAC+Wly64SguOYHQsXc=,GRMfjnGF1z4HVJICLGvnk9xRoa0=
-26,10,6pBmOeguHAC+Wly64SguOYHQsXc=,cJbJSq05PFr+2v3qAsrT2ziijPU=
-26,14,6pBmOeguHAC+Wly64SguOYHQsXc=,rkZMRv7Pi842LY3pqgyui0Qcn9k=
-26,12,6pBmOeguHAC+Wly64SguOYHQsXc=,/gdzw5LszMWQnuLkveCqC8lttP0=
-26,13,6pBmOeguHAC+Wly64SguOYHQsXc=,/gdzw5LszMWQnuLkveCqC8lttP0=
-26,9,6pBmOeguHAC+Wly64SguOYHQsXc=,/mGWvYjEirPfTb8UcRAtcmnyhr4=
-27,9,6pBmOeguHAC+Wly64SguOYHQsXc=,Sbuy3R2VEUzbJ/SbJrfEXIlBbKE=
-26,11,6pBmOeguHAC+Wly64SguOYHQsXc=,cJbJSq05PFr+2v3qAsrT2ziijPU=
-28,11,6pBmOeguHAC+Wly64SguOYHQsXc=,A06KdzKxdU4BAcdk8eo49XFSl4M=
-27,11,6pBmOeguHAC+Wly64SguOYHQsXc=,A06KdzKxdU4BAcdk8eo49XFSl4M=
-24,8,nU9a4D7Jy+meHrnaD7KeSQgCftQ=,ZDhRU1OFyQuLShk6QanavZbEUJU=
-24,7,nU9a4D7Jy+meHrnaD7KeSQgCftQ=,4v/eAZcKwg785SK0snnbbhhQ8BU=
-26,7,nU9a4D7Jy+meHrnaD7KeSQgCftQ=,G1LcH13kdC7ewrjlidFQO8CR3eM=
-26,5,nU9a4D7Jy+meHrnaD7KeSQgCftQ=,1jKs5T/l3y9a/8ydSHBxIG1HXH8=
-27,6,nU9a4D7Jy+meHrnaD7KeSQgCftQ=,izQpVadNi0me8o9Yfr3hUWqM2+o=
-27,7,nU9a4D7Jy+meHrnaD7KeSQgCftQ=,izQpVadNi0me8o9Yfr3hUWqM2+o=
-25,7,nU9a4D7Jy+meHrnaD7KeSQgCftQ=,G1LcH13kdC7ewrjlidFQO8CR3eM=
-27,5,nU9a4D7Jy+meHrnaD7KeSQgCftQ=,yDBI3OzoJTfTXhwk810K7dc/UDs=
-26,6,nU9a4D7Jy+meHrnaD7KeSQgCftQ=,G1LcH13kdC7ewrjlidFQO8CR3eM=
-25,8,nU9a4D7Jy+meHrnaD7KeSQgCftQ=,/mGWvYjEirPfTb8UcRAtcmnyhr4=
-27,8,nU9a4D7Jy+meHrnaD7KeSQgCftQ=,Sbuy3R2VEUzbJ/SbJrfEXIlBbKE=
-26,8,nU9a4D7Jy+meHrnaD7KeSQgCftQ=,/mGWvYjEirPfTb8UcRAtcmnyhr4=
-27,4,1V4UtviEAU2/VG0bWgEf66qV1x8=,yDBI3OzoJTfTXhwk810K7dc/UDs=
-26,3,1V4UtviEAU2/VG0bWgEf66qV1x8=,Gf0OsVH9L1Tek7P9kgZM9BUTdf0=
-26,4,1V4UtviEAU2/VG0bWgEf66qV1x8=,1jKs5T/l3y9a/8ydSHBxIG1HXH8=
-27,3,1V4UtviEAU2/VG0bWgEf66qV1x8=,kiHFXUts9Fji1W0PH2N3cwPwI3M=
-24,3,1V4UtviEAU2/VG0bWgEf66qV1x8=,V9Bs3BYExy79Yn64awH2twflWyk=
-24,4,1V4UtviEAU2/VG0bWgEf66qV1x8=,9iPVGvor+msRwtN/eWvZtrLajHs=
-25,3,1V4UtviEAU2/VG0bWgEf66qV1x8=,Gf0OsVH9L1Tek7P9kgZM9BUTdf0=
-24,5,1V4UtviEAU2/VG0bWgEf66qV1x8=,9iPVGvor+msRwtN/eWvZtrLajHs=
-24,6,1V4UtviEAU2/VG0bWgEf66qV1x8=,4v/eAZcKwg785SK0snnbbhhQ8BU=
-25,5,1V4UtviEAU2/VG0bWgEf66qV1x8=,1jKs5T/l3y9a/8ydSHBxIG1HXH8=
-25,6,1V4UtviEAU2/VG0bWgEf66qV1x8=,G1LcH13kdC7ewrjlidFQO8CR3eM=
-25,4,1V4UtviEAU2/VG0bWgEf66qV1x8=,1jKs5T/l3y9a/8ydSHBxIG1HXH8=
-22,5,ivEPYG84tYSkMzsH9s78Ct+IXUc=,f58udU2OCMbLtF6Fu2mUKbudISk=
-22,4,ivEPYG84tYSkMzsH9s78Ct+IXUc=,f58udU2OCMbLtF6Fu2mUKbudISk=
-23,3,ivEPYG84tYSkMzsH9s78Ct+IXUc=,V9Bs3BYExy79Yn64awH2twflWyk=
-23,4,ivEPYG84tYSkMzsH9s78Ct+IXUc=,9iPVGvor+msRwtN/eWvZtrLajHs=
-22,6,ivEPYG84tYSkMzsH9s78Ct+IXUc=,z/L8sva1bd/5HcECCh2brpmui0M=
-23,5,ivEPYG84tYSkMzsH9s78Ct+IXUc=,9iPVGvor+msRwtN/eWvZtrLajHs=
-23,6,ivEPYG84tYSkMzsH9s78Ct+IXUc=,4v/eAZcKwg785SK0snnbbhhQ8BU=
-22,3,ivEPYG84tYSkMzsH9s78Ct+IXUc=,Ka1tg5vRmHZto3RtMeLsXlzN9OM=
-20,6,ivEPYG84tYSkMzsH9s78Ct+IXUc=,sqvUheQPanFS9qNa7WuoCJjIfnk=
-20,4,ivEPYG84tYSkMzsH9s78Ct+IXUc=,sqvUheQPanFS9qNa7WuoCJjIfnk=
-20,5,ivEPYG84tYSkMzsH9s78Ct+IXUc=,sqvUheQPanFS9qNa7WuoCJjIfnk=
-20,3,ivEPYG84tYSkMzsH9s78Ct+IXUc=,sqvUheQPanFS9qNa7WuoCJjIfnk=
-21,5,ivEPYG84tYSkMzsH9s78Ct+IXUc=,f58udU2OCMbLtF6Fu2mUKbudISk=
-21,4,ivEPYG84tYSkMzsH9s78Ct+IXUc=,f58udU2OCMbLtF6Fu2mUKbudISk=
-21,6,ivEPYG84tYSkMzsH9s78Ct+IXUc=,z/L8sva1bd/5HcECCh2brpmui0M=
-21,3,ivEPYG84tYSkMzsH9s78Ct+IXUc=,Ka1tg5vRmHZto3RtMeLsXlzN9OM=
-20,2,9vrqdMc+yZocfDCJQWl32XaZTQA=,sqvUheQPanFS9qNa7WuoCJjIfnk=
-21,2,9vrqdMc+yZocfDCJQWl32XaZTQA=,Ka1tg5vRmHZto3RtMeLsXlzN9OM=
-21,1,9vrqdMc+yZocfDCJQWl32XaZTQA=,vP0H18w11DcR72pd1dXTEtCpFMY=
-20,1,9vrqdMc+yZocfDCJQWl32XaZTQA=,5w6FfQDwhh0h9u9XF1Cu1G4Og7c=
-19,4,0Rwn+Kjwt0/77ZU4JO+nHkSdEJo=,sqvUheQPanFS9qNa7WuoCJjIfnk=
-19,3,0Rwn+Kjwt0/77ZU4JO+nHkSdEJo=,sqvUheQPanFS9qNa7WuoCJjIfnk=
-18,4,0Rwn+Kjwt0/77ZU4JO+nHkSdEJo=,sqvUheQPanFS9qNa7WuoCJjIfnk=
-18,3,0Rwn+Kjwt0/77ZU4JO+nHkSdEJo=,sqvUheQPanFS9qNa7WuoCJjIfnk=
-19,2,0Rwn+Kjwt0/77ZU4JO+nHkSdEJo=,sqvUheQPanFS9qNa7WuoCJjIfnk=
-18,1,0Rwn+Kjwt0/77ZU4JO+nHkSdEJo=,5w6FfQDwhh0h9u9XF1Cu1G4Og7c=
-19,1,0Rwn+Kjwt0/77ZU4JO+nHkSdEJo=,5w6FfQDwhh0h9u9XF1Cu1G4Og7c=
-18,2,0Rwn+Kjwt0/77ZU4JO+nHkSdEJo=,sqvUheQPanFS9qNa7WuoCJjIfnk=
-19,6,iGtXoN1Rz2lTWQsEymw0eI2iZnE=,sqvUheQPanFS9qNa7WuoCJjIfnk=
-18,6,iGtXoN1Rz2lTWQsEymw0eI2iZnE=,sqvUheQPanFS9qNa7WuoCJjIfnk=
-19,5,iGtXoN1Rz2lTWQsEymw0eI2iZnE=,sqvUheQPanFS9qNa7WuoCJjIfnk=
-18,5,iGtXoN1Rz2lTWQsEymw0eI2iZnE=,sqvUheQPanFS9qNa7WuoCJjIfnk=
-19,8,iGtXoN1Rz2lTWQsEymw0eI2iZnE=,sqvUheQPanFS9qNa7WuoCJjIfnk=
-18,7,iGtXoN1Rz2lTWQsEymw0eI2iZnE=,sqvUheQPanFS9qNa7WuoCJjIfnk=
-19,7,iGtXoN1Rz2lTWQsEymw0eI2iZnE=,sqvUheQPanFS9qNa7WuoCJjIfnk=
-18,8,iGtXoN1Rz2lTWQsEymw0eI2iZnE=,BYpRwlYYaipwhCyuU3ddtvtQUBg=
-20,15,iGtXoN1Rz2lTWQsEymw0eI2iZnE=,BYpRwlYYaipwhCyuU3ddtvtQUBg=
-21,15,iGtXoN1Rz2lTWQsEymw0eI2iZnE=,+vuU8JppIldDEPEtQF8/ZZCHZy8=
-23,15,iGtXoN1Rz2lTWQsEymw0eI2iZnE=,r5Mb8OCYMe580+jURu5bHRH7efM=
-22,15,iGtXoN1Rz2lTWQsEymw0eI2iZnE=,+vuU8JppIldDEPEtQF8/ZZCHZy8=
-19,10,iGtXoN1Rz2lTWQsEymw0eI2iZnE=,BYpRwlYYaipwhCyuU3ddtvtQUBg=
-18,10,iGtXoN1Rz2lTWQsEymw0eI2iZnE=,BYpRwlYYaipwhCyuU3ddtvtQUBg=
-19,9,iGtXoN1Rz2lTWQsEymw0eI2iZnE=,sqvUheQPanFS9qNa7WuoCJjIfnk=
-18,9,iGtXoN1Rz2lTWQsEymw0eI2iZnE=,BYpRwlYYaipwhCyuU3ddtvtQUBg=
-19,12,iGtXoN1Rz2lTWQsEymw0eI2iZnE=,BYpRwlYYaipwhCyuU3ddtvtQUBg=
-18,12,iGtXoN1Rz2lTWQsEymw0eI2iZnE=,BYpRwlYYaipwhCyuU3ddtvtQUBg=
-24,15,iGtXoN1Rz2lTWQsEymw0eI2iZnE=,r5Mb8OCYMe580+jURu5bHRH7efM=
-17,12,iGtXoN1Rz2lTWQsEymw0eI2iZnE=,BYpRwlYYaipwhCyuU3ddtvtQUBg=
-19,11,iGtXoN1Rz2lTWQsEymw0eI2iZnE=,BYpRwlYYaipwhCyuU3ddtvtQUBg=
-25,15,iGtXoN1Rz2lTWQsEymw0eI2iZnE=,rkZMRv7Pi842LY3pqgyui0Qcn9k=
-18,11,iGtXoN1Rz2lTWQsEymw0eI2iZnE=,BYpRwlYYaipwhCyuU3ddtvtQUBg=
-17,11,iGtXoN1Rz2lTWQsEymw0eI2iZnE=,BYpRwlYYaipwhCyuU3ddtvtQUBg=
-26,15,iGtXoN1Rz2lTWQsEymw0eI2iZnE=,rkZMRv7Pi842LY3pqgyui0Qcn9k=
-30,14,iGtXoN1Rz2lTWQsEymw0eI2iZnE=,Z7p9/hzQzYRp8BZ69Qnb8ZMGz2E=
-29,14,iGtXoN1Rz2lTWQsEymw0eI2iZnE=,Z7p9/hzQzYRp8BZ69Qnb8ZMGz2E=
-27,15,iGtXoN1Rz2lTWQsEymw0eI2iZnE=,TVvouAnViPwtucJCiViQ2xJcT/M=
-28,14,iGtXoN1Rz2lTWQsEymw0eI2iZnE=,TVvouAnViPwtucJCiViQ2xJcT/M=
-30,13,iGtXoN1Rz2lTWQsEymw0eI2iZnE=,tkJm6Dfj0iX5osSvAUvXX0AwkmA=
-29,13,iGtXoN1Rz2lTWQsEymw0eI2iZnE=,tkJm6Dfj0iX5osSvAUvXX0AwkmA=
-29,15,iGtXoN1Rz2lTWQsEymw0eI2iZnE=,Z7p9/hzQzYRp8BZ69Qnb8ZMGz2E=
-30,11,iGtXoN1Rz2lTWQsEymw0eI2iZnE=,FcBGrzlPphf7cwpZw+/ZWS6ctxo=
-28,13,iGtXoN1Rz2lTWQsEymw0eI2iZnE=,GRMfjnGF1z4HVJICLGvnk9xRoa0=
-30,12,iGtXoN1Rz2lTWQsEymw0eI2iZnE=,tkJm6Dfj0iX5osSvAUvXX0AwkmA=
-28,15,iGtXoN1Rz2lTWQsEymw0eI2iZnE=,TVvouAnViPwtucJCiViQ2xJcT/M=
-29,10,iGtXoN1Rz2lTWQsEymw0eI2iZnE=,FcBGrzlPphf7cwpZw+/ZWS6ctxo=
-29,7,iGtXoN1Rz2lTWQsEymw0eI2iZnE=,2x25nrhrDv4c7ag52l51Yof7neM=
-29,8,iGtXoN1Rz2lTWQsEymw0eI2iZnE=,r748tTe1o0MZThMLiiBrZb9bmQA=
-28,10,iGtXoN1Rz2lTWQsEymw0eI2iZnE=,A06KdzKxdU4BAcdk8eo49XFSl4M=
-29,9,iGtXoN1Rz2lTWQsEymw0eI2iZnE=,r748tTe1o0MZThMLiiBrZb9bmQA=
-29,6,iGtXoN1Rz2lTWQsEymw0eI2iZnE=,2x25nrhrDv4c7ag52l51Yof7neM=
-29,5,iGtXoN1Rz2lTWQsEymw0eI2iZnE=,00RmRIXCyWuJwB9XlwBMTgvwFGs=
-28,9,iGtXoN1Rz2lTWQsEymw0eI2iZnE=,Sbuy3R2VEUzbJ/SbJrfEXIlBbKE=
-28,8,iGtXoN1Rz2lTWQsEymw0eI2iZnE=,Sbuy3R2VEUzbJ/SbJrfEXIlBbKE=
-28,6,iGtXoN1Rz2lTWQsEymw0eI2iZnE=,izQpVadNi0me8o9Yfr3hUWqM2+o=
-28,7,iGtXoN1Rz2lTWQsEymw0eI2iZnE=,izQpVadNi0me8o9Yfr3hUWqM2+o=
-29,4,iGtXoN1Rz2lTWQsEymw0eI2iZnE=,00RmRIXCyWuJwB9XlwBMTgvwFGs=
-28,4,iGtXoN1Rz2lTWQsEymw0eI2iZnE=,yDBI3OzoJTfTXhwk810K7dc/UDs=
-29,3,iGtXoN1Rz2lTWQsEymw0eI2iZnE=,BritZQnDrRCBCjyWp4tUwc6Z1vM=
-28,5,iGtXoN1Rz2lTWQsEymw0eI2iZnE=,yDBI3OzoJTfTXhwk810K7dc/UDs=
-28,3,iGtXoN1Rz2lTWQsEymw0eI2iZnE=,kiHFXUts9Fji1W0PH2N3cwPwI3M=
-19,13,jlLGSNKoOU7uZSLlAggltC+3wrA=,BYpRwlYYaipwhCyuU3ddtvtQUBg=
-17,13,jlLGSNKoOU7uZSLlAggltC+3wrA=,BYpRwlYYaipwhCyuU3ddtvtQUBg=
-19,15,jlLGSNKoOU7uZSLlAggltC+3wrA=,BYpRwlYYaipwhCyuU3ddtvtQUBg=
-19,14,jlLGSNKoOU7uZSLlAggltC+3wrA=,BYpRwlYYaipwhCyuU3ddtvtQUBg=
-18,14,jlLGSNKoOU7uZSLlAggltC+3wrA=,S5cUu/AJuWIKUpsucQWZkLDWJ/I=
-18,13,jlLGSNKoOU7uZSLlAggltC+3wrA=,BYpRwlYYaipwhCyuU3ddtvtQUBg=
-18,15,jlLGSNKoOU7uZSLlAggltC+3wrA=,S5cUu/AJuWIKUpsucQWZkLDWJ/I=
-17,14,jlLGSNKoOU7uZSLlAggltC+3wrA=,S5cUu/AJuWIKUpsucQWZkLDWJ/I=
-20,0,jlLGSNKoOU7uZSLlAggltC+3wrA=,5w6FfQDwhh0h9u9XF1Cu1G4Og7c=
-21,0,jlLGSNKoOU7uZSLlAggltC+3wrA=,vP0H18w11DcR72pd1dXTEtCpFMY=
-30,15,jlLGSNKoOU7uZSLlAggltC+3wrA=,Z7p9/hzQzYRp8BZ69Qnb8ZMGz2E=
-30,10,jlLGSNKoOU7uZSLlAggltC+3wrA=,FcBGrzlPphf7cwpZw+/ZWS6ctxo=
-30,9,jlLGSNKoOU7uZSLlAggltC+3wrA=,r748tTe1o0MZThMLiiBrZb9bmQA=
-30,4,jlLGSNKoOU7uZSLlAggltC+3wrA=,00RmRIXCyWuJwB9XlwBMTgvwFGs=
-30,3,jlLGSNKoOU7uZSLlAggltC+3wrA=,BritZQnDrRCBCjyWp4tUwc6Z1vM=
-29,0,jlLGSNKoOU7uZSLlAggltC+3wrA=,DSSki6FKvY6ehCaOm0VXddYS35I=
-29,2,jlLGSNKoOU7uZSLlAggltC+3wrA=,BritZQnDrRCBCjyWp4tUwc6Z1vM=
-28,0,jlLGSNKoOU7uZSLlAggltC+3wrA=,QzU4O3GhZQV5nRSS01aAABiTF1E=
-29,1,jlLGSNKoOU7uZSLlAggltC+3wrA=,DSSki6FKvY6ehCaOm0VXddYS35I=
-28,2,jlLGSNKoOU7uZSLlAggltC+3wrA=,kiHFXUts9Fji1W0PH2N3cwPwI3M=
-28,1,jlLGSNKoOU7uZSLlAggltC+3wrA=,QzU4O3GhZQV5nRSS01aAABiTF1E=
-27,0,jlLGSNKoOU7uZSLlAggltC+3wrA=,QzU4O3GhZQV5nRSS01aAABiTF1E=
-17,2,jlLGSNKoOU7uZSLlAggltC+3wrA=,sqvUheQPanFS9qNa7WuoCJjIfnk=
-27,1,jlLGSNKoOU7uZSLlAggltC+3wrA=,QzU4O3GhZQV5nRSS01aAABiTF1E=
-26,1,jlLGSNKoOU7uZSLlAggltC+3wrA=,oIBU14Eq+mQEtRnnEe6SoDmUXis=
-27,2,jlLGSNKoOU7uZSLlAggltC+3wrA=,kiHFXUts9Fji1W0PH2N3cwPwI3M=
-30,6,jlLGSNKoOU7uZSLlAggltC+3wrA=,2x25nrhrDv4c7ag52l51Yof7neM=
-30,5,jlLGSNKoOU7uZSLlAggltC+3wrA=,00RmRIXCyWuJwB9XlwBMTgvwFGs=
-30,7,jlLGSNKoOU7uZSLlAggltC+3wrA=,2x25nrhrDv4c7ag52l51Yof7neM=
-30,8,jlLGSNKoOU7uZSLlAggltC+3wrA=,r748tTe1o0MZThMLiiBrZb9bmQA=
-30,2,jlLGSNKoOU7uZSLlAggltC+3wrA=,BritZQnDrRCBCjyWp4tUwc6Z1vM=
-30,1,jlLGSNKoOU7uZSLlAggltC+3wrA=,DSSki6FKvY6ehCaOm0VXddYS35I=
-30,0,jlLGSNKoOU7uZSLlAggltC+3wrA=,DSSki6FKvY6ehCaOm0VXddYS35I=
-26,2,jlLGSNKoOU7uZSLlAggltC+3wrA=,Gf0OsVH9L1Tek7P9kgZM9BUTdf0=
-17,6,jlLGSNKoOU7uZSLlAggltC+3wrA=,sqvUheQPanFS9qNa7WuoCJjIfnk=
-17,3,jlLGSNKoOU7uZSLlAggltC+3wrA=,sqvUheQPanFS9qNa7WuoCJjIfnk=
-17,1,jlLGSNKoOU7uZSLlAggltC+3wrA=,5w6FfQDwhh0h9u9XF1Cu1G4Og7c=
-17,4,jlLGSNKoOU7uZSLlAggltC+3wrA=,sqvUheQPanFS9qNa7WuoCJjIfnk=
-17,5,jlLGSNKoOU7uZSLlAggltC+3wrA=,sqvUheQPanFS9qNa7WuoCJjIfnk=
-26,0,jlLGSNKoOU7uZSLlAggltC+3wrA=,oIBU14Eq+mQEtRnnEe6SoDmUXis=
-17,7,jlLGSNKoOU7uZSLlAggltC+3wrA=,sqvUheQPanFS9qNa7WuoCJjIfnk=
-17,9,jlLGSNKoOU7uZSLlAggltC+3wrA=,BYpRwlYYaipwhCyuU3ddtvtQUBg=
-17,15,jlLGSNKoOU7uZSLlAggltC+3wrA=,S5cUu/AJuWIKUpsucQWZkLDWJ/I=
-17,8,jlLGSNKoOU7uZSLlAggltC+3wrA=,BYpRwlYYaipwhCyuU3ddtvtQUBg=
-17,10,jlLGSNKoOU7uZSLlAggltC+3wrA=,BYpRwlYYaipwhCyuU3ddtvtQUBg=
-18,0,jlLGSNKoOU7uZSLlAggltC+3wrA=,5w6FfQDwhh0h9u9XF1Cu1G4Og7c=
-17,0,jlLGSNKoOU7uZSLlAggltC+3wrA=,5w6FfQDwhh0h9u9XF1Cu1G4Og7c=
-19,0,jlLGSNKoOU7uZSLlAggltC+3wrA=,5w6FfQDwhh0h9u9XF1Cu1G4Og7c=
-22,2,jlLGSNKoOU7uZSLlAggltC+3wrA=,Ka1tg5vRmHZto3RtMeLsXlzN9OM=
-23,2,jlLGSNKoOU7uZSLlAggltC+3wrA=,V9Bs3BYExy79Yn64awH2twflWyk=
-23,1,jlLGSNKoOU7uZSLlAggltC+3wrA=,PEmbEt1L+z6pv/Fy6g76uviXt2Q=
-25,1,jlLGSNKoOU7uZSLlAggltC+3wrA=,oIBU14Eq+mQEtRnnEe6SoDmUXis=
-24,1,jlLGSNKoOU7uZSLlAggltC+3wrA=,PEmbEt1L+z6pv/Fy6g76uviXt2Q=
-25,0,jlLGSNKoOU7uZSLlAggltC+3wrA=,oIBU14Eq+mQEtRnnEe6SoDmUXis=
-24,2,jlLGSNKoOU7uZSLlAggltC+3wrA=,V9Bs3BYExy79Yn64awH2twflWyk=
-24,0,jlLGSNKoOU7uZSLlAggltC+3wrA=,PEmbEt1L+z6pv/Fy6g76uviXt2Q=
-22,1,jlLGSNKoOU7uZSLlAggltC+3wrA=,vP0H18w11DcR72pd1dXTEtCpFMY=
-25,2,jlLGSNKoOU7uZSLlAggltC+3wrA=,Gf0OsVH9L1Tek7P9kgZM9BUTdf0=
-22,0,jlLGSNKoOU7uZSLlAggltC+3wrA=,vP0H18w11DcR72pd1dXTEtCpFMY=
-23,0,jlLGSNKoOU7uZSLlAggltC+3wrA=,PEmbEt1L+z6pv/Fy6g76uviXt2Q=
-24,26,U4sZrViJM0LCShVc4uMQqQiX66g=,T/DrwREiO3wfB47SSYLJ04nV1ek=
-25,25,U4sZrViJM0LCShVc4uMQqQiX66g=,LNZZC+ZHPswaLxFssYs4pcxG+pM=
-25,26,U4sZrViJM0LCShVc4uMQqQiX66g=,aWQSWgA03kYk+MQ8WmBkQ/+YtlA=
-24,25,U4sZrViJM0LCShVc4uMQqQiX66g=,A75PQi5Wi3dxmzMmRNx4lhVW6Rg=
-25,23,+XqeIsTTUqHmqEMbPWKJFoKFK18=,xaIgUfQfu9Peeki3iMSFhzre/ho=
-25,24,+XqeIsTTUqHmqEMbPWKJFoKFK18=,LNZZC+ZHPswaLxFssYs4pcxG+pM=
-24,23,+XqeIsTTUqHmqEMbPWKJFoKFK18=,A75PQi5Wi3dxmzMmRNx4lhVW6Rg=
-24,24,+XqeIsTTUqHmqEMbPWKJFoKFK18=,A75PQi5Wi3dxmzMmRNx4lhVW6Rg=
-24,22,v+eq6MY+/CcbGcHEgdgSiMkKZQQ=,A75PQi5Wi3dxmzMmRNx4lhVW6Rg=
-25,22,v+eq6MY+/CcbGcHEgdgSiMkKZQQ=,xaIgUfQfu9Peeki3iMSFhzre/ho=
-24,21,v+eq6MY+/CcbGcHEgdgSiMkKZQQ=,IUylKq3LXyvHWDhITxPLGgvPp1A=
-25,21,v+eq6MY+/CcbGcHEgdgSiMkKZQQ=,qxTTMTPNTKs6KpCPnpIa+K/BSQY=
-26,28,v+eq6MY+/CcbGcHEgdgSiMkKZQQ=,vbUv6dZq/qw/U/kqSOEikNjISM0=
-27,28,v+eq6MY+/CcbGcHEgdgSiMkKZQQ=,RXOpN3rOOFZof0iB8F9mXGY85wQ=
-27,27,v+eq6MY+/CcbGcHEgdgSiMkKZQQ=,Zp2v0ck1DZTcksQduUXQ4atKnf0=
-26,27,v+eq6MY+/CcbGcHEgdgSiMkKZQQ=,aWQSWgA03kYk+MQ8WmBkQ/+YtlA=
-29,21,PVHK1hSIxPmnc659PeQrnuqq50Q=,D1Cyywk5fA5gcMlUnnkUzCIf1V8=
-28,22,PVHK1hSIxPmnc659PeQrnuqq50Q=,hZeJ8Jy97vJGCKt3Ip8mND384yk=
-29,22,PVHK1hSIxPmnc659PeQrnuqq50Q=,5uRHxwIjylVDT3fI0FNHDKvJ1WI=
-26,21,PVHK1hSIxPmnc659PeQrnuqq50Q=,qxTTMTPNTKs6KpCPnpIa+K/BSQY=
-27,22,PVHK1hSIxPmnc659PeQrnuqq50Q=,hZeJ8Jy97vJGCKt3Ip8mND384yk=
-28,21,PVHK1hSIxPmnc659PeQrnuqq50Q=,YjJjSJaFlLGn4WicoaxWHMoLeaQ=
-27,21,PVHK1hSIxPmnc659PeQrnuqq50Q=,YjJjSJaFlLGn4WicoaxWHMoLeaQ=
-26,22,PVHK1hSIxPmnc659PeQrnuqq50Q=,xaIgUfQfu9Peeki3iMSFhzre/ho=
-29,23,PVHK1hSIxPmnc659PeQrnuqq50Q=,5uRHxwIjylVDT3fI0FNHDKvJ1WI=
-26,24,PVHK1hSIxPmnc659PeQrnuqq50Q=,LNZZC+ZHPswaLxFssYs4pcxG+pM=
-29,24,PVHK1hSIxPmnc659PeQrnuqq50Q=,VXlio2gXh3j1WlcZa2itBOiF4r8=
-26,23,PVHK1hSIxPmnc659PeQrnuqq50Q=,xaIgUfQfu9Peeki3iMSFhzre/ho=
-27,23,PVHK1hSIxPmnc659PeQrnuqq50Q=,hZeJ8Jy97vJGCKt3Ip8mND384yk=
-28,24,PVHK1hSIxPmnc659PeQrnuqq50Q=,p+hnAq9NzrCh9weswGD2KDI6jJ8=
-27,24,PVHK1hSIxPmnc659PeQrnuqq50Q=,p+hnAq9NzrCh9weswGD2KDI6jJ8=
-27,26,PVHK1hSIxPmnc659PeQrnuqq50Q=,Zp2v0ck1DZTcksQduUXQ4atKnf0=
-26,25,PVHK1hSIxPmnc659PeQrnuqq50Q=,LNZZC+ZHPswaLxFssYs4pcxG+pM=
-26,26,PVHK1hSIxPmnc659PeQrnuqq50Q=,aWQSWgA03kYk+MQ8WmBkQ/+YtlA=
-28,23,PVHK1hSIxPmnc659PeQrnuqq50Q=,hZeJ8Jy97vJGCKt3Ip8mND384yk=
-27,25,PVHK1hSIxPmnc659PeQrnuqq50Q=,p+hnAq9NzrCh9weswGD2KDI6jJ8=
-29,20,chOsfOALoCmDS58aQXn+e2PLXXM=,D1Cyywk5fA5gcMlUnnkUzCIf1V8=
-28,20,chOsfOALoCmDS58aQXn+e2PLXXM=,YjJjSJaFlLGn4WicoaxWHMoLeaQ=
-29,19,chOsfOALoCmDS58aQXn+e2PLXXM=,TCj2RCy4fl+w4LfPGsHdMsTtO1s=
-28,19,chOsfOALoCmDS58aQXn+e2PLXXM=,PVtiQLf0V8vTmSV21ZnIFvz2900=
-26,20,chOsfOALoCmDS58aQXn+e2PLXXM=,qxTTMTPNTKs6KpCPnpIa+K/BSQY=
-27,20,chOsfOALoCmDS58aQXn+e2PLXXM=,YjJjSJaFlLGn4WicoaxWHMoLeaQ=
-27,19,chOsfOALoCmDS58aQXn+e2PLXXM=,PVtiQLf0V8vTmSV21ZnIFvz2900=
-26,19,chOsfOALoCmDS58aQXn+e2PLXXM=,bqkVL5aEYhqI9v02c4si4m9oVac=
-24,19,chOsfOALoCmDS58aQXn+e2PLXXM=,kFuUSjSA49R9xcasGoRcyMPirQU=
-25,20,chOsfOALoCmDS58aQXn+e2PLXXM=,qxTTMTPNTKs6KpCPnpIa+K/BSQY=
-25,19,chOsfOALoCmDS58aQXn+e2PLXXM=,bqkVL5aEYhqI9v02c4si4m9oVac=
-24,20,chOsfOALoCmDS58aQXn+e2PLXXM=,IUylKq3LXyvHWDhITxPLGgvPp1A=
-22,19,sbtIPebZRNZeqj61EDocE9GTzYQ=,5jVqcRuzt+0Y6SnQAW3xEhjR32Q=
-20,20,sbtIPebZRNZeqj61EDocE9GTzYQ=,S5cUu/AJuWIKUpsucQWZkLDWJ/I=
-20,19,sbtIPebZRNZeqj61EDocE9GTzYQ=,S5cUu/AJuWIKUpsucQWZkLDWJ/I=
-21,19,sbtIPebZRNZeqj61EDocE9GTzYQ=,5jVqcRuzt+0Y6SnQAW3xEhjR32Q=
-23,19,sbtIPebZRNZeqj61EDocE9GTzYQ=,kFuUSjSA49R9xcasGoRcyMPirQU=
-21,20,sbtIPebZRNZeqj61EDocE9GTzYQ=,1asvzCqnEwBjs5bez2xhG3Htfto=
-22,20,sbtIPebZRNZeqj61EDocE9GTzYQ=,1asvzCqnEwBjs5bez2xhG3Htfto=
-23,20,sbtIPebZRNZeqj61EDocE9GTzYQ=,IUylKq3LXyvHWDhITxPLGgvPp1A=
-19,20,sbtIPebZRNZeqj61EDocE9GTzYQ=,S5cUu/AJuWIKUpsucQWZkLDWJ/I=
-18,19,sbtIPebZRNZeqj61EDocE9GTzYQ=,pon2w3zW/YuUUQwo5lx7GJqaVcM=
-18,20,sbtIPebZRNZeqj61EDocE9GTzYQ=,pon2w3zW/YuUUQwo5lx7GJqaVcM=
-19,19,sbtIPebZRNZeqj61EDocE9GTzYQ=,S5cUu/AJuWIKUpsucQWZkLDWJ/I=
-20,21,XdpCoWn7Vu99a6Qv2TpmQgLCQiI=,S5cUu/AJuWIKUpsucQWZkLDWJ/I=
-20,22,XdpCoWn7Vu99a6Qv2TpmQgLCQiI=,hzj759iba2IQK38xeH6yRRqVy/k=
-22,22,XdpCoWn7Vu99a6Qv2TpmQgLCQiI=,p/Gh/HbUE2WeWQPVwZ/pAQiRMCc=
-21,21,XdpCoWn7Vu99a6Qv2TpmQgLCQiI=,1asvzCqnEwBjs5bez2xhG3Htfto=
-21,22,XdpCoWn7Vu99a6Qv2TpmQgLCQiI=,p/Gh/HbUE2WeWQPVwZ/pAQiRMCc=
-23,21,XdpCoWn7Vu99a6Qv2TpmQgLCQiI=,IUylKq3LXyvHWDhITxPLGgvPp1A=
-23,22,XdpCoWn7Vu99a6Qv2TpmQgLCQiI=,A75PQi5Wi3dxmzMmRNx4lhVW6Rg=
-22,21,XdpCoWn7Vu99a6Qv2TpmQgLCQiI=,1asvzCqnEwBjs5bez2xhG3Htfto=
-18,22,XdpCoWn7Vu99a6Qv2TpmQgLCQiI=,+G+p1UNEzZbaFNDm2TeTAaZyxuw=
-19,21,XdpCoWn7Vu99a6Qv2TpmQgLCQiI=,S5cUu/AJuWIKUpsucQWZkLDWJ/I=
-19,22,XdpCoWn7Vu99a6Qv2TpmQgLCQiI=,hzj759iba2IQK38xeH6yRRqVy/k=
-18,21,XdpCoWn7Vu99a6Qv2TpmQgLCQiI=,pon2w3zW/YuUUQwo5lx7GJqaVcM=
-22,24,L4vLR6po0SiPsGlvJj85AIpkM48=,zwgIT+K0Nf1R/7FaEDmdSxNBZ6s=
-22,23,L4vLR6po0SiPsGlvJj85AIpkM48=,p/Gh/HbUE2WeWQPVwZ/pAQiRMCc=
-23,24,L4vLR6po0SiPsGlvJj85AIpkM48=,A75PQi5Wi3dxmzMmRNx4lhVW6Rg=
-23,23,L4vLR6po0SiPsGlvJj85AIpkM48=,A75PQi5Wi3dxmzMmRNx4lhVW6Rg=
-21,23,L4vLR6po0SiPsGlvJj85AIpkM48=,p/Gh/HbUE2WeWQPVwZ/pAQiRMCc=
-18,23,L4vLR6po0SiPsGlvJj85AIpkM48=,+G+p1UNEzZbaFNDm2TeTAaZyxuw=
-21,24,L4vLR6po0SiPsGlvJj85AIpkM48=,zwgIT+K0Nf1R/7FaEDmdSxNBZ6s=
-18,24,L4vLR6po0SiPsGlvJj85AIpkM48=,nJuNA6VGK98V6X3Fqa5LikVCExA=
-20,24,L4vLR6po0SiPsGlvJj85AIpkM48=,FxI92vmLCWar6NkL+hv1+Bmhdqc=
-23,26,L4vLR6po0SiPsGlvJj85AIpkM48=,T/DrwREiO3wfB47SSYLJ04nV1ek=
-22,26,L4vLR6po0SiPsGlvJj85AIpkM48=,K/I87gjByAFWj3S1M4KHsWkxA14=
-19,24,L4vLR6po0SiPsGlvJj85AIpkM48=,FxI92vmLCWar6NkL+hv1+Bmhdqc=
-23,25,L4vLR6po0SiPsGlvJj85AIpkM48=,A75PQi5Wi3dxmzMmRNx4lhVW6Rg=
-20,23,L4vLR6po0SiPsGlvJj85AIpkM48=,hzj759iba2IQK38xeH6yRRqVy/k=
-22,25,L4vLR6po0SiPsGlvJj85AIpkM48=,zwgIT+K0Nf1R/7FaEDmdSxNBZ6s=
-19,23,L4vLR6po0SiPsGlvJj85AIpkM48=,hzj759iba2IQK38xeH6yRRqVy/k=
-17,23,L4vLR6po0SiPsGlvJj85AIpkM48=,+G+p1UNEzZbaFNDm2TeTAaZyxuw=
-17,24,L4vLR6po0SiPsGlvJj85AIpkM48=,nJuNA6VGK98V6X3Fqa5LikVCExA=
-17,22,L4vLR6po0SiPsGlvJj85AIpkM48=,+G+p1UNEzZbaFNDm2TeTAaZyxuw=
-17,21,L4vLR6po0SiPsGlvJj85AIpkM48=,pon2w3zW/YuUUQwo5lx7GJqaVcM=
-17,19,L4vLR6po0SiPsGlvJj85AIpkM48=,pon2w3zW/YuUUQwo5lx7GJqaVcM=
-17,20,L4vLR6po0SiPsGlvJj85AIpkM48=,pon2w3zW/YuUUQwo5lx7GJqaVcM=
-21,28,uYBbgb/kdfyE/jbZ4u9fAFAGoK0=,tJc5PhCdED9ryXwFWVvDEXHOD7U=
-21,27,uYBbgb/kdfyE/jbZ4u9fAFAGoK0=,K/I87gjByAFWj3S1M4KHsWkxA14=
-20,27,uYBbgb/kdfyE/jbZ4u9fAFAGoK0=,Ur0/91jPRiZn2M07hW2r9d4rC4k=
-20,28,uYBbgb/kdfyE/jbZ4u9fAFAGoK0=,nRhVeTxoy2ybkeNcLE/GRKij1lw=
-20,26,uYBbgb/kdfyE/jbZ4u9fAFAGoK0=,Ur0/91jPRiZn2M07hW2r9d4rC4k=
-21,26,uYBbgb/kdfyE/jbZ4u9fAFAGoK0=,K/I87gjByAFWj3S1M4KHsWkxA14=
-20,25,uYBbgb/kdfyE/jbZ4u9fAFAGoK0=,FxI92vmLCWar6NkL+hv1+Bmhdqc=
-21,25,uYBbgb/kdfyE/jbZ4u9fAFAGoK0=,zwgIT+K0Nf1R/7FaEDmdSxNBZ6s=
-18,28,uYBbgb/kdfyE/jbZ4u9fAFAGoK0=,hMvCIzCkt3onoDVBdcElvtW2jAU=
-19,28,uYBbgb/kdfyE/jbZ4u9fAFAGoK0=,nRhVeTxoy2ybkeNcLE/GRKij1lw=
-19,27,uYBbgb/kdfyE/jbZ4u9fAFAGoK0=,Ur0/91jPRiZn2M07hW2r9d4rC4k=
-17,25,uYBbgb/kdfyE/jbZ4u9fAFAGoK0=,nJuNA6VGK98V6X3Fqa5LikVCExA=
-17,28,uYBbgb/kdfyE/jbZ4u9fAFAGoK0=,hMvCIzCkt3onoDVBdcElvtW2jAU=
-18,26,uYBbgb/kdfyE/jbZ4u9fAFAGoK0=,dt3RTFIJ3neYqnG812YpmOEt3FA=
-17,26,uYBbgb/kdfyE/jbZ4u9fAFAGoK0=,dt3RTFIJ3neYqnG812YpmOEt3FA=
-19,26,uYBbgb/kdfyE/jbZ4u9fAFAGoK0=,Ur0/91jPRiZn2M07hW2r9d4rC4k=
-17,27,uYBbgb/kdfyE/jbZ4u9fAFAGoK0=,dt3RTFIJ3neYqnG812YpmOEt3FA=
-18,27,uYBbgb/kdfyE/jbZ4u9fAFAGoK0=,dt3RTFIJ3neYqnG812YpmOEt3FA=
-19,25,uYBbgb/kdfyE/jbZ4u9fAFAGoK0=,FxI92vmLCWar6NkL+hv1+Bmhdqc=
-18,25,uYBbgb/kdfyE/jbZ4u9fAFAGoK0=,nJuNA6VGK98V6X3Fqa5LikVCExA=
-19,17,uYBbgb/kdfyE/jbZ4u9fAFAGoK0=,S5cUu/AJuWIKUpsucQWZkLDWJ/I=
-18,18,uYBbgb/kdfyE/jbZ4u9fAFAGoK0=,pon2w3zW/YuUUQwo5lx7GJqaVcM=
-18,17,uYBbgb/kdfyE/jbZ4u9fAFAGoK0=,S5cUu/AJuWIKUpsucQWZkLDWJ/I=
-19,18,uYBbgb/kdfyE/jbZ4u9fAFAGoK0=,S5cUu/AJuWIKUpsucQWZkLDWJ/I=
-20,17,seBdYgQ1Nb522rTKGidDOWNX0Mc=,S5cUu/AJuWIKUpsucQWZkLDWJ/I=
-20,18,seBdYgQ1Nb522rTKGidDOWNX0Mc=,S5cUu/AJuWIKUpsucQWZkLDWJ/I=
-21,18,seBdYgQ1Nb522rTKGidDOWNX0Mc=,5jVqcRuzt+0Y6SnQAW3xEhjR32Q=
-21,17,seBdYgQ1Nb522rTKGidDOWNX0Mc=,AppO9RV7GyTZNzGTlBCPBuT0HyQ=
-23,17,seBdYgQ1Nb522rTKGidDOWNX0Mc=,RB0AA8eZv0C89bHa+/5sJKvpxg8=
-23,18,seBdYgQ1Nb522rTKGidDOWNX0Mc=,kFuUSjSA49R9xcasGoRcyMPirQU=
-22,17,seBdYgQ1Nb522rTKGidDOWNX0Mc=,AppO9RV7GyTZNzGTlBCPBuT0HyQ=
-22,18,seBdYgQ1Nb522rTKGidDOWNX0Mc=,5jVqcRuzt+0Y6SnQAW3xEhjR32Q=
-20,29,seBdYgQ1Nb522rTKGidDOWNX0Mc=,nRhVeTxoy2ybkeNcLE/GRKij1lw=
-21,29,seBdYgQ1Nb522rTKGidDOWNX0Mc=,tJc5PhCdED9ryXwFWVvDEXHOD7U=
-26,29,seBdYgQ1Nb522rTKGidDOWNX0Mc=,vbUv6dZq/qw/U/kqSOEikNjISM0=
-27,29,seBdYgQ1Nb522rTKGidDOWNX0Mc=,RXOpN3rOOFZof0iB8F9mXGY85wQ=
-22,28,seBdYgQ1Nb522rTKGidDOWNX0Mc=,tJc5PhCdED9ryXwFWVvDEXHOD7U=
-25,29,seBdYgQ1Nb522rTKGidDOWNX0Mc=,vbUv6dZq/qw/U/kqSOEikNjISM0=
-25,27,seBdYgQ1Nb522rTKGidDOWNX0Mc=,aWQSWgA03kYk+MQ8WmBkQ/+YtlA=
-22,29,seBdYgQ1Nb522rTKGidDOWNX0Mc=,tJc5PhCdED9ryXwFWVvDEXHOD7U=
-24,28,seBdYgQ1Nb522rTKGidDOWNX0Mc=,FyCVAUNvPLYSAHNsHvsh5dm/gog=
-22,27,seBdYgQ1Nb522rTKGidDOWNX0Mc=,K/I87gjByAFWj3S1M4KHsWkxA14=
-25,28,seBdYgQ1Nb522rTKGidDOWNX0Mc=,vbUv6dZq/qw/U/kqSOEikNjISM0=
-24,27,seBdYgQ1Nb522rTKGidDOWNX0Mc=,T/DrwREiO3wfB47SSYLJ04nV1ek=
-23,28,seBdYgQ1Nb522rTKGidDOWNX0Mc=,FyCVAUNvPLYSAHNsHvsh5dm/gog=
-23,29,seBdYgQ1Nb522rTKGidDOWNX0Mc=,FyCVAUNvPLYSAHNsHvsh5dm/gog=
-24,29,seBdYgQ1Nb522rTKGidDOWNX0Mc=,FyCVAUNvPLYSAHNsHvsh5dm/gog=
-30,24,seBdYgQ1Nb522rTKGidDOWNX0Mc=,VXlio2gXh3j1WlcZa2itBOiF4r8=
-30,23,seBdYgQ1Nb522rTKGidDOWNX0Mc=,5uRHxwIjylVDT3fI0FNHDKvJ1WI=
-28,29,seBdYgQ1Nb522rTKGidDOWNX0Mc=,RXOpN3rOOFZof0iB8F9mXGY85wQ=
-29,29,seBdYgQ1Nb522rTKGidDOWNX0Mc=,WXm8OzYDNmu8PqrDZ/VOQ0cf5g8=
-23,27,seBdYgQ1Nb522rTKGidDOWNX0Mc=,T/DrwREiO3wfB47SSYLJ04nV1ek=
-30,26,seBdYgQ1Nb522rTKGidDOWNX0Mc=,Am8M47C5h5oF2dHmZ1cDfC2vkXI=
-29,25,seBdYgQ1Nb522rTKGidDOWNX0Mc=,VXlio2gXh3j1WlcZa2itBOiF4r8=
-30,25,seBdYgQ1Nb522rTKGidDOWNX0Mc=,VXlio2gXh3j1WlcZa2itBOiF4r8=
-29,27,seBdYgQ1Nb522rTKGidDOWNX0Mc=,Am8M47C5h5oF2dHmZ1cDfC2vkXI=
-28,28,seBdYgQ1Nb522rTKGidDOWNX0Mc=,RXOpN3rOOFZof0iB8F9mXGY85wQ=
-28,27,seBdYgQ1Nb522rTKGidDOWNX0Mc=,Zp2v0ck1DZTcksQduUXQ4atKnf0=
-30,27,seBdYgQ1Nb522rTKGidDOWNX0Mc=,Am8M47C5h5oF2dHmZ1cDfC2vkXI=
-29,28,seBdYgQ1Nb522rTKGidDOWNX0Mc=,WXm8OzYDNmu8PqrDZ/VOQ0cf5g8=
-29,26,seBdYgQ1Nb522rTKGidDOWNX0Mc=,Am8M47C5h5oF2dHmZ1cDfC2vkXI=
-28,26,seBdYgQ1Nb522rTKGidDOWNX0Mc=,Zp2v0ck1DZTcksQduUXQ4atKnf0=
-28,25,seBdYgQ1Nb522rTKGidDOWNX0Mc=,p+hnAq9NzrCh9weswGD2KDI6jJ8=
-30,28,seBdYgQ1Nb522rTKGidDOWNX0Mc=,WXm8OzYDNmu8PqrDZ/VOQ0cf5g8=
-18,16,seBdYgQ1Nb522rTKGidDOWNX0Mc=,S5cUu/AJuWIKUpsucQWZkLDWJ/I=
-19,16,seBdYgQ1Nb522rTKGidDOWNX0Mc=,S5cUu/AJuWIKUpsucQWZkLDWJ/I=
-20,16,seBdYgQ1Nb522rTKGidDOWNX0Mc=,S5cUu/AJuWIKUpsucQWZkLDWJ/I=
-22,16,seBdYgQ1Nb522rTKGidDOWNX0Mc=,AppO9RV7GyTZNzGTlBCPBuT0HyQ=
-21,16,seBdYgQ1Nb522rTKGidDOWNX0Mc=,AppO9RV7GyTZNzGTlBCPBuT0HyQ=
-23,16,seBdYgQ1Nb522rTKGidDOWNX0Mc=,RB0AA8eZv0C89bHa+/5sJKvpxg8=
-19,29,seBdYgQ1Nb522rTKGidDOWNX0Mc=,nRhVeTxoy2ybkeNcLE/GRKij1lw=
-18,29,seBdYgQ1Nb522rTKGidDOWNX0Mc=,hMvCIzCkt3onoDVBdcElvtW2jAU=
-17,29,seBdYgQ1Nb522rTKGidDOWNX0Mc=,hMvCIzCkt3onoDVBdcElvtW2jAU=
-30,29,seBdYgQ1Nb522rTKGidDOWNX0Mc=,WXm8OzYDNmu8PqrDZ/VOQ0cf5g8=
-30,18,seBdYgQ1Nb522rTKGidDOWNX0Mc=,TCj2RCy4fl+w4LfPGsHdMsTtO1s=
-30,17,seBdYgQ1Nb522rTKGidDOWNX0Mc=,EBlsJ1iL01vJ8EF42q/Jknq2xaA=
-30,20,seBdYgQ1Nb522rTKGidDOWNX0Mc=,D1Cyywk5fA5gcMlUnnkUzCIf1V8=
-30,22,seBdYgQ1Nb522rTKGidDOWNX0Mc=,5uRHxwIjylVDT3fI0FNHDKvJ1WI=
-30,21,seBdYgQ1Nb522rTKGidDOWNX0Mc=,D1Cyywk5fA5gcMlUnnkUzCIf1V8=
-30,19,seBdYgQ1Nb522rTKGidDOWNX0Mc=,TCj2RCy4fl+w4LfPGsHdMsTtO1s=
-30,16,seBdYgQ1Nb522rTKGidDOWNX0Mc=,EBlsJ1iL01vJ8EF42q/Jknq2xaA=
-17,16,seBdYgQ1Nb522rTKGidDOWNX0Mc=,S5cUu/AJuWIKUpsucQWZkLDWJ/I=
-17,18,seBdYgQ1Nb522rTKGidDOWNX0Mc=,pon2w3zW/YuUUQwo5lx7GJqaVcM=
-17,17,seBdYgQ1Nb522rTKGidDOWNX0Mc=,S5cUu/AJuWIKUpsucQWZkLDWJ/I=
-29,17,seBdYgQ1Nb522rTKGidDOWNX0Mc=,EBlsJ1iL01vJ8EF42q/Jknq2xaA=
-29,18,seBdYgQ1Nb522rTKGidDOWNX0Mc=,TCj2RCy4fl+w4LfPGsHdMsTtO1s=
-29,16,seBdYgQ1Nb522rTKGidDOWNX0Mc=,EBlsJ1iL01vJ8EF42q/Jknq2xaA=
-28,18,seBdYgQ1Nb522rTKGidDOWNX0Mc=,PVtiQLf0V8vTmSV21ZnIFvz2900=
-28,17,seBdYgQ1Nb522rTKGidDOWNX0Mc=,OAHk7yNFqzfiFxVxD7VxV3kDMU0=
-28,16,seBdYgQ1Nb522rTKGidDOWNX0Mc=,OAHk7yNFqzfiFxVxD7VxV3kDMU0=
-26,18,seBdYgQ1Nb522rTKGidDOWNX0Mc=,bqkVL5aEYhqI9v02c4si4m9oVac=
-25,17,seBdYgQ1Nb522rTKGidDOWNX0Mc=,dZ7+Oayc92kUmgZedpedtTFyxlA=
-24,16,seBdYgQ1Nb522rTKGidDOWNX0Mc=,RB0AA8eZv0C89bHa+/5sJKvpxg8=
-24,18,seBdYgQ1Nb522rTKGidDOWNX0Mc=,kFuUSjSA49R9xcasGoRcyMPirQU=
-25,18,seBdYgQ1Nb522rTKGidDOWNX0Mc=,bqkVL5aEYhqI9v02c4si4m9oVac=
-27,16,seBdYgQ1Nb522rTKGidDOWNX0Mc=,OAHk7yNFqzfiFxVxD7VxV3kDMU0=
-27,17,seBdYgQ1Nb522rTKGidDOWNX0Mc=,OAHk7yNFqzfiFxVxD7VxV3kDMU0=
-26,16,seBdYgQ1Nb522rTKGidDOWNX0Mc=,dZ7+Oayc92kUmgZedpedtTFyxlA=
-25,16,seBdYgQ1Nb522rTKGidDOWNX0Mc=,dZ7+Oayc92kUmgZedpedtTFyxlA=
-27,18,seBdYgQ1Nb522rTKGidDOWNX0Mc=,PVtiQLf0V8vTmSV21ZnIFvz2900=
-24,17,seBdYgQ1Nb522rTKGidDOWNX0Mc=,RB0AA8eZv0C89bHa+/5sJKvpxg8=
-26,17,seBdYgQ1Nb522rTKGidDOWNX0Mc=,dZ7+Oayc92kUmgZedpedtTFyxlA=
-2,17,ahN1CiH7xUJCDgD1TIFL5seVlvM=,wqmFNd30LRserxfQkYj/6QiShqk=
-3,18,ahN1CiH7xUJCDgD1TIFL5seVlvM=,jTArd5xD6/bFXQjk6AtSs6EEe2w=
-2,18,ahN1CiH7xUJCDgD1TIFL5seVlvM=,jSD8hrB4rAXZzB6wFgaBTUzDu3Y=
-3,17,ahN1CiH7xUJCDgD1TIFL5seVlvM=,/eQRF+kbW8nLq8ZUi9bxYwOfPoM=
-3,19,ydO1uOFpn+E9m7xbKdo73ruSdUs=,jTArd5xD6/bFXQjk6AtSs6EEe2w=
-2,20,ydO1uOFpn+E9m7xbKdo73ruSdUs=,jSD8hrB4rAXZzB6wFgaBTUzDu3Y=
-3,20,ydO1uOFpn+E9m7xbKdo73ruSdUs=,jTArd5xD6/bFXQjk6AtSs6EEe2w=
-2,19,ydO1uOFpn+E9m7xbKdo73ruSdUs=,jSD8hrB4rAXZzB6wFgaBTUzDu3Y=
-2,21,ydO1uOFpn+E9m7xbKdo73ruSdUs=,jSD8hrB4rAXZzB6wFgaBTUzDu3Y=
-2,22,ydO1uOFpn+E9m7xbKdo73ruSdUs=,iuLtmtlWSl6EIV34P83blImzmD4=
-3,22,ydO1uOFpn+E9m7xbKdo73ruSdUs=,OgcUBttp4bd614Xn0tvevHFf4Zg=
-3,21,ydO1uOFpn+E9m7xbKdo73ruSdUs=,jTArd5xD6/bFXQjk6AtSs6EEe2w=
-6,23,DMGweTE920HlZ0+kDiOgBk1VeUk=,Ng710f0a5sPNYEbKizRFQgni81M=
-7,23,DMGweTE920HlZ0+kDiOgBk1VeUk=,HC+UrWrGdt6XEPxjEDA38LJUYJ4=
-6,24,DMGweTE920HlZ0+kDiOgBk1VeUk=,ycCU0MMslDf4tXVSPdl0UUuS+TE=
-7,24,DMGweTE920HlZ0+kDiOgBk1VeUk=,NDu2bNpYcgs0a78Y/yE0BIS09uo=
-5,23,aosUlKkH3wZtmsyrF2yuepXZyq8=,Ng710f0a5sPNYEbKizRFQgni81M=
-4,23,aosUlKkH3wZtmsyrF2yuepXZyq8=,OgcUBttp4bd614Xn0tvevHFf4Zg=
-5,24,aosUlKkH3wZtmsyrF2yuepXZyq8=,ycCU0MMslDf4tXVSPdl0UUuS+TE=
-4,24,aosUlKkH3wZtmsyrF2yuepXZyq8=,ebqbvQuCpWmmyFIOxWdps+NtWsE=
-2,24,aosUlKkH3wZtmsyrF2yuepXZyq8=,ZfpKbtN0uDNiqdgj/9stY/DRVrI=
-3,23,aosUlKkH3wZtmsyrF2yuepXZyq8=,OgcUBttp4bd614Xn0tvevHFf4Zg=
-2,23,aosUlKkH3wZtmsyrF2yuepXZyq8=,iuLtmtlWSl6EIV34P83blImzmD4=
-3,24,aosUlKkH3wZtmsyrF2yuepXZyq8=,ebqbvQuCpWmmyFIOxWdps+NtWsE=
-5,27,aosUlKkH3wZtmsyrF2yuepXZyq8=,e/9BLmmzFJZPHXroyJSeaELIM3I=
-5,28,aosUlKkH3wZtmsyrF2yuepXZyq8=,/VMUb1AHUu+83FyT6L02fGDBBHs=
-4,28,aosUlKkH3wZtmsyrF2yuepXZyq8=,9wHgb4SKxW1/wgS2fbcBHwO9RMg=
-4,26,aosUlKkH3wZtmsyrF2yuepXZyq8=,MwikzERUknkD+3niqRCo1pr6fq4=
-4,25,aosUlKkH3wZtmsyrF2yuepXZyq8=,ebqbvQuCpWmmyFIOxWdps+NtWsE=
-4,27,aosUlKkH3wZtmsyrF2yuepXZyq8=,MwikzERUknkD+3niqRCo1pr6fq4=
-5,26,aosUlKkH3wZtmsyrF2yuepXZyq8=,e/9BLmmzFJZPHXroyJSeaELIM3I=
-5,25,aosUlKkH3wZtmsyrF2yuepXZyq8=,ycCU0MMslDf4tXVSPdl0UUuS+TE=
-2,28,Om5Sw2TP+mIIplvqHNjIMSBdkKY=,l+b32Lf5P/+FuYAHt7kK9NOchnA=
-3,28,Om5Sw2TP+mIIplvqHNjIMSBdkKY=,9wHgb4SKxW1/wgS2fbcBHwO9RMg=
-3,27,Om5Sw2TP+mIIplvqHNjIMSBdkKY=,MwikzERUknkD+3niqRCo1pr6fq4=
-2,25,Om5Sw2TP+mIIplvqHNjIMSBdkKY=,ZfpKbtN0uDNiqdgj/9stY/DRVrI=
-3,25,Om5Sw2TP+mIIplvqHNjIMSBdkKY=,ebqbvQuCpWmmyFIOxWdps+NtWsE=
-6,28,Om5Sw2TP+mIIplvqHNjIMSBdkKY=,/VMUb1AHUu+83FyT6L02fGDBBHs=
-2,27,Om5Sw2TP+mIIplvqHNjIMSBdkKY=,8Sy0g5aSvvDQEzRx2RAvKav/7eU=
-7,28,Om5Sw2TP+mIIplvqHNjIMSBdkKY=,zgbktmldoBzg2ivac6Ztf8+R8s4=
-7,27,Om5Sw2TP+mIIplvqHNjIMSBdkKY=,H4KO6/8dyxMu5Pu5zeayV/D4qEo=
-3,26,Om5Sw2TP+mIIplvqHNjIMSBdkKY=,MwikzERUknkD+3niqRCo1pr6fq4=
-2,26,Om5Sw2TP+mIIplvqHNjIMSBdkKY=,8Sy0g5aSvvDQEzRx2RAvKav/7eU=
-6,25,Om5Sw2TP+mIIplvqHNjIMSBdkKY=,ycCU0MMslDf4tXVSPdl0UUuS+TE=
-6,27,Om5Sw2TP+mIIplvqHNjIMSBdkKY=,e/9BLmmzFJZPHXroyJSeaELIM3I=
-7,25,Om5Sw2TP+mIIplvqHNjIMSBdkKY=,NDu2bNpYcgs0a78Y/yE0BIS09uo=
-6,26,Om5Sw2TP+mIIplvqHNjIMSBdkKY=,e/9BLmmzFJZPHXroyJSeaELIM3I=
-7,26,Om5Sw2TP+mIIplvqHNjIMSBdkKY=,H4KO6/8dyxMu5Pu5zeayV/D4qEo=
-9,28,Om5Sw2TP+mIIplvqHNjIMSBdkKY=,d+3aMOPJxxqm0I+0JtmKdCIZPQA=
-8,28,Om5Sw2TP+mIIplvqHNjIMSBdkKY=,zgbktmldoBzg2ivac6Ztf8+R8s4=
-9,27,Om5Sw2TP+mIIplvqHNjIMSBdkKY=,fiv/OW+LolKyWuOSyrP82L50w08=
-8,27,Om5Sw2TP+mIIplvqHNjIMSBdkKY=,H4KO6/8dyxMu5Pu5zeayV/D4qEo=
-10,28,Om5Sw2TP+mIIplvqHNjIMSBdkKY=,d+3aMOPJxxqm0I+0JtmKdCIZPQA=
-11,28,Om5Sw2TP+mIIplvqHNjIMSBdkKY=,aWULlnqCOEkHV8fL4gFL+rD09LU=
-10,27,Om5Sw2TP+mIIplvqHNjIMSBdkKY=,fiv/OW+LolKyWuOSyrP82L50w08=
-11,27,Om5Sw2TP+mIIplvqHNjIMSBdkKY=,F13OjPKTKX23wPOdlzxt81QRIB4=
-8,26,C0gYzEfXkV1wMp2SCdCKwnb5D2s=,H4KO6/8dyxMu5Pu5zeayV/D4qEo=
-9,26,C0gYzEfXkV1wMp2SCdCKwnb5D2s=,fiv/OW+LolKyWuOSyrP82L50w08=
-8,25,C0gYzEfXkV1wMp2SCdCKwnb5D2s=,NDu2bNpYcgs0a78Y/yE0BIS09uo=
-9,25,C0gYzEfXkV1wMp2SCdCKwnb5D2s=,lDPkuMXOdsxyqESNe7eyJLs9RWA=
-11,25,C0gYzEfXkV1wMp2SCdCKwnb5D2s=,QiNODw2RrrDnseSUT20S2X6m+EE=
-10,25,C0gYzEfXkV1wMp2SCdCKwnb5D2s=,lDPkuMXOdsxyqESNe7eyJLs9RWA=
-10,26,C0gYzEfXkV1wMp2SCdCKwnb5D2s=,fiv/OW+LolKyWuOSyrP82L50w08=
-11,26,C0gYzEfXkV1wMp2SCdCKwnb5D2s=,F13OjPKTKX23wPOdlzxt81QRIB4=
-13,28,C0gYzEfXkV1wMp2SCdCKwnb5D2s=,qL8M4th7yIQs97YiFKkjLUJYrSU=
-12,28,C0gYzEfXkV1wMp2SCdCKwnb5D2s=,aWULlnqCOEkHV8fL4gFL+rD09LU=
-13,27,C0gYzEfXkV1wMp2SCdCKwnb5D2s=,NW5aT79GnOxvHgu7dsrcAdEOcVk=
-12,27,C0gYzEfXkV1wMp2SCdCKwnb5D2s=,F13OjPKTKX23wPOdlzxt81QRIB4=
-12,26,qq7+jLD17LVzWKyrrbi8XrIKwHc=,F13OjPKTKX23wPOdlzxt81QRIB4=
-12,25,qq7+jLD17LVzWKyrrbi8XrIKwHc=,QiNODw2RrrDnseSUT20S2X6m+EE=
-13,25,qq7+jLD17LVzWKyrrbi8XrIKwHc=,PrV61hrpXRhNakrYlNn1BG34SRs=
-13,26,qq7+jLD17LVzWKyrrbi8XrIKwHc=,NW5aT79GnOxvHgu7dsrcAdEOcVk=
-12,24,gaOvRGkj33FdcukqE7c/9BdQ5UU=,QiNODw2RrrDnseSUT20S2X6m+EE=
-12,23,gaOvRGkj33FdcukqE7c/9BdQ5UU=,kvtUV9K79Pn8vY8YiSx7h/ninmo=
-13,24,gaOvRGkj33FdcukqE7c/9BdQ5UU=,PrV61hrpXRhNakrYlNn1BG34SRs=
-13,23,gaOvRGkj33FdcukqE7c/9BdQ5UU=,2TuFl2ZHYrLXXDqnJ1V+AoU6DwE=
-12,21,gaOvRGkj33FdcukqE7c/9BdQ5UU=,TueK3Qobd420nKZCdE18LnULZO8=
-13,21,gaOvRGkj33FdcukqE7c/9BdQ5UU=,TueK3Qobd420nKZCdE18LnULZO8=
-12,22,gaOvRGkj33FdcukqE7c/9BdQ5UU=,kvtUV9K79Pn8vY8YiSx7h/ninmo=
-13,22,gaOvRGkj33FdcukqE7c/9BdQ5UU=,2TuFl2ZHYrLXXDqnJ1V+AoU6DwE=
-9,23,re3nSFeReQei0aKQGQzQHbOv1+Y=,fNs4QaIus1tmQUHvxODGqrQKDDM=
-11,23,re3nSFeReQei0aKQGQzQHbOv1+Y=,kvtUV9K79Pn8vY8YiSx7h/ninmo=
-9,24,re3nSFeReQei0aKQGQzQHbOv1+Y=,lDPkuMXOdsxyqESNe7eyJLs9RWA=
-8,24,re3nSFeReQei0aKQGQzQHbOv1+Y=,NDu2bNpYcgs0a78Y/yE0BIS09uo=
-10,23,re3nSFeReQei0aKQGQzQHbOv1+Y=,fNs4QaIus1tmQUHvxODGqrQKDDM=
-11,24,re3nSFeReQei0aKQGQzQHbOv1+Y=,QiNODw2RrrDnseSUT20S2X6m+EE=
-10,24,re3nSFeReQei0aKQGQzQHbOv1+Y=,lDPkuMXOdsxyqESNe7eyJLs9RWA=
-8,23,re3nSFeReQei0aKQGQzQHbOv1+Y=,HC+UrWrGdt6XEPxjEDA38LJUYJ4=
-10,21,re3nSFeReQei0aKQGQzQHbOv1+Y=,TueK3Qobd420nKZCdE18LnULZO8=
-10,22,re3nSFeReQei0aKQGQzQHbOv1+Y=,fNs4QaIus1tmQUHvxODGqrQKDDM=
-11,22,re3nSFeReQei0aKQGQzQHbOv1+Y=,kvtUV9K79Pn8vY8YiSx7h/ninmo=
-11,21,re3nSFeReQei0aKQGQzQHbOv1+Y=,TueK3Qobd420nKZCdE18LnULZO8=
-10,19,re3nSFeReQei0aKQGQzQHbOv1+Y=,TueK3Qobd420nKZCdE18LnULZO8=
-10,20,re3nSFeReQei0aKQGQzQHbOv1+Y=,TueK3Qobd420nKZCdE18LnULZO8=
-11,20,re3nSFeReQei0aKQGQzQHbOv1+Y=,TueK3Qobd420nKZCdE18LnULZO8=
-11,19,re3nSFeReQei0aKQGQzQHbOv1+Y=,TueK3Qobd420nKZCdE18LnULZO8=
-4,22,Fe5CMmTBaGm5HlXdKL7XgDDSnR4=,OgcUBttp4bd614Xn0tvevHFf4Zg=
-4,21,Fe5CMmTBaGm5HlXdKL7XgDDSnR4=,jTArd5xD6/bFXQjk6AtSs6EEe2w=
-5,21,Fe5CMmTBaGm5HlXdKL7XgDDSnR4=,jTArd5xD6/bFXQjk6AtSs6EEe2w=
-8,22,Fe5CMmTBaGm5HlXdKL7XgDDSnR4=,HC+UrWrGdt6XEPxjEDA38LJUYJ4=
-7,22,Fe5CMmTBaGm5HlXdKL7XgDDSnR4=,HC+UrWrGdt6XEPxjEDA38LJUYJ4=
-9,21,Fe5CMmTBaGm5HlXdKL7XgDDSnR4=,TueK3Qobd420nKZCdE18LnULZO8=
-6,22,Fe5CMmTBaGm5HlXdKL7XgDDSnR4=,Ng710f0a5sPNYEbKizRFQgni81M=
-7,21,Fe5CMmTBaGm5HlXdKL7XgDDSnR4=,jTArd5xD6/bFXQjk6AtSs6EEe2w=
-9,22,Fe5CMmTBaGm5HlXdKL7XgDDSnR4=,fNs4QaIus1tmQUHvxODGqrQKDDM=
-8,21,Fe5CMmTBaGm5HlXdKL7XgDDSnR4=,jTArd5xD6/bFXQjk6AtSs6EEe2w=
-5,22,Fe5CMmTBaGm5HlXdKL7XgDDSnR4=,Ng710f0a5sPNYEbKizRFQgni81M=
-6,21,Fe5CMmTBaGm5HlXdKL7XgDDSnR4=,jTArd5xD6/bFXQjk6AtSs6EEe2w=
-8,20,Fe5CMmTBaGm5HlXdKL7XgDDSnR4=,jTArd5xD6/bFXQjk6AtSs6EEe2w=
-9,20,Fe5CMmTBaGm5HlXdKL7XgDDSnR4=,TueK3Qobd420nKZCdE18LnULZO8=
-8,19,Fe5CMmTBaGm5HlXdKL7XgDDSnR4=,jTArd5xD6/bFXQjk6AtSs6EEe2w=
-9,19,Fe5CMmTBaGm5HlXdKL7XgDDSnR4=,TueK3Qobd420nKZCdE18LnULZO8=
-5,20,Fe5CMmTBaGm5HlXdKL7XgDDSnR4=,jTArd5xD6/bFXQjk6AtSs6EEe2w=
-7,20,Fe5CMmTBaGm5HlXdKL7XgDDSnR4=,jTArd5xD6/bFXQjk6AtSs6EEe2w=
-7,19,Fe5CMmTBaGm5HlXdKL7XgDDSnR4=,jTArd5xD6/bFXQjk6AtSs6EEe2w=
-6,20,Fe5CMmTBaGm5HlXdKL7XgDDSnR4=,jTArd5xD6/bFXQjk6AtSs6EEe2w=
-4,20,Fe5CMmTBaGm5HlXdKL7XgDDSnR4=,jTArd5xD6/bFXQjk6AtSs6EEe2w=
-5,19,Fe5CMmTBaGm5HlXdKL7XgDDSnR4=,jTArd5xD6/bFXQjk6AtSs6EEe2w=
-4,19,Fe5CMmTBaGm5HlXdKL7XgDDSnR4=,jTArd5xD6/bFXQjk6AtSs6EEe2w=
-6,19,Fe5CMmTBaGm5HlXdKL7XgDDSnR4=,jTArd5xD6/bFXQjk6AtSs6EEe2w=
-5,18,s/p202pLQmPdrNyZ94foOTnztOQ=,jTArd5xD6/bFXQjk6AtSs6EEe2w=
-7,18,s/p202pLQmPdrNyZ94foOTnztOQ=,jTArd5xD6/bFXQjk6AtSs6EEe2w=
-4,17,s/p202pLQmPdrNyZ94foOTnztOQ=,/eQRF+kbW8nLq8ZUi9bxYwOfPoM=
-9,17,s/p202pLQmPdrNyZ94foOTnztOQ=,jvgvhwsRCCXvqqEK+YTe/iPZn/g=
-6,18,s/p202pLQmPdrNyZ94foOTnztOQ=,jTArd5xD6/bFXQjk6AtSs6EEe2w=
-6,17,s/p202pLQmPdrNyZ94foOTnztOQ=,TBAzQweDv37KAe2ZSPxWYgclSqM=
-4,18,s/p202pLQmPdrNyZ94foOTnztOQ=,jTArd5xD6/bFXQjk6AtSs6EEe2w=
-9,18,s/p202pLQmPdrNyZ94foOTnztOQ=,TueK3Qobd420nKZCdE18LnULZO8=
-8,18,s/p202pLQmPdrNyZ94foOTnztOQ=,jTArd5xD6/bFXQjk6AtSs6EEe2w=
-7,17,s/p202pLQmPdrNyZ94foOTnztOQ=,/AuQbdTe8fAnRvAMA/GQq5bh3QE=
-5,17,s/p202pLQmPdrNyZ94foOTnztOQ=,TBAzQweDv37KAe2ZSPxWYgclSqM=
-8,17,s/p202pLQmPdrNyZ94foOTnztOQ=,/AuQbdTe8fAnRvAMA/GQq5bh3QE=
-11,17,s/p202pLQmPdrNyZ94foOTnztOQ=,QgvQfjtqS9cZJZ9zY0o+Ehotyz8=
-11,18,s/p202pLQmPdrNyZ94foOTnztOQ=,TueK3Qobd420nKZCdE18LnULZO8=
-10,18,s/p202pLQmPdrNyZ94foOTnztOQ=,TueK3Qobd420nKZCdE18LnULZO8=
-10,17,s/p202pLQmPdrNyZ94foOTnztOQ=,jvgvhwsRCCXvqqEK+YTe/iPZn/g=
-13,20,J4E/mPxUpbQmZt3n7c51RR0pEoU=,TueK3Qobd420nKZCdE18LnULZO8=
-12,17,J4E/mPxUpbQmZt3n7c51RR0pEoU=,QgvQfjtqS9cZJZ9zY0o+Ehotyz8=
-12,20,J4E/mPxUpbQmZt3n7c51RR0pEoU=,TueK3Qobd420nKZCdE18LnULZO8=
-12,18,J4E/mPxUpbQmZt3n7c51RR0pEoU=,TueK3Qobd420nKZCdE18LnULZO8=
-13,19,J4E/mPxUpbQmZt3n7c51RR0pEoU=,TueK3Qobd420nKZCdE18LnULZO8=
-13,17,J4E/mPxUpbQmZt3n7c51RR0pEoU=,UNph92MA4XZkVMT0DBD+qpN00R4=
-13,18,J4E/mPxUpbQmZt3n7c51RR0pEoU=,TueK3Qobd420nKZCdE18LnULZO8=
-12,19,J4E/mPxUpbQmZt3n7c51RR0pEoU=,TueK3Qobd420nKZCdE18LnULZO8=
-14,18,J4E/mPxUpbQmZt3n7c51RR0pEoU=,TueK3Qobd420nKZCdE18LnULZO8=
-15,17,J4E/mPxUpbQmZt3n7c51RR0pEoU=,IDb4imnIoOCGmIxHuJQnsRIr1Fo=
-15,18,J4E/mPxUpbQmZt3n7c51RR0pEoU=,pon2w3zW/YuUUQwo5lx7GJqaVcM=
-14,17,J4E/mPxUpbQmZt3n7c51RR0pEoU=,UNph92MA4XZkVMT0DBD+qpN00R4=
-14,20,s0io65hYFXdcm9z1A9Zk51TPa7c=,TueK3Qobd420nKZCdE18LnULZO8=
-15,20,s0io65hYFXdcm9z1A9Zk51TPa7c=,pon2w3zW/YuUUQwo5lx7GJqaVcM=
-15,19,s0io65hYFXdcm9z1A9Zk51TPa7c=,pon2w3zW/YuUUQwo5lx7GJqaVcM=
-14,19,s0io65hYFXdcm9z1A9Zk51TPa7c=,TueK3Qobd420nKZCdE18LnULZO8=
-15,21,s0io65hYFXdcm9z1A9Zk51TPa7c=,pon2w3zW/YuUUQwo5lx7GJqaVcM=
-15,24,s0io65hYFXdcm9z1A9Zk51TPa7c=,ClzXaIjWUu1UHJRaYGY9bZF0Cp4=
-14,23,s0io65hYFXdcm9z1A9Zk51TPa7c=,2TuFl2ZHYrLXXDqnJ1V+AoU6DwE=
-14,22,s0io65hYFXdcm9z1A9Zk51TPa7c=,2TuFl2ZHYrLXXDqnJ1V+AoU6DwE=
-14,24,s0io65hYFXdcm9z1A9Zk51TPa7c=,PrV61hrpXRhNakrYlNn1BG34SRs=
-15,23,s0io65hYFXdcm9z1A9Zk51TPa7c=,0O1d5+eVMCmjV85HtvvYyOniu8Y=
-14,21,s0io65hYFXdcm9z1A9Zk51TPa7c=,TueK3Qobd420nKZCdE18LnULZO8=
-15,22,s0io65hYFXdcm9z1A9Zk51TPa7c=,0O1d5+eVMCmjV85HtvvYyOniu8Y=
-16,23,s0io65hYFXdcm9z1A9Zk51TPa7c=,0O1d5+eVMCmjV85HtvvYyOniu8Y=
-16,24,s0io65hYFXdcm9z1A9Zk51TPa7c=,ClzXaIjWUu1UHJRaYGY9bZF0Cp4=
-16,22,s0io65hYFXdcm9z1A9Zk51TPa7c=,0O1d5+eVMCmjV85HtvvYyOniu8Y=
-16,21,s0io65hYFXdcm9z1A9Zk51TPa7c=,pon2w3zW/YuUUQwo5lx7GJqaVcM=
-16,19,s0io65hYFXdcm9z1A9Zk51TPa7c=,pon2w3zW/YuUUQwo5lx7GJqaVcM=
-16,20,s0io65hYFXdcm9z1A9Zk51TPa7c=,pon2w3zW/YuUUQwo5lx7GJqaVcM=
-16,18,s0io65hYFXdcm9z1A9Zk51TPa7c=,pon2w3zW/YuUUQwo5lx7GJqaVcM=
-16,17,s0io65hYFXdcm9z1A9Zk51TPa7c=,IDb4imnIoOCGmIxHuJQnsRIr1Fo=
-15,16,s0io65hYFXdcm9z1A9Zk51TPa7c=,IDb4imnIoOCGmIxHuJQnsRIr1Fo=
-14,16,s0io65hYFXdcm9z1A9Zk51TPa7c=,UNph92MA4XZkVMT0DBD+qpN00R4=
-12,16,s0io65hYFXdcm9z1A9Zk51TPa7c=,QgvQfjtqS9cZJZ9zY0o+Ehotyz8=
-11,16,s0io65hYFXdcm9z1A9Zk51TPa7c=,QgvQfjtqS9cZJZ9zY0o+Ehotyz8=
-13,16,s0io65hYFXdcm9z1A9Zk51TPa7c=,UNph92MA4XZkVMT0DBD+qpN00R4=
-8,16,s0io65hYFXdcm9z1A9Zk51TPa7c=,/AuQbdTe8fAnRvAMA/GQq5bh3QE=
-10,16,s0io65hYFXdcm9z1A9Zk51TPa7c=,jvgvhwsRCCXvqqEK+YTe/iPZn/g=
-9,16,s0io65hYFXdcm9z1A9Zk51TPa7c=,jvgvhwsRCCXvqqEK+YTe/iPZn/g=
-7,16,s0io65hYFXdcm9z1A9Zk51TPa7c=,/AuQbdTe8fAnRvAMA/GQq5bh3QE=
-6,16,s0io65hYFXdcm9z1A9Zk51TPa7c=,TBAzQweDv37KAe2ZSPxWYgclSqM=
-4,16,s0io65hYFXdcm9z1A9Zk51TPa7c=,/eQRF+kbW8nLq8ZUi9bxYwOfPoM=
-5,16,s0io65hYFXdcm9z1A9Zk51TPa7c=,TBAzQweDv37KAe2ZSPxWYgclSqM=
-2,16,s0io65hYFXdcm9z1A9Zk51TPa7c=,wqmFNd30LRserxfQkYj/6QiShqk=
-3,16,s0io65hYFXdcm9z1A9Zk51TPa7c=,/eQRF+kbW8nLq8ZUi9bxYwOfPoM=
-1,18,s0io65hYFXdcm9z1A9Zk51TPa7c=,jSD8hrB4rAXZzB6wFgaBTUzDu3Y=
-1,20,s0io65hYFXdcm9z1A9Zk51TPa7c=,jSD8hrB4rAXZzB6wFgaBTUzDu3Y=
-15,28,s0io65hYFXdcm9z1A9Zk51TPa7c=,0MQM1hpP2aAIKEpAH7bUp29VRCg=
-16,28,s0io65hYFXdcm9z1A9Zk51TPa7c=,0MQM1hpP2aAIKEpAH7bUp29VRCg=
-14,28,s0io65hYFXdcm9z1A9Zk51TPa7c=,qL8M4th7yIQs97YiFKkjLUJYrSU=
-15,27,s0io65hYFXdcm9z1A9Zk51TPa7c=,j8vRL1xhxk4/b8txvBp6nfwFjzE=
-1,19,s0io65hYFXdcm9z1A9Zk51TPa7c=,jSD8hrB4rAXZzB6wFgaBTUzDu3Y=
-14,25,s0io65hYFXdcm9z1A9Zk51TPa7c=,PrV61hrpXRhNakrYlNn1BG34SRs=
-1,17,s0io65hYFXdcm9z1A9Zk51TPa7c=,wqmFNd30LRserxfQkYj/6QiShqk=
-16,26,s0io65hYFXdcm9z1A9Zk51TPa7c=,j8vRL1xhxk4/b8txvBp6nfwFjzE=
-15,25,s0io65hYFXdcm9z1A9Zk51TPa7c=,ClzXaIjWUu1UHJRaYGY9bZF0Cp4=
-12,29,s0io65hYFXdcm9z1A9Zk51TPa7c=,aWULlnqCOEkHV8fL4gFL+rD09LU=
-13,29,s0io65hYFXdcm9z1A9Zk51TPa7c=,qL8M4th7yIQs97YiFKkjLUJYrSU=
-10,29,s0io65hYFXdcm9z1A9Zk51TPa7c=,d+3aMOPJxxqm0I+0JtmKdCIZPQA=
-11,29,s0io65hYFXdcm9z1A9Zk51TPa7c=,aWULlnqCOEkHV8fL4gFL+rD09LU=
-8,29,s0io65hYFXdcm9z1A9Zk51TPa7c=,zgbktmldoBzg2ivac6Ztf8+R8s4=
-9,29,s0io65hYFXdcm9z1A9Zk51TPa7c=,d+3aMOPJxxqm0I+0JtmKdCIZPQA=
-1,29,s0io65hYFXdcm9z1A9Zk51TPa7c=,l+b32Lf5P/+FuYAHt7kK9NOchnA=
-2,29,s0io65hYFXdcm9z1A9Zk51TPa7c=,l+b32Lf5P/+FuYAHt7kK9NOchnA=
-3,29,s0io65hYFXdcm9z1A9Zk51TPa7c=,9wHgb4SKxW1/wgS2fbcBHwO9RMg=
-14,29,s0io65hYFXdcm9z1A9Zk51TPa7c=,qL8M4th7yIQs97YiFKkjLUJYrSU=
-15,29,s0io65hYFXdcm9z1A9Zk51TPa7c=,0MQM1hpP2aAIKEpAH7bUp29VRCg=
-6,29,s0io65hYFXdcm9z1A9Zk51TPa7c=,/VMUb1AHUu+83FyT6L02fGDBBHs=
-5,29,s0io65hYFXdcm9z1A9Zk51TPa7c=,/VMUb1AHUu+83FyT6L02fGDBBHs=
-16,29,s0io65hYFXdcm9z1A9Zk51TPa7c=,0MQM1hpP2aAIKEpAH7bUp29VRCg=
-16,25,s0io65hYFXdcm9z1A9Zk51TPa7c=,ClzXaIjWUu1UHJRaYGY9bZF0Cp4=
-4,29,s0io65hYFXdcm9z1A9Zk51TPa7c=,9wHgb4SKxW1/wgS2fbcBHwO9RMg=
-7,29,s0io65hYFXdcm9z1A9Zk51TPa7c=,zgbktmldoBzg2ivac6Ztf8+R8s4=
-15,26,s0io65hYFXdcm9z1A9Zk51TPa7c=,j8vRL1xhxk4/b8txvBp6nfwFjzE=
-14,27,s0io65hYFXdcm9z1A9Zk51TPa7c=,NW5aT79GnOxvHgu7dsrcAdEOcVk=
-16,27,s0io65hYFXdcm9z1A9Zk51TPa7c=,j8vRL1xhxk4/b8txvBp6nfwFjzE=
-16,16,s0io65hYFXdcm9z1A9Zk51TPa7c=,IDb4imnIoOCGmIxHuJQnsRIr1Fo=
-1,27,s0io65hYFXdcm9z1A9Zk51TPa7c=,8Sy0g5aSvvDQEzRx2RAvKav/7eU=
-1,28,s0io65hYFXdcm9z1A9Zk51TPa7c=,l+b32Lf5P/+FuYAHt7kK9NOchnA=
-1,21,s0io65hYFXdcm9z1A9Zk51TPa7c=,jSD8hrB4rAXZzB6wFgaBTUzDu3Y=
-1,16,s0io65hYFXdcm9z1A9Zk51TPa7c=,wqmFNd30LRserxfQkYj/6QiShqk=
-1,22,s0io65hYFXdcm9z1A9Zk51TPa7c=,iuLtmtlWSl6EIV34P83blImzmD4=
-14,26,s0io65hYFXdcm9z1A9Zk51TPa7c=,NW5aT79GnOxvHgu7dsrcAdEOcVk=
-1,24,s0io65hYFXdcm9z1A9Zk51TPa7c=,ZfpKbtN0uDNiqdgj/9stY/DRVrI=
-1,23,s0io65hYFXdcm9z1A9Zk51TPa7c=,iuLtmtlWSl6EIV34P83blImzmD4=
-1,26,s0io65hYFXdcm9z1A9Zk51TPa7c=,8Sy0g5aSvvDQEzRx2RAvKav/7eU=
-1,25,s0io65hYFXdcm9z1A9Zk51TPa7c=,ZfpKbtN0uDNiqdgj/9stY/DRVrI=
-2,2,rqiLrsu4jCQNeOU7iSm769SijBI=,XL1gk9TGUqaD5RHHWdXePsh0tEs=
-3,2,rqiLrsu4jCQNeOU7iSm769SijBI=,hwbLZN1SJuhjqR3z5ovDRcCo6O0=
-3,1,rqiLrsu4jCQNeOU7iSm769SijBI=,GkEIIj+a2fzVikyw1y90HHenMT4=
-2,1,rqiLrsu4jCQNeOU7iSm769SijBI=,E98NmcYU7gQEp3MgfWjSp2OMpvc=
-2,3,O1MfU2r5os8Vey7CGCWv7a0mysU=,XL1gk9TGUqaD5RHHWdXePsh0tEs=
-2,4,O1MfU2r5os8Vey7CGCWv7a0mysU=,PTAos1WgVGG4p0ZqnPMr79YVXGs=
-3,4,O1MfU2r5os8Vey7CGCWv7a0mysU=,/kyJbPpHKTqQW+pZ+CANbuB8IHQ=
-3,3,O1MfU2r5os8Vey7CGCWv7a0mysU=,hwbLZN1SJuhjqR3z5ovDRcCo6O0=
-3,5,O1MfU2r5os8Vey7CGCWv7a0mysU=,/kyJbPpHKTqQW+pZ+CANbuB8IHQ=
-3,6,O1MfU2r5os8Vey7CGCWv7a0mysU=,Ppk5Oaz6dNnU8a8fQF/eRMVTomg=
-2,5,O1MfU2r5os8Vey7CGCWv7a0mysU=,PTAos1WgVGG4p0ZqnPMr79YVXGs=
-2,6,O1MfU2r5os8Vey7CGCWv7a0mysU=,Ppk5Oaz6dNnU8a8fQF/eRMVTomg=
-5,5,V1/PdABuENzxgQbVYWIEMn+DUpM=,BRzU8ahPKKsjbj7Lw4pxj6z5hzk=
-4,6,V1/PdABuENzxgQbVYWIEMn+DUpM=,Ppk5Oaz6dNnU8a8fQF/eRMVTomg=
-4,5,V1/PdABuENzxgQbVYWIEMn+DUpM=,/kyJbPpHKTqQW+pZ+CANbuB8IHQ=
-5,6,V1/PdABuENzxgQbVYWIEMn+DUpM=,Ppk5Oaz6dNnU8a8fQF/eRMVTomg=
-6,6,V1/PdABuENzxgQbVYWIEMn+DUpM=,Ppk5Oaz6dNnU8a8fQF/eRMVTomg=
-6,5,V1/PdABuENzxgQbVYWIEMn+DUpM=,BRzU8ahPKKsjbj7Lw4pxj6z5hzk=
-7,6,V1/PdABuENzxgQbVYWIEMn+DUpM=,MNLJLN5oUDC/t/qiVrIgZzfsxBk=
-7,5,V1/PdABuENzxgQbVYWIEMn+DUpM=,VPH62qHA1zLUoIYGzZILb8YbuSk=
-6,8,Mt1qhUJ+II+cimNIZNco61ADpCM=,iyCHifXrkZfnYOrU8H4NDdD7hSw=
-7,7,Mt1qhUJ+II+cimNIZNco61ADpCM=,MNLJLN5oUDC/t/qiVrIgZzfsxBk=
-4,8,Mt1qhUJ+II+cimNIZNco61ADpCM=,iyCHifXrkZfnYOrU8H4NDdD7hSw=
-5,8,Mt1qhUJ+II+cimNIZNco61ADpCM=,iyCHifXrkZfnYOrU8H4NDdD7hSw=
-6,7,Mt1qhUJ+II+cimNIZNco61ADpCM=,Ppk5Oaz6dNnU8a8fQF/eRMVTomg=
-7,8,Mt1qhUJ+II+cimNIZNco61ADpCM=,iyCHifXrkZfnYOrU8H4NDdD7hSw=
-5,7,Mt1qhUJ+II+cimNIZNco61ADpCM=,Ppk5Oaz6dNnU8a8fQF/eRMVTomg=
-4,7,Mt1qhUJ+II+cimNIZNco61ADpCM=,Ppk5Oaz6dNnU8a8fQF/eRMVTomg=
-3,8,Mt1qhUJ+II+cimNIZNco61ADpCM=,iyCHifXrkZfnYOrU8H4NDdD7hSw=
-2,8,Mt1qhUJ+II+cimNIZNco61ADpCM=,bZKCweQBrynZ3QAihdlJ0ho00sQ=
-3,7,Mt1qhUJ+II+cimNIZNco61ADpCM=,Ppk5Oaz6dNnU8a8fQF/eRMVTomg=
-2,7,Mt1qhUJ+II+cimNIZNco61ADpCM=,Ppk5Oaz6dNnU8a8fQF/eRMVTomg=
-2,10,+Yx3HXAE3R1aqA4rjs/h5mBUHQI=,bZKCweQBrynZ3QAihdlJ0ho00sQ=
-3,9,+Yx3HXAE3R1aqA4rjs/h5mBUHQI=,iyCHifXrkZfnYOrU8H4NDdD7hSw=
-2,9,+Yx3HXAE3R1aqA4rjs/h5mBUHQI=,bZKCweQBrynZ3QAihdlJ0ho00sQ=
-3,10,+Yx3HXAE3R1aqA4rjs/h5mBUHQI=,iyCHifXrkZfnYOrU8H4NDdD7hSw=
-4,10,+Yx3HXAE3R1aqA4rjs/h5mBUHQI=,iyCHifXrkZfnYOrU8H4NDdD7hSw=
-5,10,+Yx3HXAE3R1aqA4rjs/h5mBUHQI=,iyCHifXrkZfnYOrU8H4NDdD7hSw=
-4,9,+Yx3HXAE3R1aqA4rjs/h5mBUHQI=,iyCHifXrkZfnYOrU8H4NDdD7hSw=
-5,9,+Yx3HXAE3R1aqA4rjs/h5mBUHQI=,iyCHifXrkZfnYOrU8H4NDdD7hSw=
-6,10,+Yx3HXAE3R1aqA4rjs/h5mBUHQI=,iyCHifXrkZfnYOrU8H4NDdD7hSw=
-7,10,+Yx3HXAE3R1aqA4rjs/h5mBUHQI=,iyCHifXrkZfnYOrU8H4NDdD7hSw=
-6,9,+Yx3HXAE3R1aqA4rjs/h5mBUHQI=,iyCHifXrkZfnYOrU8H4NDdD7hSw=
-7,9,+Yx3HXAE3R1aqA4rjs/h5mBUHQI=,iyCHifXrkZfnYOrU8H4NDdD7hSw=
-9,9,myN1h6dug4EF+k32nIzmDWnycYY=,iyCHifXrkZfnYOrU8H4NDdD7hSw=
-8,9,myN1h6dug4EF+k32nIzmDWnycYY=,iyCHifXrkZfnYOrU8H4NDdD7hSw=
-9,10,myN1h6dug4EF+k32nIzmDWnycYY=,iyCHifXrkZfnYOrU8H4NDdD7hSw=
-8,10,myN1h6dug4EF+k32nIzmDWnycYY=,iyCHifXrkZfnYOrU8H4NDdD7hSw=
-9,12,myN1h6dug4EF+k32nIzmDWnycYY=,ykzjBN1FzLoDLVcjQhCzHD0E/48=
-8,12,myN1h6dug4EF+k32nIzmDWnycYY=,+op4bzm2agVtK4Dy3Wh5rtdv31I=
-9,11,myN1h6dug4EF+k32nIzmDWnycYY=,iyCHifXrkZfnYOrU8H4NDdD7hSw=
-8,11,myN1h6dug4EF+k32nIzmDWnycYY=,iyCHifXrkZfnYOrU8H4NDdD7hSw=
-8,13,jH/NkwTVxgy+3V60n7qTd6VMGOc=,+op4bzm2agVtK4Dy3Wh5rtdv31I=
-8,14,jH/NkwTVxgy+3V60n7qTd6VMGOc=,khYtHwXfLualC0hPaoDmfklaIeM=
-9,14,jH/NkwTVxgy+3V60n7qTd6VMGOc=,63CtsDp6cmFF+ZCJCqDbhqqfBXU=
-9,13,jH/NkwTVxgy+3V60n7qTd6VMGOc=,ykzjBN1FzLoDLVcjQhCzHD0E/48=
-13,8,FV5LRgnVuQ4TEHpkV9TBlS1Loq4=,K4cLE092mEMD2SR3fy6S19sm3MA=
-12,8,FV5LRgnVuQ4TEHpkV9TBlS1Loq4=,zuDgc79b/HTC4eFi7aVcJOgQOj0=
-13,7,FV5LRgnVuQ4TEHpkV9TBlS1Loq4=,DMIFWcIK9/HHI7naHJNinu3FFRY=
-12,7,FV5LRgnVuQ4TEHpkV9TBlS1Loq4=,3Q83LhAilNbfN6UkJ3s9pWiMfWM=
-12,5,uFcSl8x55airrh2sX9QJqmhYUIE=,TYTKkPcG4LuMx14O7Ii+0aPy7JI=
-13,6,uFcSl8x55airrh2sX9QJqmhYUIE=,DMIFWcIK9/HHI7naHJNinu3FFRY=
-12,6,uFcSl8x55airrh2sX9QJqmhYUIE=,3Q83LhAilNbfN6UkJ3s9pWiMfWM=
-13,5,uFcSl8x55airrh2sX9QJqmhYUIE=,70lW7ABjvEQ/HMgvJhSBhqnqdc4=
-15,5,uFcSl8x55airrh2sX9QJqmhYUIE=,MJscW4pArzTa8xfv8kM8vcKwlYk=
-14,5,uFcSl8x55airrh2sX9QJqmhYUIE=,70lW7ABjvEQ/HMgvJhSBhqnqdc4=
-15,6,uFcSl8x55airrh2sX9QJqmhYUIE=,I9dQlc4icwn7dcdnLX5uEwwnH0c=
-14,6,uFcSl8x55airrh2sX9QJqmhYUIE=,DMIFWcIK9/HHI7naHJNinu3FFRY=
-12,4,ZCIQ5fpvKcLKHqB1PR9UKIFvyRs=,TYTKkPcG4LuMx14O7Ii+0aPy7JI=
-12,3,ZCIQ5fpvKcLKHqB1PR9UKIFvyRs=,hpXzUTQuPfRyLwePdZcH41azwnE=
-13,4,ZCIQ5fpvKcLKHqB1PR9UKIFvyRs=,70lW7ABjvEQ/HMgvJhSBhqnqdc4=
-13,3,ZCIQ5fpvKcLKHqB1PR9UKIFvyRs=,Cp2SgvGULpT7LIy3bOz1pwNU2j4=
-15,3,ZCIQ5fpvKcLKHqB1PR9UKIFvyRs=,hOzXonbLpRmNL5h0dwYYm2gKTiw=
-14,3,ZCIQ5fpvKcLKHqB1PR9UKIFvyRs=,Cp2SgvGULpT7LIy3bOz1pwNU2j4=
-15,4,ZCIQ5fpvKcLKHqB1PR9UKIFvyRs=,MJscW4pArzTa8xfv8kM8vcKwlYk=
-14,4,ZCIQ5fpvKcLKHqB1PR9UKIFvyRs=,70lW7ABjvEQ/HMgvJhSBhqnqdc4=
-12,2,T0Y5VXB2MnTOj4tjJSLAut6VErA=,hpXzUTQuPfRyLwePdZcH41azwnE=
-12,1,T0Y5VXB2MnTOj4tjJSLAut6VErA=,MBo1ARn4hBmOWPNziQzUVfUGwmw=
-13,2,T0Y5VXB2MnTOj4tjJSLAut6VErA=,Cp2SgvGULpT7LIy3bOz1pwNU2j4=
-13,1,T0Y5VXB2MnTOj4tjJSLAut6VErA=,gFQcRAmrX5PKlBdA2YFm36Yo0aM=
-15,1,T0Y5VXB2MnTOj4tjJSLAut6VErA=,QpvGL624VOIn/ZKZu+izyrjkfb8=
-14,2,T0Y5VXB2MnTOj4tjJSLAut6VErA=,Cp2SgvGULpT7LIy3bOz1pwNU2j4=
-14,1,T0Y5VXB2MnTOj4tjJSLAut6VErA=,gFQcRAmrX5PKlBdA2YFm36Yo0aM=
-15,2,T0Y5VXB2MnTOj4tjJSLAut6VErA=,hOzXonbLpRmNL5h0dwYYm2gKTiw=
-11,1,JhBV9IFD6cBLGonuHFyDF27anA0=,MBo1ARn4hBmOWPNziQzUVfUGwmw=
-10,1,JhBV9IFD6cBLGonuHFyDF27anA0=,B53mq6upv1AdDL9Ma1xcVyl24yk=
-11,2,JhBV9IFD6cBLGonuHFyDF27anA0=,hpXzUTQuPfRyLwePdZcH41azwnE=
-10,2,JhBV9IFD6cBLGonuHFyDF27anA0=,B53mq6upv1AdDL9Ma1xcVyl24yk=
-9,2,JhBV9IFD6cBLGonuHFyDF27anA0=,B53mq6upv1AdDL9Ma1xcVyl24yk=
-8,1,JhBV9IFD6cBLGonuHFyDF27anA0=,661gnn3WLKkkKh3x8Csz9crcNag=
-9,1,JhBV9IFD6cBLGonuHFyDF27anA0=,B53mq6upv1AdDL9Ma1xcVyl24yk=
-8,2,JhBV9IFD6cBLGonuHFyDF27anA0=,VPH62qHA1zLUoIYGzZILb8YbuSk=
-4,4,Qhx0i+V3SMF2mZ5XzwpsCtvKb7s=,/kyJbPpHKTqQW+pZ+CANbuB8IHQ=
-7,3,Qhx0i+V3SMF2mZ5XzwpsCtvKb7s=,VPH62qHA1zLUoIYGzZILb8YbuSk=
-4,3,Qhx0i+V3SMF2mZ5XzwpsCtvKb7s=,hwbLZN1SJuhjqR3z5ovDRcCo6O0=
-6,3,Qhx0i+V3SMF2mZ5XzwpsCtvKb7s=,aDsl3fMb6mjs3VlEP/lkFv3eSwk=
-6,4,Qhx0i+V3SMF2mZ5XzwpsCtvKb7s=,BRzU8ahPKKsjbj7Lw4pxj6z5hzk=
-7,4,Qhx0i+V3SMF2mZ5XzwpsCtvKb7s=,VPH62qHA1zLUoIYGzZILb8YbuSk=
-5,4,Qhx0i+V3SMF2mZ5XzwpsCtvKb7s=,BRzU8ahPKKsjbj7Lw4pxj6z5hzk=
-5,3,Qhx0i+V3SMF2mZ5XzwpsCtvKb7s=,aDsl3fMb6mjs3VlEP/lkFv3eSwk=
-9,0,Qhx0i+V3SMF2mZ5XzwpsCtvKb7s=,B53mq6upv1AdDL9Ma1xcVyl24yk=
-8,0,Qhx0i+V3SMF2mZ5XzwpsCtvKb7s=,661gnn3WLKkkKh3x8Csz9crcNag=
-11,0,Qhx0i+V3SMF2mZ5XzwpsCtvKb7s=,MBo1ARn4hBmOWPNziQzUVfUGwmw=
-10,0,Qhx0i+V3SMF2mZ5XzwpsCtvKb7s=,B53mq6upv1AdDL9Ma1xcVyl24yk=
-12,0,Qhx0i+V3SMF2mZ5XzwpsCtvKb7s=,MBo1ARn4hBmOWPNziQzUVfUGwmw=
-13,0,Qhx0i+V3SMF2mZ5XzwpsCtvKb7s=,gFQcRAmrX5PKlBdA2YFm36Yo0aM=
-6,1,Qhx0i+V3SMF2mZ5XzwpsCtvKb7s=,KAu8QGPCqRAGK3BdTq08B3ENKLI=
-6,0,Qhx0i+V3SMF2mZ5XzwpsCtvKb7s=,KAu8QGPCqRAGK3BdTq08B3ENKLI=
-4,2,Qhx0i+V3SMF2mZ5XzwpsCtvKb7s=,hwbLZN1SJuhjqR3z5ovDRcCo6O0=
-4,0,Qhx0i+V3SMF2mZ5XzwpsCtvKb7s=,GkEIIj+a2fzVikyw1y90HHenMT4=
-7,0,Qhx0i+V3SMF2mZ5XzwpsCtvKb7s=,661gnn3WLKkkKh3x8Csz9crcNag=
-5,1,Qhx0i+V3SMF2mZ5XzwpsCtvKb7s=,KAu8QGPCqRAGK3BdTq08B3ENKLI=
-4,1,Qhx0i+V3SMF2mZ5XzwpsCtvKb7s=,GkEIIj+a2fzVikyw1y90HHenMT4=
-5,2,Qhx0i+V3SMF2mZ5XzwpsCtvKb7s=,aDsl3fMb6mjs3VlEP/lkFv3eSwk=
-7,1,Qhx0i+V3SMF2mZ5XzwpsCtvKb7s=,661gnn3WLKkkKh3x8Csz9crcNag=
-6,2,Qhx0i+V3SMF2mZ5XzwpsCtvKb7s=,aDsl3fMb6mjs3VlEP/lkFv3eSwk=
-7,2,Qhx0i+V3SMF2mZ5XzwpsCtvKb7s=,VPH62qHA1zLUoIYGzZILb8YbuSk=
-5,0,Qhx0i+V3SMF2mZ5XzwpsCtvKb7s=,KAu8QGPCqRAGK3BdTq08B3ENKLI=
-2,0,Qhx0i+V3SMF2mZ5XzwpsCtvKb7s=,E98NmcYU7gQEp3MgfWjSp2OMpvc=
-3,0,Qhx0i+V3SMF2mZ5XzwpsCtvKb7s=,GkEIIj+a2fzVikyw1y90HHenMT4=
-1,1,Qhx0i+V3SMF2mZ5XzwpsCtvKb7s=,E98NmcYU7gQEp3MgfWjSp2OMpvc=
-1,2,Qhx0i+V3SMF2mZ5XzwpsCtvKb7s=,XL1gk9TGUqaD5RHHWdXePsh0tEs=
-1,3,Qhx0i+V3SMF2mZ5XzwpsCtvKb7s=,XL1gk9TGUqaD5RHHWdXePsh0tEs=
-1,4,Qhx0i+V3SMF2mZ5XzwpsCtvKb7s=,PTAos1WgVGG4p0ZqnPMr79YVXGs=
-1,5,Qhx0i+V3SMF2mZ5XzwpsCtvKb7s=,PTAos1WgVGG4p0ZqnPMr79YVXGs=
-1,8,Qhx0i+V3SMF2mZ5XzwpsCtvKb7s=,bZKCweQBrynZ3QAihdlJ0ho00sQ=
-1,6,Qhx0i+V3SMF2mZ5XzwpsCtvKb7s=,Ppk5Oaz6dNnU8a8fQF/eRMVTomg=
-1,7,Qhx0i+V3SMF2mZ5XzwpsCtvKb7s=,Ppk5Oaz6dNnU8a8fQF/eRMVTomg=
-1,10,Qhx0i+V3SMF2mZ5XzwpsCtvKb7s=,bZKCweQBrynZ3QAihdlJ0ho00sQ=
-1,9,Qhx0i+V3SMF2mZ5XzwpsCtvKb7s=,bZKCweQBrynZ3QAihdlJ0ho00sQ=
-11,4,Qhx0i+V3SMF2mZ5XzwpsCtvKb7s=,TYTKkPcG4LuMx14O7Ii+0aPy7JI=
-10,3,Qhx0i+V3SMF2mZ5XzwpsCtvKb7s=,B53mq6upv1AdDL9Ma1xcVyl24yk=
-9,4,Qhx0i+V3SMF2mZ5XzwpsCtvKb7s=,MNLJLN5oUDC/t/qiVrIgZzfsxBk=
-11,3,Qhx0i+V3SMF2mZ5XzwpsCtvKb7s=,hpXzUTQuPfRyLwePdZcH41azwnE=
-9,3,Qhx0i+V3SMF2mZ5XzwpsCtvKb7s=,B53mq6upv1AdDL9Ma1xcVyl24yk=
-8,4,Qhx0i+V3SMF2mZ5XzwpsCtvKb7s=,VPH62qHA1zLUoIYGzZILb8YbuSk=
-10,4,Qhx0i+V3SMF2mZ5XzwpsCtvKb7s=,MNLJLN5oUDC/t/qiVrIgZzfsxBk=
-8,3,Qhx0i+V3SMF2mZ5XzwpsCtvKb7s=,VPH62qHA1zLUoIYGzZILb8YbuSk=
-10,8,UDl9a5Cg3bN0BzuDMnZfSwIdee4=,iyCHifXrkZfnYOrU8H4NDdD7hSw=
-9,8,UDl9a5Cg3bN0BzuDMnZfSwIdee4=,iyCHifXrkZfnYOrU8H4NDdD7hSw=
-10,7,UDl9a5Cg3bN0BzuDMnZfSwIdee4=,MNLJLN5oUDC/t/qiVrIgZzfsxBk=
-10,5,UDl9a5Cg3bN0BzuDMnZfSwIdee4=,MNLJLN5oUDC/t/qiVrIgZzfsxBk=
-8,8,UDl9a5Cg3bN0BzuDMnZfSwIdee4=,iyCHifXrkZfnYOrU8H4NDdD7hSw=
-11,7,UDl9a5Cg3bN0BzuDMnZfSwIdee4=,3Q83LhAilNbfN6UkJ3s9pWiMfWM=
-11,8,UDl9a5Cg3bN0BzuDMnZfSwIdee4=,zuDgc79b/HTC4eFi7aVcJOgQOj0=
-8,7,UDl9a5Cg3bN0BzuDMnZfSwIdee4=,MNLJLN5oUDC/t/qiVrIgZzfsxBk=
-9,7,UDl9a5Cg3bN0BzuDMnZfSwIdee4=,MNLJLN5oUDC/t/qiVrIgZzfsxBk=
-8,5,UDl9a5Cg3bN0BzuDMnZfSwIdee4=,VPH62qHA1zLUoIYGzZILb8YbuSk=
-9,6,UDl9a5Cg3bN0BzuDMnZfSwIdee4=,MNLJLN5oUDC/t/qiVrIgZzfsxBk=
-9,5,UDl9a5Cg3bN0BzuDMnZfSwIdee4=,MNLJLN5oUDC/t/qiVrIgZzfsxBk=
-11,5,UDl9a5Cg3bN0BzuDMnZfSwIdee4=,TYTKkPcG4LuMx14O7Ii+0aPy7JI=
-10,6,UDl9a5Cg3bN0BzuDMnZfSwIdee4=,MNLJLN5oUDC/t/qiVrIgZzfsxBk=
-11,6,UDl9a5Cg3bN0BzuDMnZfSwIdee4=,3Q83LhAilNbfN6UkJ3s9pWiMfWM=
-8,6,UDl9a5Cg3bN0BzuDMnZfSwIdee4=,MNLJLN5oUDC/t/qiVrIgZzfsxBk=
-2,11,UDl9a5Cg3bN0BzuDMnZfSwIdee4=,bZKCweQBrynZ3QAihdlJ0ho00sQ=
-3,11,UDl9a5Cg3bN0BzuDMnZfSwIdee4=,iyCHifXrkZfnYOrU8H4NDdD7hSw=
-2,12,aoefhKN4THrlshx0F5QALd5XFRM=,9BVQJwn7UxnSx6UR5pJwJjQQb6k=
-3,12,aoefhKN4THrlshx0F5QALd5XFRM=,++1Tryj3fv4DdICJSGT1vKLY1F8=
-3,14,aoefhKN4THrlshx0F5QALd5XFRM=,lnDQJ5bhVj7fN5zFcyD7+sxPexw=
-2,13,aoefhKN4THrlshx0F5QALd5XFRM=,9BVQJwn7UxnSx6UR5pJwJjQQb6k=
-3,13,aoefhKN4THrlshx0F5QALd5XFRM=,++1Tryj3fv4DdICJSGT1vKLY1F8=
-2,14,aoefhKN4THrlshx0F5QALd5XFRM=,QZ7vhCJCu6zLsgKXjPyj5jQrocs=
-1,11,aoefhKN4THrlshx0F5QALd5XFRM=,bZKCweQBrynZ3QAihdlJ0ho00sQ=
-1,12,aoefhKN4THrlshx0F5QALd5XFRM=,9BVQJwn7UxnSx6UR5pJwJjQQb6k=
-1,14,aoefhKN4THrlshx0F5QALd5XFRM=,QZ7vhCJCu6zLsgKXjPyj5jQrocs=
-1,13,aoefhKN4THrlshx0F5QALd5XFRM=,9BVQJwn7UxnSx6UR5pJwJjQQb6k=
-9,15,aoefhKN4THrlshx0F5QALd5XFRM=,63CtsDp6cmFF+ZCJCqDbhqqfBXU=
-8,15,aoefhKN4THrlshx0F5QALd5XFRM=,khYtHwXfLualC0hPaoDmfklaIeM=
-4,11,M+V0rR503iVNezq/hBFlDBOI1fY=,iyCHifXrkZfnYOrU8H4NDdD7hSw=
-6,11,M+V0rR503iVNezq/hBFlDBOI1fY=,iyCHifXrkZfnYOrU8H4NDdD7hSw=
-5,12,M+V0rR503iVNezq/hBFlDBOI1fY=,3XDo7a6IwFaRUTSfyg/0EMS2xGg=
-5,11,M+V0rR503iVNezq/hBFlDBOI1fY=,iyCHifXrkZfnYOrU8H4NDdD7hSw=
-6,12,M+V0rR503iVNezq/hBFlDBOI1fY=,3XDo7a6IwFaRUTSfyg/0EMS2xGg=
-7,11,M+V0rR503iVNezq/hBFlDBOI1fY=,iyCHifXrkZfnYOrU8H4NDdD7hSw=
-4,12,M+V0rR503iVNezq/hBFlDBOI1fY=,++1Tryj3fv4DdICJSGT1vKLY1F8=
-4,15,M+V0rR503iVNezq/hBFlDBOI1fY=,lnDQJ5bhVj7fN5zFcyD7+sxPexw=
-7,12,M+V0rR503iVNezq/hBFlDBOI1fY=,+op4bzm2agVtK4Dy3Wh5rtdv31I=
-4,14,M+V0rR503iVNezq/hBFlDBOI1fY=,lnDQJ5bhVj7fN5zFcyD7+sxPexw=
-5,13,M+V0rR503iVNezq/hBFlDBOI1fY=,3XDo7a6IwFaRUTSfyg/0EMS2xGg=
-4,13,M+V0rR503iVNezq/hBFlDBOI1fY=,++1Tryj3fv4DdICJSGT1vKLY1F8=
-6,14,M+V0rR503iVNezq/hBFlDBOI1fY=,z4W0R5trSIijUClwmZnqCbEQo7w=
-7,15,M+V0rR503iVNezq/hBFlDBOI1fY=,khYtHwXfLualC0hPaoDmfklaIeM=
-5,15,M+V0rR503iVNezq/hBFlDBOI1fY=,z4W0R5trSIijUClwmZnqCbEQo7w=
-6,13,M+V0rR503iVNezq/hBFlDBOI1fY=,3XDo7a6IwFaRUTSfyg/0EMS2xGg=
-7,14,M+V0rR503iVNezq/hBFlDBOI1fY=,khYtHwXfLualC0hPaoDmfklaIeM=
-7,13,M+V0rR503iVNezq/hBFlDBOI1fY=,+op4bzm2agVtK4Dy3Wh5rtdv31I=
-5,14,M+V0rR503iVNezq/hBFlDBOI1fY=,z4W0R5trSIijUClwmZnqCbEQo7w=
-6,15,M+V0rR503iVNezq/hBFlDBOI1fY=,z4W0R5trSIijUClwmZnqCbEQo7w=
-11,13,M+V0rR503iVNezq/hBFlDBOI1fY=,IUJ6RyHJ5ENkVKfnj5fvQTfrqfc=
-11,14,M+V0rR503iVNezq/hBFlDBOI1fY=,dvjBILUn05FGWiBgOQra4mLbJvg=
-10,14,M+V0rR503iVNezq/hBFlDBOI1fY=,63CtsDp6cmFF+ZCJCqDbhqqfBXU=
-10,13,M+V0rR503iVNezq/hBFlDBOI1fY=,ykzjBN1FzLoDLVcjQhCzHD0E/48=
-13,14,GlK30lMfLdtoKFuDxgR+hruCSmI=,B7o5sChdzrIDkHlKuP2pF8IuzYQ=
-12,14,GlK30lMfLdtoKFuDxgR+hruCSmI=,dvjBILUn05FGWiBgOQra4mLbJvg=
-13,13,GlK30lMfLdtoKFuDxgR+hruCSmI=,GmBEEKcrXJeV/loMYtTLOWHn0o8=
-12,13,GlK30lMfLdtoKFuDxgR+hruCSmI=,IUJ6RyHJ5ENkVKfnj5fvQTfrqfc=
-14,14,GlK30lMfLdtoKFuDxgR+hruCSmI=,B7o5sChdzrIDkHlKuP2pF8IuzYQ=
-14,13,GlK30lMfLdtoKFuDxgR+hruCSmI=,GmBEEKcrXJeV/loMYtTLOWHn0o8=
-15,14,GlK30lMfLdtoKFuDxgR+hruCSmI=,xVc/b0bbf3oGFC//eeXzqAuOHKU=
-15,13,GlK30lMfLdtoKFuDxgR+hruCSmI=,PTIDh27e727NQZ7X8oFtk2TN0ZE=
-14,12,x9gx9fqfw3bO7mvYMokRmRb17VQ=,GmBEEKcrXJeV/loMYtTLOWHn0o8=
-14,11,x9gx9fqfw3bO7mvYMokRmRb17VQ=,ng8k23ee4fLjnkyEDJp1GrrM5Xs=
-15,12,x9gx9fqfw3bO7mvYMokRmRb17VQ=,PTIDh27e727NQZ7X8oFtk2TN0ZE=
-15,11,x9gx9fqfw3bO7mvYMokRmRb17VQ=,C1YYhkLSlXNdzowD7YOShJb+RAI=
-16,6,x9gx9fqfw3bO7mvYMokRmRb17VQ=,I9dQlc4icwn7dcdnLX5uEwwnH0c=
-16,5,x9gx9fqfw3bO7mvYMokRmRb17VQ=,MJscW4pArzTa8xfv8kM8vcKwlYk=
-16,3,x9gx9fqfw3bO7mvYMokRmRb17VQ=,hOzXonbLpRmNL5h0dwYYm2gKTiw=
-16,4,x9gx9fqfw3bO7mvYMokRmRb17VQ=,MJscW4pArzTa8xfv8kM8vcKwlYk=
-16,2,x9gx9fqfw3bO7mvYMokRmRb17VQ=,hOzXonbLpRmNL5h0dwYYm2gKTiw=
-16,1,x9gx9fqfw3bO7mvYMokRmRb17VQ=,QpvGL624VOIn/ZKZu+izyrjkfb8=
-15,0,x9gx9fqfw3bO7mvYMokRmRb17VQ=,QpvGL624VOIn/ZKZu+izyrjkfb8=
-14,0,x9gx9fqfw3bO7mvYMokRmRb17VQ=,gFQcRAmrX5PKlBdA2YFm36Yo0aM=
-16,0,qbIFgHkFAs0Y8R8oYv3U8J8AZBU=,QpvGL624VOIn/ZKZu+izyrjkfb8=
-2,15,qbIFgHkFAs0Y8R8oYv3U8J8AZBU=,QZ7vhCJCu6zLsgKXjPyj5jQrocs=
-3,15,qbIFgHkFAs0Y8R8oYv3U8J8AZBU=,lnDQJ5bhVj7fN5zFcyD7+sxPexw=
-15,10,qbIFgHkFAs0Y8R8oYv3U8J8AZBU=,C1YYhkLSlXNdzowD7YOShJb+RAI=
-16,9,qbIFgHkFAs0Y8R8oYv3U8J8AZBU=,wS1oNjI1ggszv3GcnlLK2xo4kJs=
-14,9,qbIFgHkFAs0Y8R8oYv3U8J8AZBU=,K4cLE092mEMD2SR3fy6S19sm3MA=
-15,9,qbIFgHkFAs0Y8R8oYv3U8J8AZBU=,wS1oNjI1ggszv3GcnlLK2xo4kJs=
-15,8,qbIFgHkFAs0Y8R8oYv3U8J8AZBU=,wS1oNjI1ggszv3GcnlLK2xo4kJs=
-15,7,qbIFgHkFAs0Y8R8oYv3U8J8AZBU=,I9dQlc4icwn7dcdnLX5uEwwnH0c=
-14,10,qbIFgHkFAs0Y8R8oYv3U8J8AZBU=,ng8k23ee4fLjnkyEDJp1GrrM5Xs=
-11,15,qbIFgHkFAs0Y8R8oYv3U8J8AZBU=,dvjBILUn05FGWiBgOQra4mLbJvg=
-16,8,qbIFgHkFAs0Y8R8oYv3U8J8AZBU=,wS1oNjI1ggszv3GcnlLK2xo4kJs=
-16,7,qbIFgHkFAs0Y8R8oYv3U8J8AZBU=,I9dQlc4icwn7dcdnLX5uEwwnH0c=
-16,10,qbIFgHkFAs0Y8R8oYv3U8J8AZBU=,C1YYhkLSlXNdzowD7YOShJb+RAI=
-12,15,qbIFgHkFAs0Y8R8oYv3U8J8AZBU=,dvjBILUn05FGWiBgOQra4mLbJvg=
-1,15,qbIFgHkFAs0Y8R8oYv3U8J8AZBU=,QZ7vhCJCu6zLsgKXjPyj5jQrocs=
-14,7,qbIFgHkFAs0Y8R8oYv3U8J8AZBU=,DMIFWcIK9/HHI7naHJNinu3FFRY=
-14,8,qbIFgHkFAs0Y8R8oYv3U8J8AZBU=,K4cLE092mEMD2SR3fy6S19sm3MA=
-10,15,qbIFgHkFAs0Y8R8oYv3U8J8AZBU=,63CtsDp6cmFF+ZCJCqDbhqqfBXU=
-13,15,qbIFgHkFAs0Y8R8oYv3U8J8AZBU=,B7o5sChdzrIDkHlKuP2pF8IuzYQ=
-14,15,qbIFgHkFAs0Y8R8oYv3U8J8AZBU=,B7o5sChdzrIDkHlKuP2pF8IuzYQ=
-15,15,qbIFgHkFAs0Y8R8oYv3U8J8AZBU=,xVc/b0bbf3oGFC//eeXzqAuOHKU=
-16,15,qbIFgHkFAs0Y8R8oYv3U8J8AZBU=,xVc/b0bbf3oGFC//eeXzqAuOHKU=
-16,12,qbIFgHkFAs0Y8R8oYv3U8J8AZBU=,PTIDh27e727NQZ7X8oFtk2TN0ZE=
-16,11,qbIFgHkFAs0Y8R8oYv3U8J8AZBU=,C1YYhkLSlXNdzowD7YOShJb+RAI=
-1,0,qbIFgHkFAs0Y8R8oYv3U8J8AZBU=,E98NmcYU7gQEp3MgfWjSp2OMpvc=
-16,13,qbIFgHkFAs0Y8R8oYv3U8J8AZBU=,PTIDh27e727NQZ7X8oFtk2TN0ZE=
-16,14,qbIFgHkFAs0Y8R8oYv3U8J8AZBU=,xVc/b0bbf3oGFC//eeXzqAuOHKU=
-13,11,qbIFgHkFAs0Y8R8oYv3U8J8AZBU=,ng8k23ee4fLjnkyEDJp1GrrM5Xs=
-12,11,qbIFgHkFAs0Y8R8oYv3U8J8AZBU=,QAatfJYOXTmFgdTup2siMbGOUDw=
-11,10,qbIFgHkFAs0Y8R8oYv3U8J8AZBU=,QAatfJYOXTmFgdTup2siMbGOUDw=
-13,12,qbIFgHkFAs0Y8R8oYv3U8J8AZBU=,GmBEEKcrXJeV/loMYtTLOWHn0o8=
-12,12,qbIFgHkFAs0Y8R8oYv3U8J8AZBU=,IUJ6RyHJ5ENkVKfnj5fvQTfrqfc=
-11,9,qbIFgHkFAs0Y8R8oYv3U8J8AZBU=,zuDgc79b/HTC4eFi7aVcJOgQOj0=
-13,10,qbIFgHkFAs0Y8R8oYv3U8J8AZBU=,ng8k23ee4fLjnkyEDJp1GrrM5Xs=
-11,12,qbIFgHkFAs0Y8R8oYv3U8J8AZBU=,IUJ6RyHJ5ENkVKfnj5fvQTfrqfc=
-10,11,qbIFgHkFAs0Y8R8oYv3U8J8AZBU=,iyCHifXrkZfnYOrU8H4NDdD7hSw=
-13,9,qbIFgHkFAs0Y8R8oYv3U8J8AZBU=,K4cLE092mEMD2SR3fy6S19sm3MA=
-12,10,qbIFgHkFAs0Y8R8oYv3U8J8AZBU=,QAatfJYOXTmFgdTup2siMbGOUDw=
-10,12,qbIFgHkFAs0Y8R8oYv3U8J8AZBU=,ykzjBN1FzLoDLVcjQhCzHD0E/48=
-10,10,qbIFgHkFAs0Y8R8oYv3U8J8AZBU=,iyCHifXrkZfnYOrU8H4NDdD7hSw=
-12,9,qbIFgHkFAs0Y8R8oYv3U8J8AZBU=,zuDgc79b/HTC4eFi7aVcJOgQOj0=
-11,11,qbIFgHkFAs0Y8R8oYv3U8J8AZBU=,QAatfJYOXTmFgdTup2siMbGOUDw=
-10,9,qbIFgHkFAs0Y8R8oYv3U8J8AZBU=,iyCHifXrkZfnYOrU8H4NDdD7hSw=
