-12,-12,WzDXFgcUfibFnOJwA3damP3R9PA=,IySIZjahjy94Xmnq0cgEon3d9q0=
-13,-13,WzDXFgcUfibFnOJwA3damP3R9PA=,3GuPX3HIEkBE2GaC5Lhg0LSeMg4=
-12,-13,WzDXFgcUfibFnOJwA3damP3R9PA=,NmMkSYhEHQ75Y0sZ882w1cSJfk4=
-13,-12,WzDXFgcUfibFnOJwA3damP3R9PA=,Qb3OqwVh0Q2W3qI7MbY5Jnw+TfM=
-10,-12,BpxMu8hb2MdjSmfU1LDKNTTbSDY=,9LnDahDZtC2SK0vcyjt93kHbkuw=
-11,-13,BpxMu8hb2MdjSmfU1LDKNTTbSDY=,NmMkSYhEHQ75Y0sZ882w1cSJfk4=
-11,-12,BpxMu8hb2MdjSmfU1LDKNTTbSDY=,IySIZjahjy94Xmnq0cgEon3d9q0=
-10,-13,BpxMu8hb2MdjSmfU1LDKNTTbSDY=,gZqbMMzaKaaPiqaP3vA27niPj1Q=
-8,-12,VNMISVSsbhqmMw5Z1Ipr7THHboU=,VSNjC+QEUabZW8XrPrxBnZZu4KU=
-8,-13,VNMISVSsbhqmMw5Z1Ipr7THHboU=,5NTlDJm9wdfRGDzKGXAnjuzpd/8=
-9,-13,VNMISVSsbhqmMw5Z1Ipr7THHboU=,gZqbMMzaKaaPiqaP3vA27niPj1Q=
-9,-12,VNMISVSsbhqmMw5Z1Ipr7THHboU=,9LnDahDZtC2SK0vcyjt93kHbkuw=
-6,-13,66aHGb2TSKT6wGKx5ESNOhPReQQ=,o22CFzax3dEv7uHByZrPLXgWupo=
-7,-13,66aHGb2TSKT6wGKx5ESNOhPReQQ=,5NTlDJm9wdfRGDzKGXAnjuzpd/8=
-7,-12,66aHGb2TSKT6wGKx5ESNOhPReQQ=,VSNjC+QEUabZW8XrPrxBnZZu4KU=
-6,-12,66aHGb2TSKT6wGKx5ESNOhPReQQ=,pPbvW09j4Q2EeD/1mcz9iHBDx04=
-4,-12,66aHGb2TSKT6wGKx5ESNOhPReQQ=,ZhA0btluGEL9p3SXR5CtXZvPi9I=
-4,-13,66aHGb2TSKT6wGKx5ESNOhPReQQ=,utlTGvH1udA4nKqnmti/bicJZr0=
-5,-13,66aHGb2TSKT6wGKx5ESNOhPReQQ=,o22CFzax3dEv7uHByZrPLXgWupo=
-5,-12,66aHGb2TSKT6wGKx5ESNOhPReQQ=,pPbvW09j4Q2EeD/1mcz9iHBDx04=
-4,-11,IRVEPSfgxQivKcsdbkX+1RVItJg=,ZhA0btluGEL9p3SXR5CtXZvPi9I=
-4,-10,IRVEPSfgxQivKcsdbkX+1RVItJg=,c+0XtClT/onEqq8fkRsCtgstGv4=
-5,-11,IRVEPSfgxQivKcsdbkX+1RVItJg=,pPbvW09j4Q2EeD/1mcz9iHBDx04=
-5,-10,IRVEPSfgxQivKcsdbkX+1RVItJg=,c+0XtClT/onEqq8fkRsCtgstGv4=
-3,-11,IRVEPSfgxQivKcsdbkX+1RVItJg=,ZhA0btluGEL9p3SXR5CtXZvPi9I=
-3,-10,IRVEPSfgxQivKcsdbkX+1RVItJg=,c+0XtClT/onEqq8fkRsCtgstGv4=
-2,-10,IRVEPSfgxQivKcsdbkX+1RVItJg=,WZEB76MaWA9oMW6b3AVLL6aJY70=
-2,-11,IRVEPSfgxQivKcsdbkX+1RVItJg=,cvkPPjzs/RRAhsEFY+Q2rOY+HqA=
-5,-8,3LFE+WSV31yh3ATR2MMzgyshqCg=,c+0XtClT/onEqq8fkRsCtgstGv4=
-5,-9,3LFE+WSV31yh3ATR2MMzgyshqCg=,c+0XtClT/onEqq8fkRsCtgstGv4=
-4,-8,3LFE+WSV31yh3ATR2MMzgyshqCg=,c+0XtClT/onEqq8fkRsCtgstGv4=
-4,-9,3LFE+WSV31yh3ATR2MMzgyshqCg=,c+0XtClT/onEqq8fkRsCtgstGv4=
-3,-9,3LFE+WSV31yh3ATR2MMzgyshqCg=,c+0XtClT/onEqq8fkRsCtgstGv4=
-3,-8,3LFE+WSV31yh3ATR2MMzgyshqCg=,c+0XtClT/onEqq8fkRsCtgstGv4=
-2,-8,3LFE+WSV31yh3ATR2MMzgyshqCg=,DKUUXRGkkq+vmyvK9M093yQOMDQ=
-2,-9,3LFE+WSV31yh3ATR2MMzgyshqCg=,WZEB76MaWA9oMW6b3AVLL6aJY70=
-3,-7,Hza/DqTZiFCqzMWOKHZiwW1MSE4=,c+0XtClT/onEqq8fkRsCtgstGv4=
-2,-6,Hza/DqTZiFCqzMWOKHZiwW1MSE4=,+wbxMH8hCjq1P4+7N637bxzjG2Q=
-3,-6,Hza/DqTZiFCqzMWOKHZiwW1MSE4=,+wbxMH8hCjq1P4+7N637bxzjG2Q=
-2,-7,Hza/DqTZiFCqzMWOKHZiwW1MSE4=,DKUUXRGkkq+vmyvK9M093yQOMDQ=
-4,-6,Hza/DqTZiFCqzMWOKHZiwW1MSE4=,+wbxMH8hCjq1P4+7N637bxzjG2Q=
-4,-7,Hza/DqTZiFCqzMWOKHZiwW1MSE4=,c+0XtClT/onEqq8fkRsCtgstGv4=
-5,-7,Hza/DqTZiFCqzMWOKHZiwW1MSE4=,c+0XtClT/onEqq8fkRsCtgstGv4=
-5,-6,Hza/DqTZiFCqzMWOKHZiwW1MSE4=,+wbxMH8hCjq1P4+7N637bxzjG2Q=
-5,-5,Hza/DqTZiFCqzMWOKHZiwW1MSE4=,+wbxMH8hCjq1P4+7N637bxzjG2Q=
-4,-5,Hza/DqTZiFCqzMWOKHZiwW1MSE4=,+wbxMH8hCjq1P4+7N637bxzjG2Q=
-4,-4,Hza/DqTZiFCqzMWOKHZiwW1MSE4=,XqGAeyD4G8ix/sS/0/AJ6W+E51E=
-5,-4,Hza/DqTZiFCqzMWOKHZiwW1MSE4=,+wbxMH8hCjq1P4+7N637bxzjG2Q=
-3,-5,dhXTRLjCweCXq+b0RvaQvFLK+Ao=,+wbxMH8hCjq1P4+7N637bxzjG2Q=
-2,-4,dhXTRLjCweCXq+b0RvaQvFLK+Ao=,XqGAeyD4G8ix/sS/0/AJ6W+E51E=
-3,-4,dhXTRLjCweCXq+b0RvaQvFLK+Ao=,XqGAeyD4G8ix/sS/0/AJ6W+E51E=
-2,-5,dhXTRLjCweCXq+b0RvaQvFLK+Ao=,+wbxMH8hCjq1P4+7N637bxzjG2Q=
-2,-2,dhXTRLjCweCXq+b0RvaQvFLK+Ao=,+t5qtJx7AdpqfmGvTPGGtRKFXk0=
-3,-2,dhXTRLjCweCXq+b0RvaQvFLK+Ao=,XqGAeyD4G8ix/sS/0/AJ6W+E51E=
-2,-3,dhXTRLjCweCXq+b0RvaQvFLK+Ao=,XqGAeyD4G8ix/sS/0/AJ6W+E51E=
-3,-3,dhXTRLjCweCXq+b0RvaQvFLK+Ao=,XqGAeyD4G8ix/sS/0/AJ6W+E51E=
-4,-3,dhXTRLjCweCXq+b0RvaQvFLK+Ao=,XqGAeyD4G8ix/sS/0/AJ6W+E51E=
-5,-2,dhXTRLjCweCXq+b0RvaQvFLK+Ao=,+wbxMH8hCjq1P4+7N637bxzjG2Q=
-4,-2,dhXTRLjCweCXq+b0RvaQvFLK+Ao=,XqGAeyD4G8ix/sS/0/AJ6W+E51E=
-5,-3,dhXTRLjCweCXq+b0RvaQvFLK+Ao=,+wbxMH8hCjq1P4+7N637bxzjG2Q=
-6,-2,O369XPGVB/28IHabVrS4lz435hY=,+wbxMH8hCjq1P4+7N637bxzjG2Q=
-6,-3,O369XPGVB/28IHabVrS4lz435hY=,+wbxMH8hCjq1P4+7N637bxzjG2Q=
-7,-2,O369XPGVB/28IHabVrS4lz435hY=,B53mq6upv1AdDL9Ma1xcVyl24yk=
-7,-3,O369XPGVB/28IHabVrS4lz435hY=,B53mq6upv1AdDL9Ma1xcVyl24yk=
-8,-2,yB5YJJAcmyKk/Noi+XTBTtMg4uY=,B53mq6upv1AdDL9Ma1xcVyl24yk=
-9,-2,yB5YJJAcmyKk/Noi+XTBTtMg4uY=,B53mq6upv1AdDL9Ma1xcVyl24yk=
-9,-3,yB5YJJAcmyKk/Noi+XTBTtMg4uY=,B53mq6upv1AdDL9Ma1xcVyl24yk=
-8,-3,yB5YJJAcmyKk/Noi+XTBTtMg4uY=,B53mq6upv1AdDL9Ma1xcVyl24yk=
-7,-5,ill3JgUYt776CXYyrM04ydcCRG4=,x50N2IfqA0tcwO0FUvAXA48EKyM=
-6,-4,ill3JgUYt776CXYyrM04ydcCRG4=,+wbxMH8hCjq1P4+7N637bxzjG2Q=
-9,-4,ill3JgUYt776CXYyrM04ydcCRG4=,B53mq6upv1AdDL9Ma1xcVyl24yk=
-6,-5,ill3JgUYt776CXYyrM04ydcCRG4=,+wbxMH8hCjq1P4+7N637bxzjG2Q=
-8,-4,ill3JgUYt776CXYyrM04ydcCRG4=,B53mq6upv1AdDL9Ma1xcVyl24yk=
-8,-5,ill3JgUYt776CXYyrM04ydcCRG4=,x50N2IfqA0tcwO0FUvAXA48EKyM=
-7,-4,ill3JgUYt776CXYyrM04ydcCRG4=,B53mq6upv1AdDL9Ma1xcVyl24yk=
-9,-5,ill3JgUYt776CXYyrM04ydcCRG4=,x50N2IfqA0tcwO0FUvAXA48EKyM=
-6,-7,ill3JgUYt776CXYyrM04ydcCRG4=,c+0XtClT/onEqq8fkRsCtgstGv4=
-8,-6,ill3JgUYt776CXYyrM04ydcCRG4=,x50N2IfqA0tcwO0FUvAXA48EKyM=
-9,-7,ill3JgUYt776CXYyrM04ydcCRG4=,x50N2IfqA0tcwO0FUvAXA48EKyM=
-6,-6,ill3JgUYt776CXYyrM04ydcCRG4=,+wbxMH8hCjq1P4+7N637bxzjG2Q=
-7,-6,ill3JgUYt776CXYyrM04ydcCRG4=,x50N2IfqA0tcwO0FUvAXA48EKyM=
-9,-6,ill3JgUYt776CXYyrM04ydcCRG4=,x50N2IfqA0tcwO0FUvAXA48EKyM=
-7,-7,ill3JgUYt776CXYyrM04ydcCRG4=,x50N2IfqA0tcwO0FUvAXA48EKyM=
-8,-7,ill3JgUYt776CXYyrM04ydcCRG4=,x50N2IfqA0tcwO0FUvAXA48EKyM=
-11,-7,K+UNpd3EdwVSAifjNULs8oDCOXo=,f+ASHaA40dROgRLwnUw5ZyQtLFk=
-10,-6,K+UNpd3EdwVSAifjNULs8oDCOXo=,x50N2IfqA0tcwO0FUvAXA48EKyM=
-10,-7,K+UNpd3EdwVSAifjNULs8oDCOXo=,x50N2IfqA0tcwO0FUvAXA48EKyM=
-11,-6,K+UNpd3EdwVSAifjNULs8oDCOXo=,mEDTrxJJ7Cy3HSF4UDDibA2JRqA=
-11,-9,K+UNpd3EdwVSAifjNULs8oDCOXo=,gO+A2DtjxBihodJ0Zdmpd6BEI1I=
-11,-11,K+UNpd3EdwVSAifjNULs8oDCOXo=,IySIZjahjy94Xmnq0cgEon3d9q0=
-11,-8,K+UNpd3EdwVSAifjNULs8oDCOXo=,f+ASHaA40dROgRLwnUw5ZyQtLFk=
-10,-9,K+UNpd3EdwVSAifjNULs8oDCOXo=,x50N2IfqA0tcwO0FUvAXA48EKyM=
-10,-10,K+UNpd3EdwVSAifjNULs8oDCOXo=,x50N2IfqA0tcwO0FUvAXA48EKyM=
-10,-8,K+UNpd3EdwVSAifjNULs8oDCOXo=,x50N2IfqA0tcwO0FUvAXA48EKyM=
-11,-10,K+UNpd3EdwVSAifjNULs8oDCOXo=,gO+A2DtjxBihodJ0Zdmpd6BEI1I=
-10,-11,K+UNpd3EdwVSAifjNULs8oDCOXo=,9LnDahDZtC2SK0vcyjt93kHbkuw=
-13,-7,HljrBspsEr2nNhDJY6YJDEsQJkA=,LNdaMpMfuXA7b2uV6B3uKFa2rUI=
-12,-7,HljrBspsEr2nNhDJY6YJDEsQJkA=,f+ASHaA40dROgRLwnUw5ZyQtLFk=
-12,-6,HljrBspsEr2nNhDJY6YJDEsQJkA=,mEDTrxJJ7Cy3HSF4UDDibA2JRqA=
-13,-6,HljrBspsEr2nNhDJY6YJDEsQJkA=,IWmTqFXEyfGzy7m8OrrWL1/aqEA=
-13,-11,KAtSQjIjNHQSTqLNvkWebB1WJUs=,Qb3OqwVh0Q2W3qI7MbY5Jnw+TfM=
-12,-8,KAtSQjIjNHQSTqLNvkWebB1WJUs=,f+ASHaA40dROgRLwnUw5ZyQtLFk=
-12,-11,KAtSQjIjNHQSTqLNvkWebB1WJUs=,IySIZjahjy94Xmnq0cgEon3d9q0=
-12,-9,KAtSQjIjNHQSTqLNvkWebB1WJUs=,gO+A2DtjxBihodJ0Zdmpd6BEI1I=
-13,-9,KAtSQjIjNHQSTqLNvkWebB1WJUs=,XFNeSbALiPHvV0zKmSDQyrH/JUs=
-13,-10,KAtSQjIjNHQSTqLNvkWebB1WJUs=,XFNeSbALiPHvV0zKmSDQyrH/JUs=
-12,-10,KAtSQjIjNHQSTqLNvkWebB1WJUs=,gO+A2DtjxBihodJ0Zdmpd6BEI1I=
-13,-8,KAtSQjIjNHQSTqLNvkWebB1WJUs=,LNdaMpMfuXA7b2uV6B3uKFa2rUI=
-14,-3,vZWZWwMD1QIZlS6LvRnSWjzaNQ0=,dgkMt86CYCC6Al5YpBKAZsSCoGA=
-15,-2,vZWZWwMD1QIZlS6LvRnSWjzaNQ0=,UCiSE3plUBgIFpx/Ckz1abDr5H8=
-14,-2,vZWZWwMD1QIZlS6LvRnSWjzaNQ0=,yWOAD+f/Mcr7y+K5HIWj+R5aHv4=
-15,-3,vZWZWwMD1QIZlS6LvRnSWjzaNQ0=,y0I+x4MdLarBuJltcBUJiCxDB88=
-10,-4,vZWZWwMD1QIZlS6LvRnSWjzaNQ0=,B53mq6upv1AdDL9Ma1xcVyl24yk=
-12,-4,vZWZWwMD1QIZlS6LvRnSWjzaNQ0=,cDrLAe32TT5wIXJO6rSgGg1XHKw=
-12,-5,vZWZWwMD1QIZlS6LvRnSWjzaNQ0=,mEDTrxJJ7Cy3HSF4UDDibA2JRqA=
-10,-5,vZWZWwMD1QIZlS6LvRnSWjzaNQ0=,x50N2IfqA0tcwO0FUvAXA48EKyM=
-11,-4,vZWZWwMD1QIZlS6LvRnSWjzaNQ0=,cDrLAe32TT5wIXJO6rSgGg1XHKw=
-11,-5,vZWZWwMD1QIZlS6LvRnSWjzaNQ0=,mEDTrxJJ7Cy3HSF4UDDibA2JRqA=
-13,-5,vZWZWwMD1QIZlS6LvRnSWjzaNQ0=,IWmTqFXEyfGzy7m8OrrWL1/aqEA=
-13,-4,vZWZWwMD1QIZlS6LvRnSWjzaNQ0=,dgkMt86CYCC6Al5YpBKAZsSCoGA=
-14,-4,GUXzVSK0rOO8DdS8+uCW98bYvk4=,dgkMt86CYCC6Al5YpBKAZsSCoGA=
-15,-5,GUXzVSK0rOO8DdS8+uCW98bYvk4=,KbYvebUAqpkT+d622vgzFRNRDeg=
-14,-5,GUXzVSK0rOO8DdS8+uCW98bYvk4=,IWmTqFXEyfGzy7m8OrrWL1/aqEA=
-15,-4,GUXzVSK0rOO8DdS8+uCW98bYvk4=,y0I+x4MdLarBuJltcBUJiCxDB88=
-10,-3,GUXzVSK0rOO8DdS8+uCW98bYvk4=,B53mq6upv1AdDL9Ma1xcVyl24yk=
-11,-3,GUXzVSK0rOO8DdS8+uCW98bYvk4=,cDrLAe32TT5wIXJO6rSgGg1XHKw=
-12,-2,GUXzVSK0rOO8DdS8+uCW98bYvk4=,9Qlg9oiuqp8m2ZAApRREP+o/okE=
-10,-2,GUXzVSK0rOO8DdS8+uCW98bYvk4=,B53mq6upv1AdDL9Ma1xcVyl24yk=
-13,-3,GUXzVSK0rOO8DdS8+uCW98bYvk4=,dgkMt86CYCC6Al5YpBKAZsSCoGA=
-11,-2,GUXzVSK0rOO8DdS8+uCW98bYvk4=,9Qlg9oiuqp8m2ZAApRREP+o/okE=
-13,-2,GUXzVSK0rOO8DdS8+uCW98bYvk4=,yWOAD+f/Mcr7y+K5HIWj+R5aHv4=
-12,-3,GUXzVSK0rOO8DdS8+uCW98bYvk4=,cDrLAe32TT5wIXJO6rSgGg1XHKw=
-14,-6,GUXzVSK0rOO8DdS8+uCW98bYvk4=,IWmTqFXEyfGzy7m8OrrWL1/aqEA=
-15,-7,GUXzVSK0rOO8DdS8+uCW98bYvk4=,VESuu/M0ANvh0z2f/m/kZeD/XAo=
-15,-6,GUXzVSK0rOO8DdS8+uCW98bYvk4=,KbYvebUAqpkT+d622vgzFRNRDeg=
-15,-8,GUXzVSK0rOO8DdS8+uCW98bYvk4=,VESuu/M0ANvh0z2f/m/kZeD/XAo=
-14,-8,GUXzVSK0rOO8DdS8+uCW98bYvk4=,LNdaMpMfuXA7b2uV6B3uKFa2rUI=
-15,-9,GUXzVSK0rOO8DdS8+uCW98bYvk4=,7BTGeAuBD8Ax0z18BRcD4KLgQug=
-14,-9,GUXzVSK0rOO8DdS8+uCW98bYvk4=,XFNeSbALiPHvV0zKmSDQyrH/JUs=
-14,-7,GUXzVSK0rOO8DdS8+uCW98bYvk4=,LNdaMpMfuXA7b2uV6B3uKFa2rUI=
-15,-10,soVwTdoxBbs87PZ35EbaIYXAeMg=,7BTGeAuBD8Ax0z18BRcD4KLgQug=
-14,-11,soVwTdoxBbs87PZ35EbaIYXAeMg=,Qb3OqwVh0Q2W3qI7MbY5Jnw+TfM=
-15,-11,soVwTdoxBbs87PZ35EbaIYXAeMg=,6wyVoOyJx51MfCy8L+DmkqLUAH8=
-14,-10,soVwTdoxBbs87PZ35EbaIYXAeMg=,XFNeSbALiPHvV0zKmSDQyrH/JUs=
-15,-12,soVwTdoxBbs87PZ35EbaIYXAeMg=,6wyVoOyJx51MfCy8L+DmkqLUAH8=
-14,-13,soVwTdoxBbs87PZ35EbaIYXAeMg=,3GuPX3HIEkBE2GaC5Lhg0LSeMg4=
-15,-13,soVwTdoxBbs87PZ35EbaIYXAeMg=,5mooP+fNZB7D7ZK/TAyuNZwa86s=
-14,-12,soVwTdoxBbs87PZ35EbaIYXAeMg=,Qb3OqwVh0Q2W3qI7MbY5Jnw+TfM=
-15,-14,JA0rk5mj3LMqGhuiOsKEKygcnhY=,5mooP+fNZB7D7ZK/TAyuNZwa86s=
-14,-14,JA0rk5mj3LMqGhuiOsKEKygcnhY=,3GuPX3HIEkBE2GaC5Lhg0LSeMg4=
-15,-15,JA0rk5mj3LMqGhuiOsKEKygcnhY=,AFHl/yrLeQqup45vR2bME5ZBuIs=
-14,-15,JA0rk5mj3LMqGhuiOsKEKygcnhY=,R4CYooXMFdE9Q/NRLPkOvG69x6c=
-12,-14,JA0rk5mj3LMqGhuiOsKEKygcnhY=,NmMkSYhEHQ75Y0sZ882w1cSJfk4=
-12,-15,JA0rk5mj3LMqGhuiOsKEKygcnhY=,bC5dfbdRcteLy4DgELjhC10Fbzo=
-13,-15,JA0rk5mj3LMqGhuiOsKEKygcnhY=,R4CYooXMFdE9Q/NRLPkOvG69x6c=
-13,-14,JA0rk5mj3LMqGhuiOsKEKygcnhY=,3GuPX3HIEkBE2GaC5Lhg0LSeMg4=
-11,-15,5xeIAP+EoHvGqPntAtTUZNeNo/U=,bC5dfbdRcteLy4DgELjhC10Fbzo=
-10,-14,5xeIAP+EoHvGqPntAtTUZNeNo/U=,gZqbMMzaKaaPiqaP3vA27niPj1Q=
-11,-14,5xeIAP+EoHvGqPntAtTUZNeNo/U=,NmMkSYhEHQ75Y0sZ882w1cSJfk4=
-10,-15,5xeIAP+EoHvGqPntAtTUZNeNo/U=,M2U1mouhIwtSvOgEE76q4959dFg=
-6,-14,5xeIAP+EoHvGqPntAtTUZNeNo/U=,o22CFzax3dEv7uHByZrPLXgWupo=
-8,-15,5xeIAP+EoHvGqPntAtTUZNeNo/U=,gZxjOIsYLdjUFKe8ebgCvmrDfCM=
-9,-15,5xeIAP+EoHvGqPntAtTUZNeNo/U=,M2U1mouhIwtSvOgEE76q4959dFg=
-6,-15,5xeIAP+EoHvGqPntAtTUZNeNo/U=,7oCVMBz5dPcEXovwsoOWESdAQAU=
-7,-14,5xeIAP+EoHvGqPntAtTUZNeNo/U=,5NTlDJm9wdfRGDzKGXAnjuzpd/8=
-8,-14,5xeIAP+EoHvGqPntAtTUZNeNo/U=,5NTlDJm9wdfRGDzKGXAnjuzpd/8=
-9,-14,5xeIAP+EoHvGqPntAtTUZNeNo/U=,gZqbMMzaKaaPiqaP3vA27niPj1Q=
-7,-15,5xeIAP+EoHvGqPntAtTUZNeNo/U=,gZxjOIsYLdjUFKe8ebgCvmrDfCM=
-1,-10,OxgfTUMUAJdh0owZkGIS7MnMALc=,WZEB76MaWA9oMW6b3AVLL6aJY70=
-1,-11,OxgfTUMUAJdh0owZkGIS7MnMALc=,cvkPPjzs/RRAhsEFY+Q2rOY+HqA=
-1,-8,OxgfTUMUAJdh0owZkGIS7MnMALc=,DKUUXRGkkq+vmyvK9M093yQOMDQ=
-1,-9,OxgfTUMUAJdh0owZkGIS7MnMALc=,WZEB76MaWA9oMW6b3AVLL6aJY70=
-1,-7,OxgfTUMUAJdh0owZkGIS7MnMALc=,DKUUXRGkkq+vmyvK9M093yQOMDQ=
-1,-6,OxgfTUMUAJdh0owZkGIS7MnMALc=,+wbxMH8hCjq1P4+7N637bxzjG2Q=
-1,-5,OxgfTUMUAJdh0owZkGIS7MnMALc=,+wbxMH8hCjq1P4+7N637bxzjG2Q=
-1,-4,OxgfTUMUAJdh0owZkGIS7MnMALc=,XqGAeyD4G8ix/sS/0/AJ6W+E51E=
-1,-2,OxgfTUMUAJdh0owZkGIS7MnMALc=,+t5qtJx7AdpqfmGvTPGGtRKFXk0=
-1,-3,OxgfTUMUAJdh0owZkGIS7MnMALc=,XqGAeyD4G8ix/sS/0/AJ6W+E51E=
-5,-14,OxgfTUMUAJdh0owZkGIS7MnMALc=,o22CFzax3dEv7uHByZrPLXgWupo=
-5,-15,OxgfTUMUAJdh0owZkGIS7MnMALc=,7oCVMBz5dPcEXovwsoOWESdAQAU=
-4,-15,OxgfTUMUAJdh0owZkGIS7MnMALc=,7QbkKiPWs1bivsdOT/1fEB+oNGE=
-4,-16,OxgfTUMUAJdh0owZkGIS7MnMALc=,7QbkKiPWs1bivsdOT/1fEB+oNGE=
-3,-1,OxgfTUMUAJdh0owZkGIS7MnMALc=,XqGAeyD4G8ix/sS/0/AJ6W+E51E=
-4,-14,OxgfTUMUAJdh0owZkGIS7MnMALc=,utlTGvH1udA4nKqnmti/bicJZr0=
-2,-1,OxgfTUMUAJdh0owZkGIS7MnMALc=,+t5qtJx7AdpqfmGvTPGGtRKFXk0=
-5,-16,OxgfTUMUAJdh0owZkGIS7MnMALc=,7oCVMBz5dPcEXovwsoOWESdAQAU=
-4,-1,OxgfTUMUAJdh0owZkGIS7MnMALc=,XqGAeyD4G8ix/sS/0/AJ6W+E51E=
-5,-1,OxgfTUMUAJdh0owZkGIS7MnMALc=,+wbxMH8hCjq1P4+7N637bxzjG2Q=
-6,-1,OxgfTUMUAJdh0owZkGIS7MnMALc=,+wbxMH8hCjq1P4+7N637bxzjG2Q=
-7,-1,OxgfTUMUAJdh0owZkGIS7MnMALc=,B53mq6upv1AdDL9Ma1xcVyl24yk=
-3,-16,OxgfTUMUAJdh0owZkGIS7MnMALc=,7QbkKiPWs1bivsdOT/1fEB+oNGE=
-11,-1,OxgfTUMUAJdh0owZkGIS7MnMALc=,9Qlg9oiuqp8m2ZAApRREP+o/okE=
-9,-1,OxgfTUMUAJdh0owZkGIS7MnMALc=,B53mq6upv1AdDL9Ma1xcVyl24yk=
-8,-1,OxgfTUMUAJdh0owZkGIS7MnMALc=,B53mq6upv1AdDL9Ma1xcVyl24yk=
-10,-1,OxgfTUMUAJdh0owZkGIS7MnMALc=,B53mq6upv1AdDL9Ma1xcVyl24yk=
-2,-16,OxgfTUMUAJdh0owZkGIS7MnMALc=,rBHcCuA7n8hMP/xgnZBw76I2H6s=
-13,-1,OxgfTUMUAJdh0owZkGIS7MnMALc=,yWOAD+f/Mcr7y+K5HIWj+R5aHv4=
-15,-1,OxgfTUMUAJdh0owZkGIS7MnMALc=,UCiSE3plUBgIFpx/Ckz1abDr5H8=
-12,-1,OxgfTUMUAJdh0owZkGIS7MnMALc=,9Qlg9oiuqp8m2ZAApRREP+o/okE=
-14,-1,OxgfTUMUAJdh0owZkGIS7MnMALc=,yWOAD+f/Mcr7y+K5HIWj+R5aHv4=
-16,-3,OxgfTUMUAJdh0owZkGIS7MnMALc=,y0I+x4MdLarBuJltcBUJiCxDB88=
-16,-2,OxgfTUMUAJdh0owZkGIS7MnMALc=,UCiSE3plUBgIFpx/Ckz1abDr5H8=
-16,-5,OxgfTUMUAJdh0owZkGIS7MnMALc=,KbYvebUAqpkT+d622vgzFRNRDeg=
-16,-4,OxgfTUMUAJdh0owZkGIS7MnMALc=,y0I+x4MdLarBuJltcBUJiCxDB88=
-16,-7,OxgfTUMUAJdh0owZkGIS7MnMALc=,VESuu/M0ANvh0z2f/m/kZeD/XAo=
-16,-6,OxgfTUMUAJdh0owZkGIS7MnMALc=,KbYvebUAqpkT+d622vgzFRNRDeg=
-16,-10,OxgfTUMUAJdh0owZkGIS7MnMALc=,7BTGeAuBD8Ax0z18BRcD4KLgQug=
-16,-8,OxgfTUMUAJdh0owZkGIS7MnMALc=,VESuu/M0ANvh0z2f/m/kZeD/XAo=
-16,-9,OxgfTUMUAJdh0owZkGIS7MnMALc=,7BTGeAuBD8Ax0z18BRcD4KLgQug=
-16,-11,OxgfTUMUAJdh0owZkGIS7MnMALc=,6wyVoOyJx51MfCy8L+DmkqLUAH8=
-16,-13,OxgfTUMUAJdh0owZkGIS7MnMALc=,5mooP+fNZB7D7ZK/TAyuNZwa86s=
-16,-12,OxgfTUMUAJdh0owZkGIS7MnMALc=,6wyVoOyJx51MfCy8L+DmkqLUAH8=
-1,-12,OxgfTUMUAJdh0owZkGIS7MnMALc=,cvkPPjzs/RRAhsEFY+Q2rOY+HqA=
-3,-14,DsDG6VdzZ8LMyfmUFovApfZyymg=,utlTGvH1udA4nKqnmti/bicJZr0=
-2,-14,DsDG6VdzZ8LMyfmUFovApfZyymg=,ffisUYUUUxBCA/HLgLRIi6LSlvo=
-2,-12,DsDG6VdzZ8LMyfmUFovApfZyymg=,cvkPPjzs/RRAhsEFY+Q2rOY+HqA=
-3,-13,DsDG6VdzZ8LMyfmUFovApfZyymg=,utlTGvH1udA4nKqnmti/bicJZr0=
-2,-15,DsDG6VdzZ8LMyfmUFovApfZyymg=,rBHcCuA7n8hMP/xgnZBw76I2H6s=
-1,-14,DsDG6VdzZ8LMyfmUFovApfZyymg=,ffisUYUUUxBCA/HLgLRIi6LSlvo=
-2,-13,DsDG6VdzZ8LMyfmUFovApfZyymg=,ffisUYUUUxBCA/HLgLRIi6LSlvo=
-1,-15,DsDG6VdzZ8LMyfmUFovApfZyymg=,rBHcCuA7n8hMP/xgnZBw76I2H6s=
-3,-15,DsDG6VdzZ8LMyfmUFovApfZyymg=,7QbkKiPWs1bivsdOT/1fEB+oNGE=
-16,-14,DsDG6VdzZ8LMyfmUFovApfZyymg=,5mooP+fNZB7D7ZK/TAyuNZwa86s=
-1,-13,DsDG6VdzZ8LMyfmUFovApfZyymg=,ffisUYUUUxBCA/HLgLRIi6LSlvo=
-3,-12,DsDG6VdzZ8LMyfmUFovApfZyymg=,ZhA0btluGEL9p3SXR5CtXZvPi9I=
-16,-15,DsDG6VdzZ8LMyfmUFovApfZyymg=,AFHl/yrLeQqup45vR2bME5ZBuIs=
-12,-16,DsDG6VdzZ8LMyfmUFovApfZyymg=,bC5dfbdRcteLy4DgELjhC10Fbzo=
-14,-16,DsDG6VdzZ8LMyfmUFovApfZyymg=,R4CYooXMFdE9Q/NRLPkOvG69x6c=
-16,-1,DsDG6VdzZ8LMyfmUFovApfZyymg=,UCiSE3plUBgIFpx/Ckz1abDr5H8=
-1,-1,DsDG6VdzZ8LMyfmUFovApfZyymg=,+t5qtJx7AdpqfmGvTPGGtRKFXk0=
-1,-16,DsDG6VdzZ8LMyfmUFovApfZyymg=,rBHcCuA7n8hMP/xgnZBw76I2H6s=
-10,-16,DsDG6VdzZ8LMyfmUFovApfZyymg=,M2U1mouhIwtSvOgEE76q4959dFg=
-13,-16,DsDG6VdzZ8LMyfmUFovApfZyymg=,R4CYooXMFdE9Q/NRLPkOvG69x6c=
-6,-16,DsDG6VdzZ8LMyfmUFovApfZyymg=,7oCVMBz5dPcEXovwsoOWESdAQAU=
-9,-16,DsDG6VdzZ8LMyfmUFovApfZyymg=,M2U1mouhIwtSvOgEE76q4959dFg=
-15,-16,DsDG6VdzZ8LMyfmUFovApfZyymg=,AFHl/yrLeQqup45vR2bME5ZBuIs=
-11,-16,DsDG6VdzZ8LMyfmUFovApfZyymg=,bC5dfbdRcteLy4DgELjhC10Fbzo=
-7,-16,DsDG6VdzZ8LMyfmUFovApfZyymg=,gZxjOIsYLdjUFKe8ebgCvmrDfCM=
-16,-16,DsDG6VdzZ8LMyfmUFovApfZyymg=,AFHl/yrLeQqup45vR2bME5ZBuIs=
-8,-16,DsDG6VdzZ8LMyfmUFovApfZyymg=,gZxjOIsYLdjUFKe8ebgCvmrDfCM=
-6,-8,DsDG6VdzZ8LMyfmUFovApfZyymg=,c+0XtClT/onEqq8fkRsCtgstGv4=
-7,-9,DsDG6VdzZ8LMyfmUFovApfZyymg=,x50N2IfqA0tcwO0FUvAXA48EKyM=
-8,-9,DsDG6VdzZ8LMyfmUFovApfZyymg=,x50N2IfqA0tcwO0FUvAXA48EKyM=
-9,-8,DsDG6VdzZ8LMyfmUFovApfZyymg=,x50N2IfqA0tcwO0FUvAXA48EKyM=
-6,-9,DsDG6VdzZ8LMyfmUFovApfZyymg=,c+0XtClT/onEqq8fkRsCtgstGv4=
-7,-10,DsDG6VdzZ8LMyfmUFovApfZyymg=,x50N2IfqA0tcwO0FUvAXA48EKyM=
-8,-8,DsDG6VdzZ8LMyfmUFovApfZyymg=,x50N2IfqA0tcwO0FUvAXA48EKyM=
-7,-11,DsDG6VdzZ8LMyfmUFovApfZyymg=,VSNjC+QEUabZW8XrPrxBnZZu4KU=
-8,-10,DsDG6VdzZ8LMyfmUFovApfZyymg=,x50N2IfqA0tcwO0FUvAXA48EKyM=
-6,-10,DsDG6VdzZ8LMyfmUFovApfZyymg=,c+0XtClT/onEqq8fkRsCtgstGv4=
-9,-9,DsDG6VdzZ8LMyfmUFovApfZyymg=,x50N2IfqA0tcwO0FUvAXA48EKyM=
-9,-11,DsDG6VdzZ8LMyfmUFovApfZyymg=,9LnDahDZtC2SK0vcyjt93kHbkuw=
-7,-8,DsDG6VdzZ8LMyfmUFovApfZyymg=,x50N2IfqA0tcwO0FUvAXA48EKyM=
-6,-11,DsDG6VdzZ8LMyfmUFovApfZyymg=,pPbvW09j4Q2EeD/1mcz9iHBDx04=
-8,-11,DsDG6VdzZ8LMyfmUFovApfZyymg=,VSNjC+QEUabZW8XrPrxBnZZu4KU=
-9,-10,DsDG6VdzZ8LMyfmUFovApfZyymg=,x50N2IfqA0tcwO0FUvAXA48EKyM=
-15,-20,Zsri9Tb63t+J890RG1Xzoe6VvUE=,Gsb15AH4inyYIkWtUVXrFtoRmZk=
-14,-21,Zsri9Tb63t+J890RG1Xzoe6VvUE=,GfzN0wFThKPU9xknSnaaahcF3S0=
-15,-21,Zsri9Tb63t+J890RG1Xzoe6VvUE=,73if0whBXf4ypCM6ydxkPGbt2VA=
-14,-20,Zsri9Tb63t+J890RG1Xzoe6VvUE=,Gsb15AH4inyYIkWtUVXrFtoRmZk=
-12,-21,LKrTSx14DWho130/FAvEl2dcgQY=,KQkvsIvEZdKsvPTW0k/wbCklZbk=
-12,-20,LKrTSx14DWho130/FAvEl2dcgQY=,yIxXUuhWoKr29MforeFQqSfWCGM=
-13,-20,LKrTSx14DWho130/FAvEl2dcgQY=,Gsb15AH4inyYIkWtUVXrFtoRmZk=
-13,-21,LKrTSx14DWho130/FAvEl2dcgQY=,GfzN0wFThKPU9xknSnaaahcF3S0=
-13,-22,LKrTSx14DWho130/FAvEl2dcgQY=,GfzN0wFThKPU9xknSnaaahcF3S0=
-12,-22,LKrTSx14DWho130/FAvEl2dcgQY=,KQkvsIvEZdKsvPTW0k/wbCklZbk=
-13,-23,LKrTSx14DWho130/FAvEl2dcgQY=,DN0IhqopUEnGSWIXccMC3y/5azI=
-12,-23,LKrTSx14DWho130/FAvEl2dcgQY=,xRGxfiaKzQhyy2G9ruhJFCRiRoc=
-12,-29,JX6emRgkBqqAyPN+y4eSO6AJqk0=,GoPEwocrwHHtjcw3ZWiHKMxia0c=
-13,-29,JX6emRgkBqqAyPN+y4eSO6AJqk0=,mnfBoGlzUeBwiClp6OGMgHR8AvA=
-12,-28,JX6emRgkBqqAyPN+y4eSO6AJqk0=,W/XwzkJZnWyyGslhwXFO1vsDzAk=
-13,-28,JX6emRgkBqqAyPN+y4eSO6AJqk0=,7p3kKPhJf+w5UeGr66DtNpmVXsY=
-12,-27,JX6emRgkBqqAyPN+y4eSO6AJqk0=,W/XwzkJZnWyyGslhwXFO1vsDzAk=
-13,-24,JX6emRgkBqqAyPN+y4eSO6AJqk0=,DN0IhqopUEnGSWIXccMC3y/5azI=
-13,-26,JX6emRgkBqqAyPN+y4eSO6AJqk0=,Qoge5AZIMTAlu6+pxxdv5dvtkzU=
-12,-25,JX6emRgkBqqAyPN+y4eSO6AJqk0=,3zRywgWy2BE5Dh9YGpp+vuyiwrE=
-12,-26,JX6emRgkBqqAyPN+y4eSO6AJqk0=,3zRywgWy2BE5Dh9YGpp+vuyiwrE=
-13,-25,JX6emRgkBqqAyPN+y4eSO6AJqk0=,Qoge5AZIMTAlu6+pxxdv5dvtkzU=
-13,-27,JX6emRgkBqqAyPN+y4eSO6AJqk0=,7p3kKPhJf+w5UeGr66DtNpmVXsY=
-12,-24,JX6emRgkBqqAyPN+y4eSO6AJqk0=,xRGxfiaKzQhyy2G9ruhJFCRiRoc=
-11,-27,MMlf37O82s+w7jFRCRD8oFagG0k=,W/XwzkJZnWyyGslhwXFO1vsDzAk=
-10,-26,MMlf37O82s+w7jFRCRD8oFagG0k=,rabyD27k6ZenBfTjwv97Zrr2REE=
-11,-26,MMlf37O82s+w7jFRCRD8oFagG0k=,3zRywgWy2BE5Dh9YGpp+vuyiwrE=
-10,-27,MMlf37O82s+w7jFRCRD8oFagG0k=,3uRnOBkP9A6rl8mVjfLM+BAd4XI=
-11,-23,GYxFvars1uVKg+7pkeEqUDDvgcE=,xRGxfiaKzQhyy2G9ruhJFCRiRoc=
-10,-24,GYxFvars1uVKg+7pkeEqUDDvgcE=,kzef4uVtltIPSAkbOAaB5aAExss=
-11,-24,GYxFvars1uVKg+7pkeEqUDDvgcE=,xRGxfiaKzQhyy2G9ruhJFCRiRoc=
-11,-22,GYxFvars1uVKg+7pkeEqUDDvgcE=,KQkvsIvEZdKsvPTW0k/wbCklZbk=
-10,-23,GYxFvars1uVKg+7pkeEqUDDvgcE=,kzef4uVtltIPSAkbOAaB5aAExss=
-10,-25,GYxFvars1uVKg+7pkeEqUDDvgcE=,rabyD27k6ZenBfTjwv97Zrr2REE=
-11,-25,GYxFvars1uVKg+7pkeEqUDDvgcE=,3zRywgWy2BE5Dh9YGpp+vuyiwrE=
-10,-22,GYxFvars1uVKg+7pkeEqUDDvgcE=,j3zBfM0UUWB9XCjYa4PILwm06rk=
-10,-20,S3dj1DtL4HoXDZcXOBCDgHeR+sE=,yIxXUuhWoKr29MforeFQqSfWCGM=
-11,-21,S3dj1DtL4HoXDZcXOBCDgHeR+sE=,KQkvsIvEZdKsvPTW0k/wbCklZbk=
-10,-21,S3dj1DtL4HoXDZcXOBCDgHeR+sE=,j3zBfM0UUWB9XCjYa4PILwm06rk=
-11,-20,S3dj1DtL4HoXDZcXOBCDgHeR+sE=,yIxXUuhWoKr29MforeFQqSfWCGM=
-8,-20,S3dj1DtL4HoXDZcXOBCDgHeR+sE=,yIxXUuhWoKr29MforeFQqSfWCGM=
-9,-20,S3dj1DtL4HoXDZcXOBCDgHeR+sE=,yIxXUuhWoKr29MforeFQqSfWCGM=
-9,-21,S3dj1DtL4HoXDZcXOBCDgHeR+sE=,j3zBfM0UUWB9XCjYa4PILwm06rk=
-8,-21,S3dj1DtL4HoXDZcXOBCDgHeR+sE=,G4QCHOCha5WlpwytP6+B4J7ILUE=
-8,-18,HLoO7uxYHA1r+zT3QpQYoC0u40w=,yIxXUuhWoKr29MforeFQqSfWCGM=
-9,-19,HLoO7uxYHA1r+zT3QpQYoC0u40w=,yIxXUuhWoKr29MforeFQqSfWCGM=
-8,-19,HLoO7uxYHA1r+zT3QpQYoC0u40w=,yIxXUuhWoKr29MforeFQqSfWCGM=
-9,-18,HLoO7uxYHA1r+zT3QpQYoC0u40w=,yIxXUuhWoKr29MforeFQqSfWCGM=
-8,-23,HLoO7uxYHA1r+zT3QpQYoC0u40w=,gMM2YSzKDL5bTRiPElmq87BcVxI=
-9,-22,HLoO7uxYHA1r+zT3QpQYoC0u40w=,j3zBfM0UUWB9XCjYa4PILwm06rk=
-9,-23,HLoO7uxYHA1r+zT3QpQYoC0u40w=,kzef4uVtltIPSAkbOAaB5aAExss=
-8,-22,HLoO7uxYHA1r+zT3QpQYoC0u40w=,G4QCHOCha5WlpwytP6+B4J7ILUE=
-9,-25,HLoO7uxYHA1r+zT3QpQYoC0u40w=,rabyD27k6ZenBfTjwv97Zrr2REE=
-9,-26,HLoO7uxYHA1r+zT3QpQYoC0u40w=,rabyD27k6ZenBfTjwv97Zrr2REE=
-8,-27,HLoO7uxYHA1r+zT3QpQYoC0u40w=,gWeIY0zn9XYmp7+rU2Maq/5VWZs=
-8,-24,HLoO7uxYHA1r+zT3QpQYoC0u40w=,gMM2YSzKDL5bTRiPElmq87BcVxI=
-8,-26,HLoO7uxYHA1r+zT3QpQYoC0u40w=,1pLl/bMkN4YzkEQYV7a+6jyaOO0=
-9,-24,HLoO7uxYHA1r+zT3QpQYoC0u40w=,kzef4uVtltIPSAkbOAaB5aAExss=
-8,-25,HLoO7uxYHA1r+zT3QpQYoC0u40w=,1pLl/bMkN4YzkEQYV7a+6jyaOO0=
-9,-27,HLoO7uxYHA1r+zT3QpQYoC0u40w=,3uRnOBkP9A6rl8mVjfLM+BAd4XI=
-6,-26,wpo9X9rROi4+i68e/gsTmMwc3zA=,LqY7l4lJq3et2oX8mJr4DX7M8pE=
-7,-27,wpo9X9rROi4+i68e/gsTmMwc3zA=,gWeIY0zn9XYmp7+rU2Maq/5VWZs=
-6,-24,wpo9X9rROi4+i68e/gsTmMwc3zA=,LMF7FdCXWfpF6iaDgI7vFblLe6E=
-7,-26,wpo9X9rROi4+i68e/gsTmMwc3zA=,1pLl/bMkN4YzkEQYV7a+6jyaOO0=
-6,-27,wpo9X9rROi4+i68e/gsTmMwc3zA=,t5R3m76DAetZT1YKeGayxpeS+x0=
-6,-25,wpo9X9rROi4+i68e/gsTmMwc3zA=,LqY7l4lJq3et2oX8mJr4DX7M8pE=
-7,-24,wpo9X9rROi4+i68e/gsTmMwc3zA=,gMM2YSzKDL5bTRiPElmq87BcVxI=
-7,-25,wpo9X9rROi4+i68e/gsTmMwc3zA=,1pLl/bMkN4YzkEQYV7a+6jyaOO0=
-4,-26,BpBF0SFFYQ7ueo+jKC6cWj5AkVc=,prQ8de6coTH+9RrDprtjwDsir/Q=
-5,-26,BpBF0SFFYQ7ueo+jKC6cWj5AkVc=,LqY7l4lJq3et2oX8mJr4DX7M8pE=
-5,-27,BpBF0SFFYQ7ueo+jKC6cWj5AkVc=,t5R3m76DAetZT1YKeGayxpeS+x0=
-4,-27,BpBF0SFFYQ7ueo+jKC6cWj5AkVc=,r3yt5DkvMPgVrT7E/PhKT0zn/KY=
-5,-24,BpBF0SFFYQ7ueo+jKC6cWj5AkVc=,LMF7FdCXWfpF6iaDgI7vFblLe6E=
-5,-25,BpBF0SFFYQ7ueo+jKC6cWj5AkVc=,LqY7l4lJq3et2oX8mJr4DX7M8pE=
-4,-25,BpBF0SFFYQ7ueo+jKC6cWj5AkVc=,prQ8de6coTH+9RrDprtjwDsir/Q=
-4,-24,BpBF0SFFYQ7ueo+jKC6cWj5AkVc=,YiPXEBokq5RWXGuBj6NIEbob1c0=
-2,-24,BpBF0SFFYQ7ueo+jKC6cWj5AkVc=,Dvk0HBWfnNRBCVadOkZmMWcv7/g=
-3,-24,BpBF0SFFYQ7ueo+jKC6cWj5AkVc=,YiPXEBokq5RWXGuBj6NIEbob1c0=
-3,-25,BpBF0SFFYQ7ueo+jKC6cWj5AkVc=,prQ8de6coTH+9RrDprtjwDsir/Q=
-2,-25,BpBF0SFFYQ7ueo+jKC6cWj5AkVc=,9NPWmGB7dmkG4SDryHJoqso8b/o=
-2,-22,gttmHdvlCCBvuLUMlGO9GpTqJKQ=,+McWi5meuA0v4RQ9vjunSvHgT9M=
-3,-23,gttmHdvlCCBvuLUMlGO9GpTqJKQ=,YiPXEBokq5RWXGuBj6NIEbob1c0=
-3,-22,gttmHdvlCCBvuLUMlGO9GpTqJKQ=,7+zJyaCnY+MV4qea+BzymvsDXvo=
-2,-23,gttmHdvlCCBvuLUMlGO9GpTqJKQ=,Dvk0HBWfnNRBCVadOkZmMWcv7/g=
-2,-21,gttmHdvlCCBvuLUMlGO9GpTqJKQ=,+McWi5meuA0v4RQ9vjunSvHgT9M=
-2,-20,gttmHdvlCCBvuLUMlGO9GpTqJKQ=,GYQ4OAcgu+R6QDpRJcPjolPTiMA=
-3,-21,gttmHdvlCCBvuLUMlGO9GpTqJKQ=,7+zJyaCnY+MV4qea+BzymvsDXvo=
-3,-20,gttmHdvlCCBvuLUMlGO9GpTqJKQ=,GYQ4OAcgu+R6QDpRJcPjolPTiMA=
-3,-19,6GKTzQZVgzR7NFbl+u0rqtQQw/g=,GYQ4OAcgu+R6QDpRJcPjolPTiMA=
-3,-18,6GKTzQZVgzR7NFbl+u0rqtQQw/g=,GYQ4OAcgu+R6QDpRJcPjolPTiMA=
-2,-18,6GKTzQZVgzR7NFbl+u0rqtQQw/g=,GYQ4OAcgu+R6QDpRJcPjolPTiMA=
-2,-19,6GKTzQZVgzR7NFbl+u0rqtQQw/g=,GYQ4OAcgu+R6QDpRJcPjolPTiMA=
-9,-17,6GKTzQZVgzR7NFbl+u0rqtQQw/g=,yIxXUuhWoKr29MforeFQqSfWCGM=
-8,-17,6GKTzQZVgzR7NFbl+u0rqtQQw/g=,yIxXUuhWoKr29MforeFQqSfWCGM=
-6,-19,6GKTzQZVgzR7NFbl+u0rqtQQw/g=,GYQ4OAcgu+R6QDpRJcPjolPTiMA=
-5,-18,6GKTzQZVgzR7NFbl+u0rqtQQw/g=,GYQ4OAcgu+R6QDpRJcPjolPTiMA=
-4,-19,6GKTzQZVgzR7NFbl+u0rqtQQw/g=,GYQ4OAcgu+R6QDpRJcPjolPTiMA=
-4,-17,6GKTzQZVgzR7NFbl+u0rqtQQw/g=,GYQ4OAcgu+R6QDpRJcPjolPTiMA=
-7,-19,6GKTzQZVgzR7NFbl+u0rqtQQw/g=,yIxXUuhWoKr29MforeFQqSfWCGM=
-7,-17,6GKTzQZVgzR7NFbl+u0rqtQQw/g=,yIxXUuhWoKr29MforeFQqSfWCGM=
-4,-18,6GKTzQZVgzR7NFbl+u0rqtQQw/g=,GYQ4OAcgu+R6QDpRJcPjolPTiMA=
-7,-18,6GKTzQZVgzR7NFbl+u0rqtQQw/g=,yIxXUuhWoKr29MforeFQqSfWCGM=
-6,-17,6GKTzQZVgzR7NFbl+u0rqtQQw/g=,GYQ4OAcgu+R6QDpRJcPjolPTiMA=
-5,-19,6GKTzQZVgzR7NFbl+u0rqtQQw/g=,GYQ4OAcgu+R6QDpRJcPjolPTiMA=
-5,-17,6GKTzQZVgzR7NFbl+u0rqtQQw/g=,GYQ4OAcgu+R6QDpRJcPjolPTiMA=
-6,-18,6GKTzQZVgzR7NFbl+u0rqtQQw/g=,GYQ4OAcgu+R6QDpRJcPjolPTiMA=
-7,-23,vZcqyersWoCF+MupdwA9X+2WjR0=,gMM2YSzKDL5bTRiPElmq87BcVxI=
-7,-21,vZcqyersWoCF+MupdwA9X+2WjR0=,G4QCHOCha5WlpwytP6+B4J7ILUE=
-4,-22,vZcqyersWoCF+MupdwA9X+2WjR0=,7+zJyaCnY+MV4qea+BzymvsDXvo=
-6,-21,vZcqyersWoCF+MupdwA9X+2WjR0=,4fvOe8nBJlnd+JvJu+kQqLj7WM4=
-4,-21,vZcqyersWoCF+MupdwA9X+2WjR0=,7+zJyaCnY+MV4qea+BzymvsDXvo=
-5,-21,vZcqyersWoCF+MupdwA9X+2WjR0=,4fvOe8nBJlnd+JvJu+kQqLj7WM4=
-4,-23,vZcqyersWoCF+MupdwA9X+2WjR0=,YiPXEBokq5RWXGuBj6NIEbob1c0=
-5,-20,vZcqyersWoCF+MupdwA9X+2WjR0=,GYQ4OAcgu+R6QDpRJcPjolPTiMA=
-4,-20,vZcqyersWoCF+MupdwA9X+2WjR0=,GYQ4OAcgu+R6QDpRJcPjolPTiMA=
-5,-22,vZcqyersWoCF+MupdwA9X+2WjR0=,4fvOe8nBJlnd+JvJu+kQqLj7WM4=
-6,-22,vZcqyersWoCF+MupdwA9X+2WjR0=,4fvOe8nBJlnd+JvJu+kQqLj7WM4=
-7,-20,vZcqyersWoCF+MupdwA9X+2WjR0=,yIxXUuhWoKr29MforeFQqSfWCGM=
-6,-20,vZcqyersWoCF+MupdwA9X+2WjR0=,GYQ4OAcgu+R6QDpRJcPjolPTiMA=
-7,-22,vZcqyersWoCF+MupdwA9X+2WjR0=,G4QCHOCha5WlpwytP6+B4J7ILUE=
-6,-23,vZcqyersWoCF+MupdwA9X+2WjR0=,LMF7FdCXWfpF6iaDgI7vFblLe6E=
-5,-23,vZcqyersWoCF+MupdwA9X+2WjR0=,LMF7FdCXWfpF6iaDgI7vFblLe6E=
-16,-20,vZcqyersWoCF+MupdwA9X+2WjR0=,Gsb15AH4inyYIkWtUVXrFtoRmZk=
-16,-21,vZcqyersWoCF+MupdwA9X+2WjR0=,73if0whBXf4ypCM6ydxkPGbt2VA=
-11,-19,1JVoJhB2Yyev20L5cFWZlJGt9e0=,yIxXUuhWoKr29MforeFQqSfWCGM=
-10,-19,1JVoJhB2Yyev20L5cFWZlJGt9e0=,yIxXUuhWoKr29MforeFQqSfWCGM=
-11,-17,1JVoJhB2Yyev20L5cFWZlJGt9e0=,yIxXUuhWoKr29MforeFQqSfWCGM=
-10,-18,1JVoJhB2Yyev20L5cFWZlJGt9e0=,yIxXUuhWoKr29MforeFQqSfWCGM=
-11,-18,1JVoJhB2Yyev20L5cFWZlJGt9e0=,yIxXUuhWoKr29MforeFQqSfWCGM=
-10,-17,1JVoJhB2Yyev20L5cFWZlJGt9e0=,yIxXUuhWoKr29MforeFQqSfWCGM=
-12,-17,1JVoJhB2Yyev20L5cFWZlJGt9e0=,yIxXUuhWoKr29MforeFQqSfWCGM=
-12,-18,1JVoJhB2Yyev20L5cFWZlJGt9e0=,yIxXUuhWoKr29MforeFQqSfWCGM=
-13,-19,1JVoJhB2Yyev20L5cFWZlJGt9e0=,Gsb15AH4inyYIkWtUVXrFtoRmZk=
-12,-19,1JVoJhB2Yyev20L5cFWZlJGt9e0=,yIxXUuhWoKr29MforeFQqSfWCGM=
-13,-17,1JVoJhB2Yyev20L5cFWZlJGt9e0=,yIxXUuhWoKr29MforeFQqSfWCGM=
-13,-18,1JVoJhB2Yyev20L5cFWZlJGt9e0=,yIxXUuhWoKr29MforeFQqSfWCGM=
-15,-19,1JVoJhB2Yyev20L5cFWZlJGt9e0=,Gsb15AH4inyYIkWtUVXrFtoRmZk=
-15,-17,1JVoJhB2Yyev20L5cFWZlJGt9e0=,Gsb15AH4inyYIkWtUVXrFtoRmZk=
-15,-18,1JVoJhB2Yyev20L5cFWZlJGt9e0=,Gsb15AH4inyYIkWtUVXrFtoRmZk=
-14,-19,1JVoJhB2Yyev20L5cFWZlJGt9e0=,Gsb15AH4inyYIkWtUVXrFtoRmZk=
-14,-17,1JVoJhB2Yyev20L5cFWZlJGt9e0=,yIxXUuhWoKr29MforeFQqSfWCGM=
-16,-19,1JVoJhB2Yyev20L5cFWZlJGt9e0=,Gsb15AH4inyYIkWtUVXrFtoRmZk=
-16,-18,1JVoJhB2Yyev20L5cFWZlJGt9e0=,Gsb15AH4inyYIkWtUVXrFtoRmZk=
-14,-18,1JVoJhB2Yyev20L5cFWZlJGt9e0=,yIxXUuhWoKr29MforeFQqSfWCGM=
-15,-22,sgYYTNbjXVqA1tq4VGvkVPkD1iQ=,73if0whBXf4ypCM6ydxkPGbt2VA=
-16,-23,sgYYTNbjXVqA1tq4VGvkVPkD1iQ=,4LE4H//v4WFvJsqBmos2Hmbt3aU=
-14,-23,sgYYTNbjXVqA1tq4VGvkVPkD1iQ=,DN0IhqopUEnGSWIXccMC3y/5azI=
-14,-22,sgYYTNbjXVqA1tq4VGvkVPkD1iQ=,GfzN0wFThKPU9xknSnaaahcF3S0=
-15,-23,sgYYTNbjXVqA1tq4VGvkVPkD1iQ=,4LE4H//v4WFvJsqBmos2Hmbt3aU=
-16,-22,sgYYTNbjXVqA1tq4VGvkVPkD1iQ=,73if0whBXf4ypCM6ydxkPGbt2VA=
-1,-24,sgYYTNbjXVqA1tq4VGvkVPkD1iQ=,Dvk0HBWfnNRBCVadOkZmMWcv7/g=
-1,-25,sgYYTNbjXVqA1tq4VGvkVPkD1iQ=,9NPWmGB7dmkG4SDryHJoqso8b/o=
-1,-22,sgYYTNbjXVqA1tq4VGvkVPkD1iQ=,+McWi5meuA0v4RQ9vjunSvHgT9M=
-1,-23,sgYYTNbjXVqA1tq4VGvkVPkD1iQ=,Dvk0HBWfnNRBCVadOkZmMWcv7/g=
-9,-29,sgYYTNbjXVqA1tq4VGvkVPkD1iQ=,ciiSIfGngkV4jujvZtDCAknAHQM=
-10,-29,sgYYTNbjXVqA1tq4VGvkVPkD1iQ=,ciiSIfGngkV4jujvZtDCAknAHQM=
-8,-29,sgYYTNbjXVqA1tq4VGvkVPkD1iQ=,u7eXnPjFRjeCbu7OG8qAu8bP+H8=
-11,-29,sgYYTNbjXVqA1tq4VGvkVPkD1iQ=,GoPEwocrwHHtjcw3ZWiHKMxia0c=
-10,-28,sgYYTNbjXVqA1tq4VGvkVPkD1iQ=,3uRnOBkP9A6rl8mVjfLM+BAd4XI=
-9,-28,sgYYTNbjXVqA1tq4VGvkVPkD1iQ=,3uRnOBkP9A6rl8mVjfLM+BAd4XI=
-15,-29,sgYYTNbjXVqA1tq4VGvkVPkD1iQ=,pyxpaMQzzIMdUH4YfKcVX2eyGC8=
-14,-29,sgYYTNbjXVqA1tq4VGvkVPkD1iQ=,mnfBoGlzUeBwiClp6OGMgHR8AvA=
-16,-29,sgYYTNbjXVqA1tq4VGvkVPkD1iQ=,pyxpaMQzzIMdUH4YfKcVX2eyGC8=
-8,-28,sgYYTNbjXVqA1tq4VGvkVPkD1iQ=,gWeIY0zn9XYmp7+rU2Maq/5VWZs=
-11,-28,sgYYTNbjXVqA1tq4VGvkVPkD1iQ=,W/XwzkJZnWyyGslhwXFO1vsDzAk=
-16,-28,sgYYTNbjXVqA1tq4VGvkVPkD1iQ=,bABgM18UabxqPfRSD6A2dwgwQlo=
-15,-28,sgYYTNbjXVqA1tq4VGvkVPkD1iQ=,bABgM18UabxqPfRSD6A2dwgwQlo=
-14,-28,sgYYTNbjXVqA1tq4VGvkVPkD1iQ=,7p3kKPhJf+w5UeGr66DtNpmVXsY=
-15,-26,sgYYTNbjXVqA1tq4VGvkVPkD1iQ=,Wzx+mKHGQKN/cfCzFyd1Iky7qJY=
-15,-24,sgYYTNbjXVqA1tq4VGvkVPkD1iQ=,4LE4H//v4WFvJsqBmos2Hmbt3aU=
-14,-24,sgYYTNbjXVqA1tq4VGvkVPkD1iQ=,DN0IhqopUEnGSWIXccMC3y/5azI=
-16,-25,sgYYTNbjXVqA1tq4VGvkVPkD1iQ=,Wzx+mKHGQKN/cfCzFyd1Iky7qJY=
-16,-26,sgYYTNbjXVqA1tq4VGvkVPkD1iQ=,Wzx+mKHGQKN/cfCzFyd1Iky7qJY=
-14,-26,sgYYTNbjXVqA1tq4VGvkVPkD1iQ=,Qoge5AZIMTAlu6+pxxdv5dvtkzU=
-15,-27,sgYYTNbjXVqA1tq4VGvkVPkD1iQ=,bABgM18UabxqPfRSD6A2dwgwQlo=
-16,-24,sgYYTNbjXVqA1tq4VGvkVPkD1iQ=,4LE4H//v4WFvJsqBmos2Hmbt3aU=
-15,-25,sgYYTNbjXVqA1tq4VGvkVPkD1iQ=,Wzx+mKHGQKN/cfCzFyd1Iky7qJY=
-14,-27,sgYYTNbjXVqA1tq4VGvkVPkD1iQ=,7p3kKPhJf+w5UeGr66DtNpmVXsY=
-2,-17,sgYYTNbjXVqA1tq4VGvkVPkD1iQ=,GYQ4OAcgu+R6QDpRJcPjolPTiMA=
-16,-27,sgYYTNbjXVqA1tq4VGvkVPkD1iQ=,bABgM18UabxqPfRSD6A2dwgwQlo=
-14,-25,sgYYTNbjXVqA1tq4VGvkVPkD1iQ=,Qoge5AZIMTAlu6+pxxdv5dvtkzU=
-3,-17,sgYYTNbjXVqA1tq4VGvkVPkD1iQ=,GYQ4OAcgu+R6QDpRJcPjolPTiMA=
-8,-30,sgYYTNbjXVqA1tq4VGvkVPkD1iQ=,u7eXnPjFRjeCbu7OG8qAu8bP+H8=
-9,-30,sgYYTNbjXVqA1tq4VGvkVPkD1iQ=,ciiSIfGngkV4jujvZtDCAknAHQM=
-3,-30,sgYYTNbjXVqA1tq4VGvkVPkD1iQ=,TYA+HITZdNPRmr1Wn1F2c2pa69c=
-2,-30,sgYYTNbjXVqA1tq4VGvkVPkD1iQ=,A+9/OmQwK2g81yVQdEWR9w1Ckf4=
-1,-30,sgYYTNbjXVqA1tq4VGvkVPkD1iQ=,A+9/OmQwK2g81yVQdEWR9w1Ckf4=
-1,-17,sgYYTNbjXVqA1tq4VGvkVPkD1iQ=,GYQ4OAcgu+R6QDpRJcPjolPTiMA=
-15,-30,sgYYTNbjXVqA1tq4VGvkVPkD1iQ=,pyxpaMQzzIMdUH4YfKcVX2eyGC8=
-14,-30,sgYYTNbjXVqA1tq4VGvkVPkD1iQ=,mnfBoGlzUeBwiClp6OGMgHR8AvA=
-11,-30,sgYYTNbjXVqA1tq4VGvkVPkD1iQ=,GoPEwocrwHHtjcw3ZWiHKMxia0c=
-10,-30,sgYYTNbjXVqA1tq4VGvkVPkD1iQ=,ciiSIfGngkV4jujvZtDCAknAHQM=
-16,-30,sgYYTNbjXVqA1tq4VGvkVPkD1iQ=,pyxpaMQzzIMdUH4YfKcVX2eyGC8=
-13,-30,sgYYTNbjXVqA1tq4VGvkVPkD1iQ=,mnfBoGlzUeBwiClp6OGMgHR8AvA=
-12,-30,sgYYTNbjXVqA1tq4VGvkVPkD1iQ=,GoPEwocrwHHtjcw3ZWiHKMxia0c=
-4,-30,sgYYTNbjXVqA1tq4VGvkVPkD1iQ=,TYA+HITZdNPRmr1Wn1F2c2pa69c=
-5,-29,sgYYTNbjXVqA1tq4VGvkVPkD1iQ=,4jFQpssU1owrT/5TQiGqmIcmb/M=
-7,-29,sgYYTNbjXVqA1tq4VGvkVPkD1iQ=,u7eXnPjFRjeCbu7OG8qAu8bP+H8=
-5,-30,sgYYTNbjXVqA1tq4VGvkVPkD1iQ=,4jFQpssU1owrT/5TQiGqmIcmb/M=
-7,-30,sgYYTNbjXVqA1tq4VGvkVPkD1iQ=,u7eXnPjFRjeCbu7OG8qAu8bP+H8=
-6,-30,sgYYTNbjXVqA1tq4VGvkVPkD1iQ=,4jFQpssU1owrT/5TQiGqmIcmb/M=
-6,-29,sgYYTNbjXVqA1tq4VGvkVPkD1iQ=,4jFQpssU1owrT/5TQiGqmIcmb/M=
-4,-29,sgYYTNbjXVqA1tq4VGvkVPkD1iQ=,TYA+HITZdNPRmr1Wn1F2c2pa69c=
-6,-28,sgYYTNbjXVqA1tq4VGvkVPkD1iQ=,t5R3m76DAetZT1YKeGayxpeS+x0=
-7,-28,sgYYTNbjXVqA1tq4VGvkVPkD1iQ=,gWeIY0zn9XYmp7+rU2Maq/5VWZs=
-4,-28,sgYYTNbjXVqA1tq4VGvkVPkD1iQ=,r3yt5DkvMPgVrT7E/PhKT0zn/KY=
-16,-17,sgYYTNbjXVqA1tq4VGvkVPkD1iQ=,Gsb15AH4inyYIkWtUVXrFtoRmZk=
-5,-28,sgYYTNbjXVqA1tq4VGvkVPkD1iQ=,t5R3m76DAetZT1YKeGayxpeS+x0=
-1,-21,sgYYTNbjXVqA1tq4VGvkVPkD1iQ=,+McWi5meuA0v4RQ9vjunSvHgT9M=
-1,-20,sgYYTNbjXVqA1tq4VGvkVPkD1iQ=,GYQ4OAcgu+R6QDpRJcPjolPTiMA=
-1,-19,sgYYTNbjXVqA1tq4VGvkVPkD1iQ=,GYQ4OAcgu+R6QDpRJcPjolPTiMA=
-1,-18,sgYYTNbjXVqA1tq4VGvkVPkD1iQ=,GYQ4OAcgu+R6QDpRJcPjolPTiMA=
-1,-29,sgYYTNbjXVqA1tq4VGvkVPkD1iQ=,A+9/OmQwK2g81yVQdEWR9w1Ckf4=
-2,-29,sgYYTNbjXVqA1tq4VGvkVPkD1iQ=,A+9/OmQwK2g81yVQdEWR9w1Ckf4=
-2,-28,sgYYTNbjXVqA1tq4VGvkVPkD1iQ=,6/5GQM2F3y7AcsizBSMS/tu4YnM=
-3,-29,sgYYTNbjXVqA1tq4VGvkVPkD1iQ=,TYA+HITZdNPRmr1Wn1F2c2pa69c=
-3,-26,sgYYTNbjXVqA1tq4VGvkVPkD1iQ=,prQ8de6coTH+9RrDprtjwDsir/Q=
-1,-28,sgYYTNbjXVqA1tq4VGvkVPkD1iQ=,6/5GQM2F3y7AcsizBSMS/tu4YnM=
-1,-27,sgYYTNbjXVqA1tq4VGvkVPkD1iQ=,6/5GQM2F3y7AcsizBSMS/tu4YnM=
-3,-28,sgYYTNbjXVqA1tq4VGvkVPkD1iQ=,r3yt5DkvMPgVrT7E/PhKT0zn/KY=
-3,-27,sgYYTNbjXVqA1tq4VGvkVPkD1iQ=,r3yt5DkvMPgVrT7E/PhKT0zn/KY=
-1,-26,sgYYTNbjXVqA1tq4VGvkVPkD1iQ=,9NPWmGB7dmkG4SDryHJoqso8b/o=
-2,-27,sgYYTNbjXVqA1tq4VGvkVPkD1iQ=,6/5GQM2F3y7AcsizBSMS/tu4YnM=
-2,-26,sgYYTNbjXVqA1tq4VGvkVPkD1iQ=,9NPWmGB7dmkG4SDryHJoqso8b/o=
-21,-29,gMELZJlNtRXrebVNvJODjsM2atA=,pO9jXDgDaRJLAOuzNHGyqrC4V/w=
-20,-29,gMELZJlNtRXrebVNvJODjsM2atA=,yZAjvo9B1gCi1F3scg7e+1yWJ9E=
-21,-28,gMELZJlNtRXrebVNvJODjsM2atA=,50bfy5/v3/Rgmg9wCVRCMTeZcRI=
-20,-28,gMELZJlNtRXrebVNvJODjsM2atA=,6YXMMW+KL18pAI5S0OPaRU81B/A=
-25,-27,wiMwsgbX3xXLLbm7mC46VIXEfLM=,CX3RE+ZdNM1yirKr9ggyeEnBWTI=
-24,-26,wiMwsgbX3xXLLbm7mC46VIXEfLM=,cc+RRgjQAbTelvj6lU060g127BQ=
-24,-27,wiMwsgbX3xXLLbm7mC46VIXEfLM=,PJBpuQt6VD5SRbK1kJwTsa7cziI=
-25,-26,wiMwsgbX3xXLLbm7mC46VIXEfLM=,3nvzR3SOcLCZLYIxzPNcJ/tl8cM=
-20,-26,f06Uplu2udbEv8SnvIsLwYfQd7A=,5XqVTD7m27+J08FPcSDyb3q05PU=
-23,-27,f06Uplu2udbEv8SnvIsLwYfQd7A=,PJBpuQt6VD5SRbK1kJwTsa7cziI=
-21,-27,f06Uplu2udbEv8SnvIsLwYfQd7A=,50bfy5/v3/Rgmg9wCVRCMTeZcRI=
-21,-26,f06Uplu2udbEv8SnvIsLwYfQd7A=,EI0eGM0qb9iP50WBb5PE8BW+gpQ=
-23,-26,f06Uplu2udbEv8SnvIsLwYfQd7A=,cc+RRgjQAbTelvj6lU060g127BQ=
-22,-26,f06Uplu2udbEv8SnvIsLwYfQd7A=,EI0eGM0qb9iP50WBb5PE8BW+gpQ=
-22,-27,f06Uplu2udbEv8SnvIsLwYfQd7A=,50bfy5/v3/Rgmg9wCVRCMTeZcRI=
-20,-27,f06Uplu2udbEv8SnvIsLwYfQd7A=,6YXMMW+KL18pAI5S0OPaRU81B/A=
-21,-25,MdTUxfZ7sTQcvRe8Atqxsg9bKH4=,EI0eGM0qb9iP50WBb5PE8BW+gpQ=
-20,-24,MdTUxfZ7sTQcvRe8Atqxsg9bKH4=,YN6ei7KTBV+CsfYN36f5fysB6vw=
-20,-25,MdTUxfZ7sTQcvRe8Atqxsg9bKH4=,5XqVTD7m27+J08FPcSDyb3q05PU=
-21,-24,MdTUxfZ7sTQcvRe8Atqxsg9bKH4=,Y83yvnKcUcGM+j4RU1mnk1Tv0Bc=
-20,-22,Yas0aht42A32zWaSs2uRTOdGy/I=,MbkxvVW+BW8rar9tGnVLSmFokn8=
-21,-22,Yas0aht42A32zWaSs2uRTOdGy/I=,N5Yo/Z/k24V5yjxqbYV6mj0P9Q4=
-20,-23,Yas0aht42A32zWaSs2uRTOdGy/I=,YN6ei7KTBV+CsfYN36f5fysB6vw=
-21,-23,Yas0aht42A32zWaSs2uRTOdGy/I=,Y83yvnKcUcGM+j4RU1mnk1Tv0Bc=
-19,-23,Yas0aht42A32zWaSs2uRTOdGy/I=,YN6ei7KTBV+CsfYN36f5fysB6vw=
-18,-23,Yas0aht42A32zWaSs2uRTOdGy/I=,c6EjtkpXvuknxmRSOAPG+txUkXs=
-18,-22,Yas0aht42A32zWaSs2uRTOdGy/I=,rD/EevEyFBj/APD/QOGaB3c7Sbw=
-19,-22,Yas0aht42A32zWaSs2uRTOdGy/I=,MbkxvVW+BW8rar9tGnVLSmFokn8=
-21,-21,Yas0aht42A32zWaSs2uRTOdGy/I=,N5Yo/Z/k24V5yjxqbYV6mj0P9Q4=
-20,-21,Yas0aht42A32zWaSs2uRTOdGy/I=,MbkxvVW+BW8rar9tGnVLSmFokn8=
-20,-20,Yas0aht42A32zWaSs2uRTOdGy/I=,Gsb15AH4inyYIkWtUVXrFtoRmZk=
-21,-20,Yas0aht42A32zWaSs2uRTOdGy/I=,WB55+I6kjNwqCNbQsNYGF4a7z20=
-20,-18,0XRA0o9tZjqWrYWGEp2y9hKEjnc=,CLtdhuwsEmvLfdMlrZhdRN71LFc=
-21,-18,0XRA0o9tZjqWrYWGEp2y9hKEjnc=,m/yga5lTGcMnm5mrAS6jTEeFsFY=
-20,-19,0XRA0o9tZjqWrYWGEp2y9hKEjnc=,Gsb15AH4inyYIkWtUVXrFtoRmZk=
-21,-19,0XRA0o9tZjqWrYWGEp2y9hKEjnc=,WB55+I6kjNwqCNbQsNYGF4a7z20=
-19,-20,LfOCh5yXVPHWkzsnPyrVYK06a6Y=,Gsb15AH4inyYIkWtUVXrFtoRmZk=
-18,-20,LfOCh5yXVPHWkzsnPyrVYK06a6Y=,Gsb15AH4inyYIkWtUVXrFtoRmZk=
-19,-21,LfOCh5yXVPHWkzsnPyrVYK06a6Y=,MbkxvVW+BW8rar9tGnVLSmFokn8=
-18,-21,LfOCh5yXVPHWkzsnPyrVYK06a6Y=,rD/EevEyFBj/APD/QOGaB3c7Sbw=
-18,-19,LfOCh5yXVPHWkzsnPyrVYK06a6Y=,Gsb15AH4inyYIkWtUVXrFtoRmZk=
-19,-18,LfOCh5yXVPHWkzsnPyrVYK06a6Y=,CLtdhuwsEmvLfdMlrZhdRN71LFc=
-19,-19,LfOCh5yXVPHWkzsnPyrVYK06a6Y=,Gsb15AH4inyYIkWtUVXrFtoRmZk=
-18,-18,LfOCh5yXVPHWkzsnPyrVYK06a6Y=,CLtdhuwsEmvLfdMlrZhdRN71LFc=
-22,-19,DdixMLQPNnvL3TOJqChNgVi9t5Y=,WB55+I6kjNwqCNbQsNYGF4a7z20=
-22,-18,DdixMLQPNnvL3TOJqChNgVi9t5Y=,m/yga5lTGcMnm5mrAS6jTEeFsFY=
-23,-19,DdixMLQPNnvL3TOJqChNgVi9t5Y=,S3yvy6T/ZOCsqSZU1ludIAJ7vi4=
-23,-18,DdixMLQPNnvL3TOJqChNgVi9t5Y=,Y1riPY02L1OKzTaHtikG4LqW3VU=
-22,-21,DdixMLQPNnvL3TOJqChNgVi9t5Y=,N5Yo/Z/k24V5yjxqbYV6mj0P9Q4=
-23,-21,DdixMLQPNnvL3TOJqChNgVi9t5Y=,Y8WGs/oHr+QUNCH3gd3OcJLmHJU=
-23,-20,DdixMLQPNnvL3TOJqChNgVi9t5Y=,S3yvy6T/ZOCsqSZU1ludIAJ7vi4=
-22,-20,DdixMLQPNnvL3TOJqChNgVi9t5Y=,WB55+I6kjNwqCNbQsNYGF4a7z20=
-25,-20,eNmjQyp7uwRNaS9bIxxm+yJn75s=,IsnS6Ok5EkzgzAuLQOmaM37acWs=
-25,-21,eNmjQyp7uwRNaS9bIxxm+yJn75s=,DhVysgeMxUM8YIU0w3R0jx+AF1Y=
-24,-20,eNmjQyp7uwRNaS9bIxxm+yJn75s=,S3yvy6T/ZOCsqSZU1ludIAJ7vi4=
-24,-21,eNmjQyp7uwRNaS9bIxxm+yJn75s=,Y8WGs/oHr+QUNCH3gd3OcJLmHJU=
-25,-19,eNmjQyp7uwRNaS9bIxxm+yJn75s=,IsnS6Ok5EkzgzAuLQOmaM37acWs=
-24,-19,eNmjQyp7uwRNaS9bIxxm+yJn75s=,S3yvy6T/ZOCsqSZU1ludIAJ7vi4=
-24,-18,eNmjQyp7uwRNaS9bIxxm+yJn75s=,Y1riPY02L1OKzTaHtikG4LqW3VU=
-25,-18,eNmjQyp7uwRNaS9bIxxm+yJn75s=,/q5d05LmFzMu//X8fjL3EXiN7GU=
-29,-21,eNmjQyp7uwRNaS9bIxxm+yJn75s=,Xvf0FMdHtZXZooevQL5AryQZsYo=
-29,-20,eNmjQyp7uwRNaS9bIxxm+yJn75s=,We+wCtOzB46NEHp+85KilR/n6Og=
-27,-21,eNmjQyp7uwRNaS9bIxxm+yJn75s=,psX25QYUUGZ9GOdyLcS1EVTgIe0=
-26,-21,eNmjQyp7uwRNaS9bIxxm+yJn75s=,DhVysgeMxUM8YIU0w3R0jx+AF1Y=
-26,-20,eNmjQyp7uwRNaS9bIxxm+yJn75s=,IsnS6Ok5EkzgzAuLQOmaM37acWs=
-28,-20,eNmjQyp7uwRNaS9bIxxm+yJn75s=,nj4811tBS2ERkxeZCSk+2SbU4kE=
-28,-21,eNmjQyp7uwRNaS9bIxxm+yJn75s=,psX25QYUUGZ9GOdyLcS1EVTgIe0=
-27,-20,eNmjQyp7uwRNaS9bIxxm+yJn75s=,nj4811tBS2ERkxeZCSk+2SbU4kE=
-26,-19,isKdU5N37qs+rdOGbyahwmDQQJI=,IsnS6Ok5EkzgzAuLQOmaM37acWs=
-27,-18,isKdU5N37qs+rdOGbyahwmDQQJI=,IxHYA39o5knafi+/Qq54y/Rq2k0=
-27,-19,isKdU5N37qs+rdOGbyahwmDQQJI=,nj4811tBS2ERkxeZCSk+2SbU4kE=
-26,-18,isKdU5N37qs+rdOGbyahwmDQQJI=,/q5d05LmFzMu//X8fjL3EXiN7GU=
-29,-23,isKdU5N37qs+rdOGbyahwmDQQJI=,HBQk2vGCuXOl/Pad4B+yMSk75R0=
-29,-22,isKdU5N37qs+rdOGbyahwmDQQJI=,Xvf0FMdHtZXZooevQL5AryQZsYo=
-28,-22,isKdU5N37qs+rdOGbyahwmDQQJI=,psX25QYUUGZ9GOdyLcS1EVTgIe0=
-28,-23,isKdU5N37qs+rdOGbyahwmDQQJI=,OtUNtVPxr4fw91+MZTztZnd3oAE=
-29,-25,isKdU5N37qs+rdOGbyahwmDQQJI=,6xRfW6JqdJukhwPUTUU223d5RzQ=
-29,-27,isKdU5N37qs+rdOGbyahwmDQQJI=,S24Wb0cGPtou4b9KbmK7ir3gDsA=
-26,-27,isKdU5N37qs+rdOGbyahwmDQQJI=,CX3RE+ZdNM1yirKr9ggyeEnBWTI=
-27,-26,isKdU5N37qs+rdOGbyahwmDQQJI=,HmErJCBJxTFRbEkw09AfE2zHh/I=
-29,-26,isKdU5N37qs+rdOGbyahwmDQQJI=,6xRfW6JqdJukhwPUTUU223d5RzQ=
-29,-24,isKdU5N37qs+rdOGbyahwmDQQJI=,HBQk2vGCuXOl/Pad4B+yMSk75R0=
-28,-27,isKdU5N37qs+rdOGbyahwmDQQJI=,f3yDnI/EpD2stnPT3BTcbz2T9pI=
-27,-27,isKdU5N37qs+rdOGbyahwmDQQJI=,f3yDnI/EpD2stnPT3BTcbz2T9pI=
-28,-24,isKdU5N37qs+rdOGbyahwmDQQJI=,OtUNtVPxr4fw91+MZTztZnd3oAE=
-28,-26,isKdU5N37qs+rdOGbyahwmDQQJI=,HmErJCBJxTFRbEkw09AfE2zHh/I=
-26,-26,isKdU5N37qs+rdOGbyahwmDQQJI=,3nvzR3SOcLCZLYIxzPNcJ/tl8cM=
-28,-25,isKdU5N37qs+rdOGbyahwmDQQJI=,HmErJCBJxTFRbEkw09AfE2zHh/I=
-26,-29,isKdU5N37qs+rdOGbyahwmDQQJI=,AX21ZTTB8pmLLBbHmWBLD9P8CQg=
-27,-29,isKdU5N37qs+rdOGbyahwmDQQJI=,KHU4q5vRmM0X3vzue7MKj/cEjjc=
-27,-28,isKdU5N37qs+rdOGbyahwmDQQJI=,f3yDnI/EpD2stnPT3BTcbz2T9pI=
-26,-28,isKdU5N37qs+rdOGbyahwmDQQJI=,CX3RE+ZdNM1yirKr9ggyeEnBWTI=
-22,-29,isKdU5N37qs+rdOGbyahwmDQQJI=,pO9jXDgDaRJLAOuzNHGyqrC4V/w=
-25,-30,isKdU5N37qs+rdOGbyahwmDQQJI=,AX21ZTTB8pmLLBbHmWBLD9P8CQg=
-24,-29,isKdU5N37qs+rdOGbyahwmDQQJI=,FzP1BuWdrvO1PrSoCZeZn81LAmo=
-25,-29,isKdU5N37qs+rdOGbyahwmDQQJI=,AX21ZTTB8pmLLBbHmWBLD9P8CQg=
-24,-30,isKdU5N37qs+rdOGbyahwmDQQJI=,FzP1BuWdrvO1PrSoCZeZn81LAmo=
-23,-28,isKdU5N37qs+rdOGbyahwmDQQJI=,PJBpuQt6VD5SRbK1kJwTsa7cziI=
-25,-28,isKdU5N37qs+rdOGbyahwmDQQJI=,CX3RE+ZdNM1yirKr9ggyeEnBWTI=
-23,-29,isKdU5N37qs+rdOGbyahwmDQQJI=,FzP1BuWdrvO1PrSoCZeZn81LAmo=
-22,-30,isKdU5N37qs+rdOGbyahwmDQQJI=,pO9jXDgDaRJLAOuzNHGyqrC4V/w=
-23,-30,isKdU5N37qs+rdOGbyahwmDQQJI=,FzP1BuWdrvO1PrSoCZeZn81LAmo=
-22,-28,isKdU5N37qs+rdOGbyahwmDQQJI=,50bfy5/v3/Rgmg9wCVRCMTeZcRI=
-24,-28,isKdU5N37qs+rdOGbyahwmDQQJI=,PJBpuQt6VD5SRbK1kJwTsa7cziI=
-26,-24,wRH2bCpAI+Kv6ks6lVlhVco9HZg=,z7LQe8/lqZAUb1BHfffsVBOGAQM=
-27,-25,wRH2bCpAI+Kv6ks6lVlhVco9HZg=,HmErJCBJxTFRbEkw09AfE2zHh/I=
-27,-23,wRH2bCpAI+Kv6ks6lVlhVco9HZg=,OtUNtVPxr4fw91+MZTztZnd3oAE=
-27,-24,wRH2bCpAI+Kv6ks6lVlhVco9HZg=,OtUNtVPxr4fw91+MZTztZnd3oAE=
-26,-23,wRH2bCpAI+Kv6ks6lVlhVco9HZg=,z7LQe8/lqZAUb1BHfffsVBOGAQM=
-27,-22,wRH2bCpAI+Kv6ks6lVlhVco9HZg=,psX25QYUUGZ9GOdyLcS1EVTgIe0=
-26,-25,wRH2bCpAI+Kv6ks6lVlhVco9HZg=,3nvzR3SOcLCZLYIxzPNcJ/tl8cM=
-26,-22,wRH2bCpAI+Kv6ks6lVlhVco9HZg=,DhVysgeMxUM8YIU0w3R0jx+AF1Y=
-19,-29,wRH2bCpAI+Kv6ks6lVlhVco9HZg=,yZAjvo9B1gCi1F3scg7e+1yWJ9E=
-18,-29,wRH2bCpAI+Kv6ks6lVlhVco9HZg=,yJDIWJ7b0lsRIwiagjYL4Jai05o=
-18,-28,wRH2bCpAI+Kv6ks6lVlhVco9HZg=,5xd3XMVVE8xy+44nW6WIh856XUk=
-19,-28,wRH2bCpAI+Kv6ks6lVlhVco9HZg=,6YXMMW+KL18pAI5S0OPaRU81B/A=
-23,-22,wRH2bCpAI+Kv6ks6lVlhVco9HZg=,Y8WGs/oHr+QUNCH3gd3OcJLmHJU=
-24,-23,wRH2bCpAI+Kv6ks6lVlhVco9HZg=,/FqhLA+5Z2MtERcnv6i9842fA9k=
-24,-24,wRH2bCpAI+Kv6ks6lVlhVco9HZg=,/FqhLA+5Z2MtERcnv6i9842fA9k=
-25,-25,wRH2bCpAI+Kv6ks6lVlhVco9HZg=,3nvzR3SOcLCZLYIxzPNcJ/tl8cM=
-23,-23,wRH2bCpAI+Kv6ks6lVlhVco9HZg=,/FqhLA+5Z2MtERcnv6i9842fA9k=
-25,-24,wRH2bCpAI+Kv6ks6lVlhVco9HZg=,z7LQe8/lqZAUb1BHfffsVBOGAQM=
-24,-22,wRH2bCpAI+Kv6ks6lVlhVco9HZg=,Y8WGs/oHr+QUNCH3gd3OcJLmHJU=
-22,-25,wRH2bCpAI+Kv6ks6lVlhVco9HZg=,EI0eGM0qb9iP50WBb5PE8BW+gpQ=
-23,-25,wRH2bCpAI+Kv6ks6lVlhVco9HZg=,cc+RRgjQAbTelvj6lU060g127BQ=
-25,-22,wRH2bCpAI+Kv6ks6lVlhVco9HZg=,DhVysgeMxUM8YIU0w3R0jx+AF1Y=
-22,-22,wRH2bCpAI+Kv6ks6lVlhVco9HZg=,N5Yo/Z/k24V5yjxqbYV6mj0P9Q4=
-24,-25,wRH2bCpAI+Kv6ks6lVlhVco9HZg=,cc+RRgjQAbTelvj6lU060g127BQ=
-17,-29,wRH2bCpAI+Kv6ks6lVlhVco9HZg=,yJDIWJ7b0lsRIwiagjYL4Jai05o=
-17,-28,wRH2bCpAI+Kv6ks6lVlhVco9HZg=,5xd3XMVVE8xy+44nW6WIh856XUk=
-22,-23,wRH2bCpAI+Kv6ks6lVlhVco9HZg=,Y83yvnKcUcGM+j4RU1mnk1Tv0Bc=
-25,-23,wRH2bCpAI+Kv6ks6lVlhVco9HZg=,z7LQe8/lqZAUb1BHfffsVBOGAQM=
-23,-24,wRH2bCpAI+Kv6ks6lVlhVco9HZg=,/FqhLA+5Z2MtERcnv6i9842fA9k=
-22,-24,wRH2bCpAI+Kv6ks6lVlhVco9HZg=,Y83yvnKcUcGM+j4RU1mnk1Tv0Bc=
-17,-23,wRH2bCpAI+Kv6ks6lVlhVco9HZg=,c6EjtkpXvuknxmRSOAPG+txUkXs=
-17,-22,wRH2bCpAI+Kv6ks6lVlhVco9HZg=,rD/EevEyFBj/APD/QOGaB3c7Sbw=
-17,-18,wRH2bCpAI+Kv6ks6lVlhVco9HZg=,CLtdhuwsEmvLfdMlrZhdRN71LFc=
-17,-20,wRH2bCpAI+Kv6ks6lVlhVco9HZg=,Gsb15AH4inyYIkWtUVXrFtoRmZk=
-17,-21,wRH2bCpAI+Kv6ks6lVlhVco9HZg=,rD/EevEyFBj/APD/QOGaB3c7Sbw=
-17,-19,wRH2bCpAI+Kv6ks6lVlhVco9HZg=,Gsb15AH4inyYIkWtUVXrFtoRmZk=
-17,-25,wRH2bCpAI+Kv6ks6lVlhVco9HZg=,DQwMJbspIGaHjM6T52Med6msEOQ=
-18,-17,wRH2bCpAI+Kv6ks6lVlhVco9HZg=,CLtdhuwsEmvLfdMlrZhdRN71LFc=
-18,-26,wRH2bCpAI+Kv6ks6lVlhVco9HZg=,DQwMJbspIGaHjM6T52Med6msEOQ=
-19,-26,wRH2bCpAI+Kv6ks6lVlhVco9HZg=,5XqVTD7m27+J08FPcSDyb3q05PU=
-17,-24,wRH2bCpAI+Kv6ks6lVlhVco9HZg=,c6EjtkpXvuknxmRSOAPG+txUkXs=
-18,-25,wRH2bCpAI+Kv6ks6lVlhVco9HZg=,DQwMJbspIGaHjM6T52Med6msEOQ=
-21,-17,wRH2bCpAI+Kv6ks6lVlhVco9HZg=,m/yga5lTGcMnm5mrAS6jTEeFsFY=
-17,-26,wRH2bCpAI+Kv6ks6lVlhVco9HZg=,DQwMJbspIGaHjM6T52Med6msEOQ=
-19,-24,wRH2bCpAI+Kv6ks6lVlhVco9HZg=,YN6ei7KTBV+CsfYN36f5fysB6vw=
-18,-24,wRH2bCpAI+Kv6ks6lVlhVco9HZg=,c6EjtkpXvuknxmRSOAPG+txUkXs=
-18,-27,wRH2bCpAI+Kv6ks6lVlhVco9HZg=,5xd3XMVVE8xy+44nW6WIh856XUk=
-19,-17,wRH2bCpAI+Kv6ks6lVlhVco9HZg=,CLtdhuwsEmvLfdMlrZhdRN71LFc=
-20,-17,wRH2bCpAI+Kv6ks6lVlhVco9HZg=,CLtdhuwsEmvLfdMlrZhdRN71LFc=
-19,-25,wRH2bCpAI+Kv6ks6lVlhVco9HZg=,5XqVTD7m27+J08FPcSDyb3q05PU=
-17,-27,wRH2bCpAI+Kv6ks6lVlhVco9HZg=,5xd3XMVVE8xy+44nW6WIh856XUk=
-19,-27,wRH2bCpAI+Kv6ks6lVlhVco9HZg=,6YXMMW+KL18pAI5S0OPaRU81B/A=
-22,-17,wRH2bCpAI+Kv6ks6lVlhVco9HZg=,m/yga5lTGcMnm5mrAS6jTEeFsFY=
-23,-17,jFXnteorVqe6JMVMWF0sp/hwhpM=,Y1riPY02L1OKzTaHtikG4LqW3VU=
-20,-30,jFXnteorVqe6JMVMWF0sp/hwhpM=,yZAjvo9B1gCi1F3scg7e+1yWJ9E=
-21,-30,jFXnteorVqe6JMVMWF0sp/hwhpM=,pO9jXDgDaRJLAOuzNHGyqrC4V/w=
-27,-30,jFXnteorVqe6JMVMWF0sp/hwhpM=,KHU4q5vRmM0X3vzue7MKj/cEjjc=
-26,-30,jFXnteorVqe6JMVMWF0sp/hwhpM=,AX21ZTTB8pmLLBbHmWBLD9P8CQg=
-30,-26,jFXnteorVqe6JMVMWF0sp/hwhpM=,6xRfW6JqdJukhwPUTUU223d5RzQ=
-30,-24,jFXnteorVqe6JMVMWF0sp/hwhpM=,HBQk2vGCuXOl/Pad4B+yMSk75R0=
-30,-27,jFXnteorVqe6JMVMWF0sp/hwhpM=,S24Wb0cGPtou4b9KbmK7ir3gDsA=
-30,-25,jFXnteorVqe6JMVMWF0sp/hwhpM=,6xRfW6JqdJukhwPUTUU223d5RzQ=
-19,-30,jFXnteorVqe6JMVMWF0sp/hwhpM=,yZAjvo9B1gCi1F3scg7e+1yWJ9E=
-18,-30,jFXnteorVqe6JMVMWF0sp/hwhpM=,yJDIWJ7b0lsRIwiagjYL4Jai05o=
-17,-30,jFXnteorVqe6JMVMWF0sp/hwhpM=,yJDIWJ7b0lsRIwiagjYL4Jai05o=
-30,-20,jFXnteorVqe6JMVMWF0sp/hwhpM=,We+wCtOzB46NEHp+85KilR/n6Og=
-30,-22,jFXnteorVqe6JMVMWF0sp/hwhpM=,Xvf0FMdHtZXZooevQL5AryQZsYo=
-30,-21,jFXnteorVqe6JMVMWF0sp/hwhpM=,Xvf0FMdHtZXZooevQL5AryQZsYo=
-30,-23,jFXnteorVqe6JMVMWF0sp/hwhpM=,HBQk2vGCuXOl/Pad4B+yMSk75R0=
-28,-28,jFXnteorVqe6JMVMWF0sp/hwhpM=,f3yDnI/EpD2stnPT3BTcbz2T9pI=
-30,-28,jFXnteorVqe6JMVMWF0sp/hwhpM=,S24Wb0cGPtou4b9KbmK7ir3gDsA=
-28,-30,jFXnteorVqe6JMVMWF0sp/hwhpM=,KHU4q5vRmM0X3vzue7MKj/cEjjc=
-28,-29,jFXnteorVqe6JMVMWF0sp/hwhpM=,KHU4q5vRmM0X3vzue7MKj/cEjjc=
-29,-28,jFXnteorVqe6JMVMWF0sp/hwhpM=,S24Wb0cGPtou4b9KbmK7ir3gDsA=
-30,-30,jFXnteorVqe6JMVMWF0sp/hwhpM=,nULqeBuwyiGi0bTTHwlrju+LPwY=
-29,-30,jFXnteorVqe6JMVMWF0sp/hwhpM=,nULqeBuwyiGi0bTTHwlrju+LPwY=
-30,-29,jFXnteorVqe6JMVMWF0sp/hwhpM=,nULqeBuwyiGi0bTTHwlrju+LPwY=
-29,-29,jFXnteorVqe6JMVMWF0sp/hwhpM=,nULqeBuwyiGi0bTTHwlrju+LPwY=
-24,-17,jFXnteorVqe6JMVMWF0sp/hwhpM=,Y1riPY02L1OKzTaHtikG4LqW3VU=
-25,-17,jFXnteorVqe6JMVMWF0sp/hwhpM=,/q5d05LmFzMu//X8fjL3EXiN7GU=
-30,-18,jFXnteorVqe6JMVMWF0sp/hwhpM=,fiGTx5UkhjGvyINSqRJODT6dhV0=
-29,-18,jFXnteorVqe6JMVMWF0sp/hwhpM=,fiGTx5UkhjGvyINSqRJODT6dhV0=
-29,-19,jFXnteorVqe6JMVMWF0sp/hwhpM=,We+wCtOzB46NEHp+85KilR/n6Og=
-30,-19,jFXnteorVqe6JMVMWF0sp/hwhpM=,We+wCtOzB46NEHp+85KilR/n6Og=
-30,-17,jFXnteorVqe6JMVMWF0sp/hwhpM=,fiGTx5UkhjGvyINSqRJODT6dhV0=
-28,-19,jFXnteorVqe6JMVMWF0sp/hwhpM=,nj4811tBS2ERkxeZCSk+2SbU4kE=
-28,-18,jFXnteorVqe6JMVMWF0sp/hwhpM=,IxHYA39o5knafi+/Qq54y/Rq2k0=
-29,-17,jFXnteorVqe6JMVMWF0sp/hwhpM=,fiGTx5UkhjGvyINSqRJODT6dhV0=
-28,-17,jFXnteorVqe6JMVMWF0sp/hwhpM=,IxHYA39o5knafi+/Qq54y/Rq2k0=
-27,-17,jFXnteorVqe6JMVMWF0sp/hwhpM=,IxHYA39o5knafi+/Qq54y/Rq2k0=
-26,-17,jFXnteorVqe6JMVMWF0sp/hwhpM=,/q5d05LmFzMu//X8fjL3EXiN7GU=
-17,-17,jFXnteorVqe6JMVMWF0sp/hwhpM=,CLtdhuwsEmvLfdMlrZhdRN71LFc=
-29,-13,FE8ZJle1OgZk5IXZ6saUUhpXJyk=,+v9seiJTobkzLP9LGkPsIAZqEGY=
-29,-11,FE8ZJle1OgZk5IXZ6saUUhpXJyk=,bPl1hCcTuQ9hKG3wHtox8IdfeFc=
-29,-12,FE8ZJle1OgZk5IXZ6saUUhpXJyk=,bPl1hCcTuQ9hKG3wHtox8IdfeFc=
-28,-10,FE8ZJle1OgZk5IXZ6saUUhpXJyk=,dsBeFey8kMYvkyrAT0EldosENJg=
-29,-10,FE8ZJle1OgZk5IXZ6saUUhpXJyk=,Gyb7tcIJOUc1VBCyiAugUIp2ziU=
-28,-11,FE8ZJle1OgZk5IXZ6saUUhpXJyk=,1JCx1/pGPXfZpIQjnyvDhRTHbko=
-28,-12,FE8ZJle1OgZk5IXZ6saUUhpXJyk=,1JCx1/pGPXfZpIQjnyvDhRTHbko=
-28,-13,FE8ZJle1OgZk5IXZ6saUUhpXJyk=,R3jppK1ghS/Ci0pKrPvyma8xVTU=
-26,-12,mjZ/67P8lE3MAdLe6OvQRkc5FYw=,6Oa3guflgrW2ikTB7Pbo9/7fh88=
-27,-12,mjZ/67P8lE3MAdLe6OvQRkc5FYw=,1JCx1/pGPXfZpIQjnyvDhRTHbko=
-26,-13,mjZ/67P8lE3MAdLe6OvQRkc5FYw=,p26FRFcwquH5S9pbiBbmrs3qpZ0=
-27,-13,mjZ/67P8lE3MAdLe6OvQRkc5FYw=,R3jppK1ghS/Ci0pKrPvyma8xVTU=
-26,-15,mjZ/67P8lE3MAdLe6OvQRkc5FYw=,k+xvKzadqIUO1gGpsLd6MCCu2dw=
-26,-14,mjZ/67P8lE3MAdLe6OvQRkc5FYw=,p26FRFcwquH5S9pbiBbmrs3qpZ0=
-27,-14,mjZ/67P8lE3MAdLe6OvQRkc5FYw=,R3jppK1ghS/Ci0pKrPvyma8xVTU=
-27,-15,mjZ/67P8lE3MAdLe6OvQRkc5FYw=,hYVk+rC3ZUsPdkWv3UA9/9A5gGg=
-24,-13,CK5ObvVyF8JJnT4PiDwLBEnswoY=,yQuRxEhRZeaNCRH5lFpNNIDR51E=
-25,-12,CK5ObvVyF8JJnT4PiDwLBEnswoY=,6Oa3guflgrW2ikTB7Pbo9/7fh88=
-25,-13,CK5ObvVyF8JJnT4PiDwLBEnswoY=,p26FRFcwquH5S9pbiBbmrs3qpZ0=
-24,-12,CK5ObvVyF8JJnT4PiDwLBEnswoY=,DgRAfTxagFSL/dCs1DApde4kpus=
-24,-15,5oBXUFsOwjxVyl7YybQNpKfDz+A=,q1sHasQ4XD4YKgfqUVes/hEvvHs=
-25,-14,5oBXUFsOwjxVyl7YybQNpKfDz+A=,p26FRFcwquH5S9pbiBbmrs3qpZ0=
-25,-15,5oBXUFsOwjxVyl7YybQNpKfDz+A=,k+xvKzadqIUO1gGpsLd6MCCu2dw=
-24,-14,5oBXUFsOwjxVyl7YybQNpKfDz+A=,yQuRxEhRZeaNCRH5lFpNNIDR51E=
-22,-11,3zIlAW0lxRbDVYBOOSSQtr25KeA=,dkrxEFUfMnjoVrRnvyGVcrQHdrc=
-23,-11,3zIlAW0lxRbDVYBOOSSQtr25KeA=,DgRAfTxagFSL/dCs1DApde4kpus=
-23,-10,3zIlAW0lxRbDVYBOOSSQtr25KeA=,9wZk9VgKwbwIN5povkWIp0dH/08=
-22,-10,3zIlAW0lxRbDVYBOOSSQtr25KeA=,7fY5d4wWaeXsRFoRR6a3Zqk5tBs=
-23,-13,3zIlAW0lxRbDVYBOOSSQtr25KeA=,yQuRxEhRZeaNCRH5lFpNNIDR51E=
-23,-12,3zIlAW0lxRbDVYBOOSSQtr25KeA=,DgRAfTxagFSL/dCs1DApde4kpus=
-22,-12,3zIlAW0lxRbDVYBOOSSQtr25KeA=,dkrxEFUfMnjoVrRnvyGVcrQHdrc=
-22,-13,3zIlAW0lxRbDVYBOOSSQtr25KeA=,Q50uShdRCDqGtDa5NlmDt6wpNRo=
-23,-9,dl6ifTx3Bf62jHIDHZQkZN7gAu0=,9wZk9VgKwbwIN5povkWIp0dH/08=
-23,-8,dl6ifTx3Bf62jHIDHZQkZN7gAu0=,x0hExwV25u/R80wmwGgmV33y2aA=
-22,-9,dl6ifTx3Bf62jHIDHZQkZN7gAu0=,7fY5d4wWaeXsRFoRR6a3Zqk5tBs=
-22,-8,dl6ifTx3Bf62jHIDHZQkZN7gAu0=,WPz5uIFTDI+2oYgdDWw8FBgl6q8=
-21,-7,t00tuVJgRmeeLJVCTywcbPh/Ym8=,WPz5uIFTDI+2oYgdDWw8FBgl6q8=
-20,-7,t00tuVJgRmeeLJVCTywcbPh/Ym8=,m7cvPDh2x0J2ULunF9tarUgWiC4=
-20,-6,t00tuVJgRmeeLJVCTywcbPh/Ym8=,m7cvPDh2x0J2ULunF9tarUgWiC4=
-21,-6,t00tuVJgRmeeLJVCTywcbPh/Ym8=,JhvjgW8fA+a9tp3rQZ0vEcPtlWw=
-23,-7,k0wL4X/1TK9ukl7UajPEsAwLkYM=,x0hExwV25u/R80wmwGgmV33y2aA=
-23,-5,k0wL4X/1TK9ukl7UajPEsAwLkYM=,E6LWtFYxQFsO9LRh2vzjsUJK9MY=
-22,-7,k0wL4X/1TK9ukl7UajPEsAwLkYM=,WPz5uIFTDI+2oYgdDWw8FBgl6q8=
-23,-4,k0wL4X/1TK9ukl7UajPEsAwLkYM=,1qWVcYIxDER2CZxq2DBcD26xk6w=
-23,-6,k0wL4X/1TK9ukl7UajPEsAwLkYM=,E6LWtFYxQFsO9LRh2vzjsUJK9MY=
-22,-6,k0wL4X/1TK9ukl7UajPEsAwLkYM=,JhvjgW8fA+a9tp3rQZ0vEcPtlWw=
-22,-5,k0wL4X/1TK9ukl7UajPEsAwLkYM=,JhvjgW8fA+a9tp3rQZ0vEcPtlWw=
-22,-4,k0wL4X/1TK9ukl7UajPEsAwLkYM=,zP70XzQEPIZ5tnyXzhEMz5/zOc4=
-20,-5,k0wL4X/1TK9ukl7UajPEsAwLkYM=,m7cvPDh2x0J2ULunF9tarUgWiC4=
-21,-5,k0wL4X/1TK9ukl7UajPEsAwLkYM=,JhvjgW8fA+a9tp3rQZ0vEcPtlWw=
-20,-4,k0wL4X/1TK9ukl7UajPEsAwLkYM=,5w6FfQDwhh0h9u9XF1Cu1G4Og7c=
-21,-4,k0wL4X/1TK9ukl7UajPEsAwLkYM=,zP70XzQEPIZ5tnyXzhEMz5/zOc4=
-24,-4,MpJ4pkFO4J3lzpRAnNqwdBoBaxc=,1qWVcYIxDER2CZxq2DBcD26xk6w=
-24,-5,MpJ4pkFO4J3lzpRAnNqwdBoBaxc=,E6LWtFYxQFsO9LRh2vzjsUJK9MY=
-25,-4,MpJ4pkFO4J3lzpRAnNqwdBoBaxc=,c/SK1Vah9LtQIV1sfKHAHqZu3cY=
-25,-5,MpJ4pkFO4J3lzpRAnNqwdBoBaxc=,FEtBKZTcZY8psRF83kFWNALhOTo=
-26,-5,oGncuKhyLyR3BTYKdxtap3Guxr0=,FEtBKZTcZY8psRF83kFWNALhOTo=
-27,-5,oGncuKhyLyR3BTYKdxtap3Guxr0=,JyUVZ0i76GCor6ncb+Y0DEb+ZrY=
-27,-4,oGncuKhyLyR3BTYKdxtap3Guxr0=,htY9n83DPiDs9fZtdkWzXdNHs1I=
-26,-4,oGncuKhyLyR3BTYKdxtap3Guxr0=,c/SK1Vah9LtQIV1sfKHAHqZu3cY=
-29,-5,oGncuKhyLyR3BTYKdxtap3Guxr0=,vPvaxJRZsA1C+ZrAYQD1Lh9lkVY=
-29,-4,oGncuKhyLyR3BTYKdxtap3Guxr0=,iDck1maLXdzacUxL28zaZYmnCsI=
-28,-4,oGncuKhyLyR3BTYKdxtap3Guxr0=,htY9n83DPiDs9fZtdkWzXdNHs1I=
-28,-5,oGncuKhyLyR3BTYKdxtap3Guxr0=,JyUVZ0i76GCor6ncb+Y0DEb+ZrY=
-29,-3,oGncuKhyLyR3BTYKdxtap3Guxr0=,iDck1maLXdzacUxL28zaZYmnCsI=
-29,-2,oGncuKhyLyR3BTYKdxtap3Guxr0=,C7guEaNadkKOCRj6aoMc/cJGyG0=
-28,-3,oGncuKhyLyR3BTYKdxtap3Guxr0=,htY9n83DPiDs9fZtdkWzXdNHs1I=
-28,-2,oGncuKhyLyR3BTYKdxtap3Guxr0=,j9qq8aLpZqx40kHqmrtSB0JU2q8=
-26,-3,by9eTAnoXoYOKFqayQFJl3NhGoM=,c/SK1Vah9LtQIV1sfKHAHqZu3cY=
-26,-2,by9eTAnoXoYOKFqayQFJl3NhGoM=,MNY+UAfUv5OQk874QvWg6QVIHZo=
-27,-3,by9eTAnoXoYOKFqayQFJl3NhGoM=,htY9n83DPiDs9fZtdkWzXdNHs1I=
-27,-2,by9eTAnoXoYOKFqayQFJl3NhGoM=,j9qq8aLpZqx40kHqmrtSB0JU2q8=
-24,-2,by9eTAnoXoYOKFqayQFJl3NhGoM=,/uxld+cAOg3WZeazjwBCCKmQj94=
-25,-2,by9eTAnoXoYOKFqayQFJl3NhGoM=,MNY+UAfUv5OQk874QvWg6QVIHZo=
-25,-3,by9eTAnoXoYOKFqayQFJl3NhGoM=,c/SK1Vah9LtQIV1sfKHAHqZu3cY=
-24,-3,by9eTAnoXoYOKFqayQFJl3NhGoM=,1qWVcYIxDER2CZxq2DBcD26xk6w=
-22,-2,by9eTAnoXoYOKFqayQFJl3NhGoM=,8WVGuCrR/UNGU93s3UgWFpN51C4=
-22,-3,by9eTAnoXoYOKFqayQFJl3NhGoM=,zP70XzQEPIZ5tnyXzhEMz5/zOc4=
-23,-2,by9eTAnoXoYOKFqayQFJl3NhGoM=,/uxld+cAOg3WZeazjwBCCKmQj94=
-23,-3,by9eTAnoXoYOKFqayQFJl3NhGoM=,1qWVcYIxDER2CZxq2DBcD26xk6w=
-20,-2,by9eTAnoXoYOKFqayQFJl3NhGoM=,5w6FfQDwhh0h9u9XF1Cu1G4Og7c=
-21,-3,by9eTAnoXoYOKFqayQFJl3NhGoM=,zP70XzQEPIZ5tnyXzhEMz5/zOc4=
-21,-2,by9eTAnoXoYOKFqayQFJl3NhGoM=,8WVGuCrR/UNGU93s3UgWFpN51C4=
-20,-3,by9eTAnoXoYOKFqayQFJl3NhGoM=,5w6FfQDwhh0h9u9XF1Cu1G4Og7c=
-19,-5,Jlf7mcFkiDmg3YlFPnFeP5Jf4QY=,m7cvPDh2x0J2ULunF9tarUgWiC4=
-19,-3,Jlf7mcFkiDmg3YlFPnFeP5Jf4QY=,5w6FfQDwhh0h9u9XF1Cu1G4Og7c=
-19,-2,Jlf7mcFkiDmg3YlFPnFeP5Jf4QY=,5w6FfQDwhh0h9u9XF1Cu1G4Og7c=
-18,-4,Jlf7mcFkiDmg3YlFPnFeP5Jf4QY=,5w6FfQDwhh0h9u9XF1Cu1G4Og7c=
-18,-2,Jlf7mcFkiDmg3YlFPnFeP5Jf4QY=,5w6FfQDwhh0h9u9XF1Cu1G4Og7c=
-18,-5,Jlf7mcFkiDmg3YlFPnFeP5Jf4QY=,5w6FfQDwhh0h9u9XF1Cu1G4Og7c=
-18,-3,Jlf7mcFkiDmg3YlFPnFeP5Jf4QY=,5w6FfQDwhh0h9u9XF1Cu1G4Og7c=
-19,-4,Jlf7mcFkiDmg3YlFPnFeP5Jf4QY=,5w6FfQDwhh0h9u9XF1Cu1G4Og7c=
-19,-7,LhhrjapiOrbMDalEoI0AHgKLc54=,m7cvPDh2x0J2ULunF9tarUgWiC4=
-18,-7,LhhrjapiOrbMDalEoI0AHgKLc54=,m7cvPDh2x0J2ULunF9tarUgWiC4=
-19,-6,LhhrjapiOrbMDalEoI0AHgKLc54=,m7cvPDh2x0J2ULunF9tarUgWiC4=
-18,-6,LhhrjapiOrbMDalEoI0AHgKLc54=,5w6FfQDwhh0h9u9XF1Cu1G4Og7c=
-19,-9,sQtvnE/Ch1+KVjlSgwNQkGY/2/w=,m7cvPDh2x0J2ULunF9tarUgWiC4=
-20,-9,sQtvnE/Ch1+KVjlSgwNQkGY/2/w=,m7cvPDh2x0J2ULunF9tarUgWiC4=
-20,-8,sQtvnE/Ch1+KVjlSgwNQkGY/2/w=,m7cvPDh2x0J2ULunF9tarUgWiC4=
-21,-11,sQtvnE/Ch1+KVjlSgwNQkGY/2/w=,dkrxEFUfMnjoVrRnvyGVcrQHdrc=
-21,-9,sQtvnE/Ch1+KVjlSgwNQkGY/2/w=,7fY5d4wWaeXsRFoRR6a3Zqk5tBs=
-21,-8,sQtvnE/Ch1+KVjlSgwNQkGY/2/w=,WPz5uIFTDI+2oYgdDWw8FBgl6q8=
-18,-8,sQtvnE/Ch1+KVjlSgwNQkGY/2/w=,m7cvPDh2x0J2ULunF9tarUgWiC4=
-20,-10,sQtvnE/Ch1+KVjlSgwNQkGY/2/w=,m7cvPDh2x0J2ULunF9tarUgWiC4=
-21,-10,sQtvnE/Ch1+KVjlSgwNQkGY/2/w=,7fY5d4wWaeXsRFoRR6a3Zqk5tBs=
-19,-8,sQtvnE/Ch1+KVjlSgwNQkGY/2/w=,m7cvPDh2x0J2ULunF9tarUgWiC4=
-18,-9,sQtvnE/Ch1+KVjlSgwNQkGY/2/w=,m7cvPDh2x0J2ULunF9tarUgWiC4=
-20,-11,sQtvnE/Ch1+KVjlSgwNQkGY/2/w=,CLtdhuwsEmvLfdMlrZhdRN71LFc=
-19,-11,sQtvnE/Ch1+KVjlSgwNQkGY/2/w=,CLtdhuwsEmvLfdMlrZhdRN71LFc=
-18,-10,sQtvnE/Ch1+KVjlSgwNQkGY/2/w=,m7cvPDh2x0J2ULunF9tarUgWiC4=
-18,-11,sQtvnE/Ch1+KVjlSgwNQkGY/2/w=,m7cvPDh2x0J2ULunF9tarUgWiC4=
-19,-10,sQtvnE/Ch1+KVjlSgwNQkGY/2/w=,m7cvPDh2x0J2ULunF9tarUgWiC4=
-21,-12,26Sf75RsCELZp5sZmE6ektCW7Vc=,dkrxEFUfMnjoVrRnvyGVcrQHdrc=
-21,-13,26Sf75RsCELZp5sZmE6ektCW7Vc=,Q50uShdRCDqGtDa5NlmDt6wpNRo=
-20,-13,26Sf75RsCELZp5sZmE6ektCW7Vc=,CLtdhuwsEmvLfdMlrZhdRN71LFc=
-20,-12,26Sf75RsCELZp5sZmE6ektCW7Vc=,CLtdhuwsEmvLfdMlrZhdRN71LFc=
-19,-12,26Sf75RsCELZp5sZmE6ektCW7Vc=,CLtdhuwsEmvLfdMlrZhdRN71LFc=
-19,-13,26Sf75RsCELZp5sZmE6ektCW7Vc=,CLtdhuwsEmvLfdMlrZhdRN71LFc=
-18,-13,26Sf75RsCELZp5sZmE6ektCW7Vc=,CLtdhuwsEmvLfdMlrZhdRN71LFc=
-18,-12,26Sf75RsCELZp5sZmE6ektCW7Vc=,m7cvPDh2x0J2ULunF9tarUgWiC4=
-19,-14,26Sf75RsCELZp5sZmE6ektCW7Vc=,CLtdhuwsEmvLfdMlrZhdRN71LFc=
-18,-16,26Sf75RsCELZp5sZmE6ektCW7Vc=,CLtdhuwsEmvLfdMlrZhdRN71LFc=
-18,-15,26Sf75RsCELZp5sZmE6ektCW7Vc=,CLtdhuwsEmvLfdMlrZhdRN71LFc=
-17,-15,26Sf75RsCELZp5sZmE6ektCW7Vc=,CLtdhuwsEmvLfdMlrZhdRN71LFc=
-24,-16,26Sf75RsCELZp5sZmE6ektCW7Vc=,q1sHasQ4XD4YKgfqUVes/hEvvHs=
-30,-14,26Sf75RsCELZp5sZmE6ektCW7Vc=,+v9seiJTobkzLP9LGkPsIAZqEGY=
-29,-15,26Sf75RsCELZp5sZmE6ektCW7Vc=,68Yub2hi9DPO4MV2f8Ztr44k864=
-18,-14,26Sf75RsCELZp5sZmE6ektCW7Vc=,CLtdhuwsEmvLfdMlrZhdRN71LFc=
-29,-14,26Sf75RsCELZp5sZmE6ektCW7Vc=,+v9seiJTobkzLP9LGkPsIAZqEGY=
-30,-15,26Sf75RsCELZp5sZmE6ektCW7Vc=,68Yub2hi9DPO4MV2f8Ztr44k864=
-30,-16,26Sf75RsCELZp5sZmE6ektCW7Vc=,68Yub2hi9DPO4MV2f8Ztr44k864=
-28,-15,26Sf75RsCELZp5sZmE6ektCW7Vc=,hYVk+rC3ZUsPdkWv3UA9/9A5gGg=
-28,-14,26Sf75RsCELZp5sZmE6ektCW7Vc=,R3jppK1ghS/Ci0pKrPvyma8xVTU=
-29,-16,26Sf75RsCELZp5sZmE6ektCW7Vc=,68Yub2hi9DPO4MV2f8Ztr44k864=
-19,-15,26Sf75RsCELZp5sZmE6ektCW7Vc=,CLtdhuwsEmvLfdMlrZhdRN71LFc=
-19,-16,26Sf75RsCELZp5sZmE6ektCW7Vc=,CLtdhuwsEmvLfdMlrZhdRN71LFc=
-25,-16,26Sf75RsCELZp5sZmE6ektCW7Vc=,k+xvKzadqIUO1gGpsLd6MCCu2dw=
-17,-14,26Sf75RsCELZp5sZmE6ektCW7Vc=,CLtdhuwsEmvLfdMlrZhdRN71LFc=
-28,-16,26Sf75RsCELZp5sZmE6ektCW7Vc=,hYVk+rC3ZUsPdkWv3UA9/9A5gGg=
-27,-16,26Sf75RsCELZp5sZmE6ektCW7Vc=,hYVk+rC3ZUsPdkWv3UA9/9A5gGg=
-26,-16,26Sf75RsCELZp5sZmE6ektCW7Vc=,k+xvKzadqIUO1gGpsLd6MCCu2dw=
-29,-1,26Sf75RsCELZp5sZmE6ektCW7Vc=,C7guEaNadkKOCRj6aoMc/cJGyG0=
-28,-1,26Sf75RsCELZp5sZmE6ektCW7Vc=,j9qq8aLpZqx40kHqmrtSB0JU2q8=
-26,-1,26Sf75RsCELZp5sZmE6ektCW7Vc=,MNY+UAfUv5OQk874QvWg6QVIHZo=
-27,-1,26Sf75RsCELZp5sZmE6ektCW7Vc=,j9qq8aLpZqx40kHqmrtSB0JU2q8=
-24,-1,26Sf75RsCELZp5sZmE6ektCW7Vc=,/uxld+cAOg3WZeazjwBCCKmQj94=
-25,-1,26Sf75RsCELZp5sZmE6ektCW7Vc=,MNY+UAfUv5OQk874QvWg6QVIHZo=
-22,-1,26Sf75RsCELZp5sZmE6ektCW7Vc=,8WVGuCrR/UNGU93s3UgWFpN51C4=
-23,-1,26Sf75RsCELZp5sZmE6ektCW7Vc=,/uxld+cAOg3WZeazjwBCCKmQj94=
-21,-1,26Sf75RsCELZp5sZmE6ektCW7Vc=,8WVGuCrR/UNGU93s3UgWFpN51C4=
-20,-1,26Sf75RsCELZp5sZmE6ektCW7Vc=,5w6FfQDwhh0h9u9XF1Cu1G4Og7c=
-19,-1,26Sf75RsCELZp5sZmE6ektCW7Vc=,5w6FfQDwhh0h9u9XF1Cu1G4Og7c=
-18,-1,26Sf75RsCELZp5sZmE6ektCW7Vc=,5w6FfQDwhh0h9u9XF1Cu1G4Og7c=
-17,-3,26Sf75RsCELZp5sZmE6ektCW7Vc=,5w6FfQDwhh0h9u9XF1Cu1G4Og7c=
-17,-2,26Sf75RsCELZp5sZmE6ektCW7Vc=,5w6FfQDwhh0h9u9XF1Cu1G4Og7c=
-17,-5,26Sf75RsCELZp5sZmE6ektCW7Vc=,5w6FfQDwhh0h9u9XF1Cu1G4Og7c=
-17,-4,26Sf75RsCELZp5sZmE6ektCW7Vc=,5w6FfQDwhh0h9u9XF1Cu1G4Og7c=
-17,-7,26Sf75RsCELZp5sZmE6ektCW7Vc=,m7cvPDh2x0J2ULunF9tarUgWiC4=
-17,-6,26Sf75RsCELZp5sZmE6ektCW7Vc=,5w6FfQDwhh0h9u9XF1Cu1G4Og7c=
-17,-8,26Sf75RsCELZp5sZmE6ektCW7Vc=,m7cvPDh2x0J2ULunF9tarUgWiC4=
-17,-9,26Sf75RsCELZp5sZmE6ektCW7Vc=,m7cvPDh2x0J2ULunF9tarUgWiC4=
-17,-11,26Sf75RsCELZp5sZmE6ektCW7Vc=,m7cvPDh2x0J2ULunF9tarUgWiC4=
-17,-10,26Sf75RsCELZp5sZmE6ektCW7Vc=,m7cvPDh2x0J2ULunF9tarUgWiC4=
-17,-13,26Sf75RsCELZp5sZmE6ektCW7Vc=,CLtdhuwsEmvLfdMlrZhdRN71LFc=
-17,-12,26Sf75RsCELZp5sZmE6ektCW7Vc=,m7cvPDh2x0J2ULunF9tarUgWiC4=
-23,-15,1o/XYH8XWSpSsFxGGIoPzd+O08s=,q1sHasQ4XD4YKgfqUVes/hEvvHs=
-23,-14,1o/XYH8XWSpSsFxGGIoPzd+O08s=,yQuRxEhRZeaNCRH5lFpNNIDR51E=
-22,-14,1o/XYH8XWSpSsFxGGIoPzd+O08s=,Q50uShdRCDqGtDa5NlmDt6wpNRo=
-22,-15,1o/XYH8XWSpSsFxGGIoPzd+O08s=,5CEgObTIU6mO4lBB7HE9TBDc1sk=
-21,-16,1o/XYH8XWSpSsFxGGIoPzd+O08s=,5CEgObTIU6mO4lBB7HE9TBDc1sk=
-30,-4,1o/XYH8XWSpSsFxGGIoPzd+O08s=,iDck1maLXdzacUxL28zaZYmnCsI=
-30,-5,1o/XYH8XWSpSsFxGGIoPzd+O08s=,vPvaxJRZsA1C+ZrAYQD1Lh9lkVY=
-30,-2,1o/XYH8XWSpSsFxGGIoPzd+O08s=,C7guEaNadkKOCRj6aoMc/cJGyG0=
-30,-3,1o/XYH8XWSpSsFxGGIoPzd+O08s=,iDck1maLXdzacUxL28zaZYmnCsI=
-23,-16,1o/XYH8XWSpSsFxGGIoPzd+O08s=,q1sHasQ4XD4YKgfqUVes/hEvvHs=
-22,-16,1o/XYH8XWSpSsFxGGIoPzd+O08s=,5CEgObTIU6mO4lBB7HE9TBDc1sk=
-30,-1,1o/XYH8XWSpSsFxGGIoPzd+O08s=,C7guEaNadkKOCRj6aoMc/cJGyG0=
-20,-14,1o/XYH8XWSpSsFxGGIoPzd+O08s=,CLtdhuwsEmvLfdMlrZhdRN71LFc=
-30,-6,1o/XYH8XWSpSsFxGGIoPzd+O08s=,vPvaxJRZsA1C+ZrAYQD1Lh9lkVY=
-30,-8,1o/XYH8XWSpSsFxGGIoPzd+O08s=,mhesbi3O/79ZPc16JY/rrNRIyWQ=
-30,-7,1o/XYH8XWSpSsFxGGIoPzd+O08s=,mhesbi3O/79ZPc16JY/rrNRIyWQ=
-30,-9,1o/XYH8XWSpSsFxGGIoPzd+O08s=,Gyb7tcIJOUc1VBCyiAugUIp2ziU=
-30,-12,1o/XYH8XWSpSsFxGGIoPzd+O08s=,bPl1hCcTuQ9hKG3wHtox8IdfeFc=
-30,-10,1o/XYH8XWSpSsFxGGIoPzd+O08s=,Gyb7tcIJOUc1VBCyiAugUIp2ziU=
-30,-13,1o/XYH8XWSpSsFxGGIoPzd+O08s=,+v9seiJTobkzLP9LGkPsIAZqEGY=
-30,-11,1o/XYH8XWSpSsFxGGIoPzd+O08s=,bPl1hCcTuQ9hKG3wHtox8IdfeFc=
-20,-16,1o/XYH8XWSpSsFxGGIoPzd+O08s=,CLtdhuwsEmvLfdMlrZhdRN71LFc=
-21,-15,1o/XYH8XWSpSsFxGGIoPzd+O08s=,5CEgObTIU6mO4lBB7HE9TBDc1sk=
-21,-14,1o/XYH8XWSpSsFxGGIoPzd+O08s=,Q50uShdRCDqGtDa5NlmDt6wpNRo=
-20,-15,1o/XYH8XWSpSsFxGGIoPzd+O08s=,CLtdhuwsEmvLfdMlrZhdRN71LFc=
-17,-16,1o/XYH8XWSpSsFxGGIoPzd+O08s=,CLtdhuwsEmvLfdMlrZhdRN71LFc=
-17,-1,1o/XYH8XWSpSsFxGGIoPzd+O08s=,5w6FfQDwhh0h9u9XF1Cu1G4Og7c=
-29,-7,96zifMF4IwB6kb/176R/IxTL9xU=,mhesbi3O/79ZPc16JY/rrNRIyWQ=
-29,-9,96zifMF4IwB6kb/176R/IxTL9xU=,Gyb7tcIJOUc1VBCyiAugUIp2ziU=
-29,-6,96zifMF4IwB6kb/176R/IxTL9xU=,vPvaxJRZsA1C+ZrAYQD1Lh9lkVY=
-29,-8,96zifMF4IwB6kb/176R/IxTL9xU=,mhesbi3O/79ZPc16JY/rrNRIyWQ=
-28,-7,96zifMF4IwB6kb/176R/IxTL9xU=,83FCvwtI9XOODV3lXD9jE9vf/L0=
-28,-6,96zifMF4IwB6kb/176R/IxTL9xU=,JyUVZ0i76GCor6ncb+Y0DEb+ZrY=
-28,-9,96zifMF4IwB6kb/176R/IxTL9xU=,dsBeFey8kMYvkyrAT0EldosENJg=
-28,-8,96zifMF4IwB6kb/176R/IxTL9xU=,83FCvwtI9XOODV3lXD9jE9vf/L0=
-26,-6,96zifMF4IwB6kb/176R/IxTL9xU=,FEtBKZTcZY8psRF83kFWNALhOTo=
-27,-11,96zifMF4IwB6kb/176R/IxTL9xU=,1JCx1/pGPXfZpIQjnyvDhRTHbko=
-24,-6,96zifMF4IwB6kb/176R/IxTL9xU=,E6LWtFYxQFsO9LRh2vzjsUJK9MY=
-24,-10,96zifMF4IwB6kb/176R/IxTL9xU=,9wZk9VgKwbwIN5povkWIp0dH/08=
-26,-7,96zifMF4IwB6kb/176R/IxTL9xU=,Mz1LA/l9+ja3m2Tmf20Fo9XXTQQ=
-27,-6,96zifMF4IwB6kb/176R/IxTL9xU=,JyUVZ0i76GCor6ncb+Y0DEb+ZrY=
-25,-6,96zifMF4IwB6kb/176R/IxTL9xU=,FEtBKZTcZY8psRF83kFWNALhOTo=
-25,-7,96zifMF4IwB6kb/176R/IxTL9xU=,Mz1LA/l9+ja3m2Tmf20Fo9XXTQQ=
-27,-7,96zifMF4IwB6kb/176R/IxTL9xU=,83FCvwtI9XOODV3lXD9jE9vf/L0=
-24,-7,96zifMF4IwB6kb/176R/IxTL9xU=,x0hExwV25u/R80wmwGgmV33y2aA=
-24,-11,96zifMF4IwB6kb/176R/IxTL9xU=,DgRAfTxagFSL/dCs1DApde4kpus=
-26,-11,96zifMF4IwB6kb/176R/IxTL9xU=,6Oa3guflgrW2ikTB7Pbo9/7fh88=
-26,-8,96zifMF4IwB6kb/176R/IxTL9xU=,Mz1LA/l9+ja3m2Tmf20Fo9XXTQQ=
-26,-9,96zifMF4IwB6kb/176R/IxTL9xU=,tRSF8LfvDH61V/KxBsNCCy2hizc=
-24,-8,96zifMF4IwB6kb/176R/IxTL9xU=,x0hExwV25u/R80wmwGgmV33y2aA=
-24,-9,96zifMF4IwB6kb/176R/IxTL9xU=,9wZk9VgKwbwIN5povkWIp0dH/08=
-26,-10,96zifMF4IwB6kb/176R/IxTL9xU=,tRSF8LfvDH61V/KxBsNCCy2hizc=
-25,-10,96zifMF4IwB6kb/176R/IxTL9xU=,tRSF8LfvDH61V/KxBsNCCy2hizc=
-25,-9,96zifMF4IwB6kb/176R/IxTL9xU=,tRSF8LfvDH61V/KxBsNCCy2hizc=
-27,-8,96zifMF4IwB6kb/176R/IxTL9xU=,83FCvwtI9XOODV3lXD9jE9vf/L0=
-25,-8,96zifMF4IwB6kb/176R/IxTL9xU=,Mz1LA/l9+ja3m2Tmf20Fo9XXTQQ=
-27,-10,96zifMF4IwB6kb/176R/IxTL9xU=,dsBeFey8kMYvkyrAT0EldosENJg=
-25,-11,96zifMF4IwB6kb/176R/IxTL9xU=,6Oa3guflgrW2ikTB7Pbo9/7fh88=
-27,-9,96zifMF4IwB6kb/176R/IxTL9xU=,dsBeFey8kMYvkyrAT0EldosENJg=
