2,1,gBeS243CALg3i1bGnn1FNlJj8bQ=,hSQ8LLMFTZoN9qQMZ9YPv0MasC4=
2,2,gBeS243CALg3i1bGnn1FNlJj8bQ=,fZqTUxfLr1ufo+RyQUgTCSB+QkI=
1,2,gBeS243CALg3i1bGnn1FNlJj8bQ=,A81uOsrdsCKBK8eZo5vhEOxX53A=
1,1,gBeS243CALg3i1bGnn1FNlJj8bQ=,4k592RmaYGCmm53DSipZ8K9+NwM=
2,4,rpFbf1N8aFzN86QXdJ8egP9LknA=,2MAT+gCwt7ltBrRW8n/bJwqEa4w=
2,3,rpFbf1N8aFzN86QXdJ8egP9LknA=,fZqTUxfLr1ufo+RyQUgTCSB+QkI=
1,4,1pH3ctWlJaluEGrqgGagG0qNlm8=,UWLy+3T/uSdx7Y8jXZZqqAgWHuY=
1,3,1pH3ctWlJaluEGrqgGagG0qNlm8=,A81uOsrdsCKBK8eZo5vhEOxX53A=
2,5,1pH3ctWlJaluEGrqgGagG0qNlm8=,2MAT+gCwt7ltBrRW8n/bJwqEa4w=
1,6,1pH3ctWlJaluEGrqgGagG0qNlm8=,Ppk5Oaz6dNnU8a8fQF/eRMVTomg=
1,5,1pH3ctWlJaluEGrqgGagG0qNlm8=,UWLy+3T/uSdx7Y8jXZZqqAgWHuY=
2,6,1pH3ctWlJaluEGrqgGagG0qNlm8=,Ppk5Oaz6dNnU8a8fQF/eRMVTomg=
2,8,lKdqNPBu1iq6sZtiP5tZmgTOmRo=,bZKCweQBrynZ3QAihdlJ0ho00sQ=
2,7,lKdqNPBu1iq6sZtiP5tZmgTOmRo=,Ppk5Oaz6dNnU8a8fQF/eRMVTomg=
1,8,lKdqNPBu1iq6sZtiP5tZmgTOmRo=,bZKCweQBrynZ3QAihdlJ0ho00sQ=
2,9,lKdqNPBu1iq6sZtiP5tZmgTOmRo=,bZKCweQBrynZ3QAihdlJ0ho00sQ=
2,10,lKdqNPBu1iq6sZtiP5tZmgTOmRo=,bZKCweQBrynZ3QAihdlJ0ho00sQ=
1,10,lKdqNPBu1iq6sZtiP5tZmgTOmRo=,bZKCweQBrynZ3QAihdlJ0ho00sQ=
1,9,lKdqNPBu1iq6sZtiP5tZmgTOmRo=,bZKCweQBrynZ3QAihdlJ0ho00sQ=
1,7,lKdqNPBu1iq6sZtiP5tZmgTOmRo=,Ppk5Oaz6dNnU8a8fQF/eRMVTomg=
1,11,lKdqNPBu1iq6sZtiP5tZmgTOmRo=,bZKCweQBrynZ3QAihdlJ0ho00sQ=
2,12,lKdqNPBu1iq6sZtiP5tZmgTOmRo=,8GXhrVnonCo3ocLFnUKF2N9xG6w=
2,11,lKdqNPBu1iq6sZtiP5tZmgTOmRo=,bZKCweQBrynZ3QAihdlJ0ho00sQ=
1,12,lKdqNPBu1iq6sZtiP5tZmgTOmRo=,qsvFMY13XQ8rwsxSf9iePPatWsE=
2,14,lKdqNPBu1iq6sZtiP5tZmgTOmRo=,JtDDaIzoGWgBKg+1POivDUTpybM=
1,13,lKdqNPBu1iq6sZtiP5tZmgTOmRo=,qsvFMY13XQ8rwsxSf9iePPatWsE=
1,14,lKdqNPBu1iq6sZtiP5tZmgTOmRo=,WN9FPIvXmiowd9/80lsne99if2A=
2,13,lKdqNPBu1iq6sZtiP5tZmgTOmRo=,8GXhrVnonCo3ocLFnUKF2N9xG6w=
4,14,ml7uJM8qQKJZXMsJEVo1cV4zD88=,sKlt+THpa7NkMc2ifILdtYobpJI=
4,13,ml7uJM8qQKJZXMsJEVo1cV4zD88=,d4BCQF6WgVzfae3O+PGefFm7mds=
3,13,ml7uJM8qQKJZXMsJEVo1cV4zD88=,8GXhrVnonCo3ocLFnUKF2N9xG6w=
3,14,ml7uJM8qQKJZXMsJEVo1cV4zD88=,JtDDaIzoGWgBKg+1POivDUTpybM=
4,11,ml7uJM8qQKJZXMsJEVo1cV4zD88=,bZKCweQBrynZ3QAihdlJ0ho00sQ=
4,12,ml7uJM8qQKJZXMsJEVo1cV4zD88=,d4BCQF6WgVzfae3O+PGefFm7mds=
3,12,ml7uJM8qQKJZXMsJEVo1cV4zD88=,8GXhrVnonCo3ocLFnUKF2N9xG6w=
3,11,ml7uJM8qQKJZXMsJEVo1cV4zD88=,bZKCweQBrynZ3QAihdlJ0ho00sQ=
3,10,ml7uJM8qQKJZXMsJEVo1cV4zD88=,bZKCweQBrynZ3QAihdlJ0ho00sQ=
4,9,ml7uJM8qQKJZXMsJEVo1cV4zD88=,bZKCweQBrynZ3QAihdlJ0ho00sQ=
3,9,ml7uJM8qQKJZXMsJEVo1cV4zD88=,bZKCweQBrynZ3QAihdlJ0ho00sQ=
4,10,ml7uJM8qQKJZXMsJEVo1cV4zD88=,bZKCweQBrynZ3QAihdlJ0ho00sQ=
4,7,GNUqP2IntkRyfZsRn4CclMmfIxc=,Ppk5Oaz6dNnU8a8fQF/eRMVTomg=
4,8,GNUqP2IntkRyfZsRn4CclMmfIxc=,bZKCweQBrynZ3QAihdlJ0ho00sQ=
3,7,GNUqP2IntkRyfZsRn4CclMmfIxc=,Ppk5Oaz6dNnU8a8fQF/eRMVTomg=
3,8,GNUqP2IntkRyfZsRn4CclMmfIxc=,bZKCweQBrynZ3QAihdlJ0ho00sQ=
4,6,GNUqP2IntkRyfZsRn4CclMmfIxc=,Ppk5Oaz6dNnU8a8fQF/eRMVTomg=
3,5,GNUqP2IntkRyfZsRn4CclMmfIxc=,2MAT+gCwt7ltBrRW8n/bJwqEa4w=
4,5,GNUqP2IntkRyfZsRn4CclMmfIxc=,pftrCopRNTfdegTKJ7QPgsFojC4=
3,6,GNUqP2IntkRyfZsRn4CclMmfIxc=,Ppk5Oaz6dNnU8a8fQF/eRMVTomg=
4,3,GNUqP2IntkRyfZsRn4CclMmfIxc=,XqGAeyD4G8ix/sS/0/AJ6W+E51E=
4,4,GNUqP2IntkRyfZsRn4CclMmfIxc=,pftrCopRNTfdegTKJ7QPgsFojC4=
3,4,GNUqP2IntkRyfZsRn4CclMmfIxc=,2MAT+gCwt7ltBrRW8n/bJwqEa4w=
3,3,GNUqP2IntkRyfZsRn4CclMmfIxc=,fZqTUxfLr1ufo+RyQUgTCSB+QkI=
4,2,GNUqP2IntkRyfZsRn4CclMmfIxc=,XqGAeyD4G8ix/sS/0/AJ6W+E51E=
4,1,GNUqP2IntkRyfZsRn4CclMmfIxc=,XqGAeyD4G8ix/sS/0/AJ6W+E51E=
3,1,GNUqP2IntkRyfZsRn4CclMmfIxc=,hSQ8LLMFTZoN9qQMZ9YPv0MasC4=
3,2,GNUqP2IntkRyfZsRn4CclMmfIxc=,fZqTUxfLr1ufo+RyQUgTCSB+QkI=
6,3,1qywvz+Y1DDEcrtwVp/4y+uQU9Q=,pftrCopRNTfdegTKJ7QPgsFojC4=
6,4,1qywvz+Y1DDEcrtwVp/4y+uQU9Q=,pftrCopRNTfdegTKJ7QPgsFojC4=
5,3,1qywvz+Y1DDEcrtwVp/4y+uQU9Q=,XqGAeyD4G8ix/sS/0/AJ6W+E51E=
5,4,1qywvz+Y1DDEcrtwVp/4y+uQU9Q=,pftrCopRNTfdegTKJ7QPgsFojC4=
6,1,1qywvz+Y1DDEcrtwVp/4y+uQU9Q=,pftrCopRNTfdegTKJ7QPgsFojC4=
6,2,1qywvz+Y1DDEcrtwVp/4y+uQU9Q=,pftrCopRNTfdegTKJ7QPgsFojC4=
5,2,1qywvz+Y1DDEcrtwVp/4y+uQU9Q=,XqGAeyD4G8ix/sS/0/AJ6W+E51E=
5,1,1qywvz+Y1DDEcrtwVp/4y+uQU9Q=,XqGAeyD4G8ix/sS/0/AJ6W+E51E=
5,5,1qywvz+Y1DDEcrtwVp/4y+uQU9Q=,pftrCopRNTfdegTKJ7QPgsFojC4=
6,6,1qywvz+Y1DDEcrtwVp/4y+uQU9Q=,Ppk5Oaz6dNnU8a8fQF/eRMVTomg=
5,6,1qywvz+Y1DDEcrtwVp/4y+uQU9Q=,Ppk5Oaz6dNnU8a8fQF/eRMVTomg=
6,5,Htqhhv3ifz0h9M5dAw8/cEhj5qk=,pftrCopRNTfdegTKJ7QPgsFojC4=
6,8,Htqhhv3ifz0h9M5dAw8/cEhj5qk=,pwOHvjba8194IBsiFa0P4PNkTNk=
6,7,Htqhhv3ifz0h9M5dAw8/cEhj5qk=,Ppk5Oaz6dNnU8a8fQF/eRMVTomg=
5,7,Htqhhv3ifz0h9M5dAw8/cEhj5qk=,Ppk5Oaz6dNnU8a8fQF/eRMVTomg=
5,8,Htqhhv3ifz0h9M5dAw8/cEhj5qk=,bZKCweQBrynZ3QAihdlJ0ho00sQ=
5,9,Htqhhv3ifz0h9M5dAw8/cEhj5qk=,bZKCweQBrynZ3QAihdlJ0ho00sQ=
6,10,Htqhhv3ifz0h9M5dAw8/cEhj5qk=,pwOHvjba8194IBsiFa0P4PNkTNk=
6,9,Htqhhv3ifz0h9M5dAw8/cEhj5qk=,pwOHvjba8194IBsiFa0P4PNkTNk=
5,10,Htqhhv3ifz0h9M5dAw8/cEhj5qk=,bZKCweQBrynZ3QAihdlJ0ho00sQ=
6,12,Lkh0gGS1y4HOSATYDBZEdbSV44U=,4LFEbi6F4zkOS56/GwXHFTg0ktk=
5,11,Lkh0gGS1y4HOSATYDBZEdbSV44U=,bZKCweQBrynZ3QAihdlJ0ho00sQ=
6,11,Lkh0gGS1y4HOSATYDBZEdbSV44U=,pwOHvjba8194IBsiFa0P4PNkTNk=
5,12,Lkh0gGS1y4HOSATYDBZEdbSV44U=,d4BCQF6WgVzfae3O+PGefFm7mds=
6,13,Lkh0gGS1y4HOSATYDBZEdbSV44U=,4LFEbi6F4zkOS56/GwXHFTg0ktk=
6,14,Lkh0gGS1y4HOSATYDBZEdbSV44U=,THbXVhQsdB0E8v32cpDG8KnOr90=
5,13,Lkh0gGS1y4HOSATYDBZEdbSV44U=,d4BCQF6WgVzfae3O+PGefFm7mds=
5,14,Lkh0gGS1y4HOSATYDBZEdbSV44U=,sKlt+THpa7NkMc2ifILdtYobpJI=
8,10,qxGpdiPucnzuZ+wXrMDOAe3cTdI=,pwOHvjba8194IBsiFa0P4PNkTNk=
8,9,qxGpdiPucnzuZ+wXrMDOAe3cTdI=,pwOHvjba8194IBsiFa0P4PNkTNk=
7,9,qxGpdiPucnzuZ+wXrMDOAe3cTdI=,pwOHvjba8194IBsiFa0P4PNkTNk=
7,10,qxGpdiPucnzuZ+wXrMDOAe3cTdI=,pwOHvjba8194IBsiFa0P4PNkTNk=
8,12,qxGpdiPucnzuZ+wXrMDOAe3cTdI=,kT86QIkR5ZGxZ/lCvQjS2xNiCzs=
8,11,qxGpdiPucnzuZ+wXrMDOAe3cTdI=,pwOHvjba8194IBsiFa0P4PNkTNk=
7,11,qxGpdiPucnzuZ+wXrMDOAe3cTdI=,pwOHvjba8194IBsiFa0P4PNkTNk=
7,12,qxGpdiPucnzuZ+wXrMDOAe3cTdI=,4LFEbi6F4zkOS56/GwXHFTg0ktk=
8,14,qxGpdiPucnzuZ+wXrMDOAe3cTdI=,s65Qxq3JhzQAF6NKriUM2UaIQK8=
8,13,qxGpdiPucnzuZ+wXrMDOAe3cTdI=,kT86QIkR5ZGxZ/lCvQjS2xNiCzs=
7,13,qxGpdiPucnzuZ+wXrMDOAe3cTdI=,4LFEbi6F4zkOS56/GwXHFTg0ktk=
7,14,qxGpdiPucnzuZ+wXrMDOAe3cTdI=,THbXVhQsdB0E8v32cpDG8KnOr90=
7,7,qxGpdiPucnzuZ+wXrMDOAe3cTdI=,Ppk5Oaz6dNnU8a8fQF/eRMVTomg=
8,7,qxGpdiPucnzuZ+wXrMDOAe3cTdI=,Ppk5Oaz6dNnU8a8fQF/eRMVTomg=
7,8,qxGpdiPucnzuZ+wXrMDOAe3cTdI=,pwOHvjba8194IBsiFa0P4PNkTNk=
8,8,qxGpdiPucnzuZ+wXrMDOAe3cTdI=,pwOHvjba8194IBsiFa0P4PNkTNk=
8,6,y1AtsqQlukxMd2/28wvuWslWhkI=,Ppk5Oaz6dNnU8a8fQF/eRMVTomg=
8,5,y1AtsqQlukxMd2/28wvuWslWhkI=,U6VGqIK6lTF//wpBwIjaEtME44Y=
7,5,y1AtsqQlukxMd2/28wvuWslWhkI=,pftrCopRNTfdegTKJ7QPgsFojC4=
7,6,y1AtsqQlukxMd2/28wvuWslWhkI=,Ppk5Oaz6dNnU8a8fQF/eRMVTomg=
8,4,y1AtsqQlukxMd2/28wvuWslWhkI=,U6VGqIK6lTF//wpBwIjaEtME44Y=
8,3,y1AtsqQlukxMd2/28wvuWslWhkI=,U6VGqIK6lTF//wpBwIjaEtME44Y=
7,3,y1AtsqQlukxMd2/28wvuWslWhkI=,pftrCopRNTfdegTKJ7QPgsFojC4=
7,4,y1AtsqQlukxMd2/28wvuWslWhkI=,pftrCopRNTfdegTKJ7QPgsFojC4=
8,2,y1AtsqQlukxMd2/28wvuWslWhkI=,U6VGqIK6lTF//wpBwIjaEtME44Y=
8,1,y1AtsqQlukxMd2/28wvuWslWhkI=,U6VGqIK6lTF//wpBwIjaEtME44Y=
7,1,y1AtsqQlukxMd2/28wvuWslWhkI=,pftrCopRNTfdegTKJ7QPgsFojC4=
7,2,y1AtsqQlukxMd2/28wvuWslWhkI=,pftrCopRNTfdegTKJ7QPgsFojC4=
10,5,S2zeQa5ltbCVUt5BzD9VYeGWoEs=,GmKqajoz2LMmhG2DzAoRTmJTMn4=
10,6,S2zeQa5ltbCVUt5BzD9VYeGWoEs=,GmKqajoz2LMmhG2DzAoRTmJTMn4=
9,6,S2zeQa5ltbCVUt5BzD9VYeGWoEs=,Ppk5Oaz6dNnU8a8fQF/eRMVTomg=
9,5,S2zeQa5ltbCVUt5BzD9VYeGWoEs=,U6VGqIK6lTF//wpBwIjaEtME44Y=
9,3,S2zeQa5ltbCVUt5BzD9VYeGWoEs=,U6VGqIK6lTF//wpBwIjaEtME44Y=
9,4,S2zeQa5ltbCVUt5BzD9VYeGWoEs=,U6VGqIK6lTF//wpBwIjaEtME44Y=
10,3,S2zeQa5ltbCVUt5BzD9VYeGWoEs=,GmKqajoz2LMmhG2DzAoRTmJTMn4=
10,4,S2zeQa5ltbCVUt5BzD9VYeGWoEs=,GmKqajoz2LMmhG2DzAoRTmJTMn4=
10,7,S2zeQa5ltbCVUt5BzD9VYeGWoEs=,GmKqajoz2LMmhG2DzAoRTmJTMn4=
10,8,S2zeQa5ltbCVUt5BzD9VYeGWoEs=,GmKqajoz2LMmhG2DzAoRTmJTMn4=
9,7,S2zeQa5ltbCVUt5BzD9VYeGWoEs=,Ppk5Oaz6dNnU8a8fQF/eRMVTomg=
9,8,S2zeQa5ltbCVUt5BzD9VYeGWoEs=,pwOHvjba8194IBsiFa0P4PNkTNk=
10,9,U1qiS98TqdncIzFUwKhZ69lxeY8=,GmKqajoz2LMmhG2DzAoRTmJTMn4=
10,10,U1qiS98TqdncIzFUwKhZ69lxeY8=,pwOHvjba8194IBsiFa0P4PNkTNk=
9,9,U1qiS98TqdncIzFUwKhZ69lxeY8=,pwOHvjba8194IBsiFa0P4PNkTNk=
9,10,U1qiS98TqdncIzFUwKhZ69lxeY8=,pwOHvjba8194IBsiFa0P4PNkTNk=
10,12,U1qiS98TqdncIzFUwKhZ69lxeY8=,PQ+Z1+EbgyC/SQugcHXDTsD1Fis=
10,11,U1qiS98TqdncIzFUwKhZ69lxeY8=,pwOHvjba8194IBsiFa0P4PNkTNk=
9,12,U1qiS98TqdncIzFUwKhZ69lxeY8=,kT86QIkR5ZGxZ/lCvQjS2xNiCzs=
9,11,U1qiS98TqdncIzFUwKhZ69lxeY8=,pwOHvjba8194IBsiFa0P4PNkTNk=
10,14,U1qiS98TqdncIzFUwKhZ69lxeY8=,nrOSBtHI0DkoO2dgcNw0gyQr+j4=
9,13,U1qiS98TqdncIzFUwKhZ69lxeY8=,kT86QIkR5ZGxZ/lCvQjS2xNiCzs=
10,13,U1qiS98TqdncIzFUwKhZ69lxeY8=,PQ+Z1+EbgyC/SQugcHXDTsD1Fis=
9,14,U1qiS98TqdncIzFUwKhZ69lxeY8=,s65Qxq3JhzQAF6NKriUM2UaIQK8=
11,9,5eaDiA+pjlmWVGne+6/hphC1o5U=,GmKqajoz2LMmhG2DzAoRTmJTMn4=
11,10,5eaDiA+pjlmWVGne+6/hphC1o5U=,pwOHvjba8194IBsiFa0P4PNkTNk=
12,10,5eaDiA+pjlmWVGne+6/hphC1o5U=,GmKqajoz2LMmhG2DzAoRTmJTMn4=
12,9,5eaDiA+pjlmWVGne+6/hphC1o5U=,GmKqajoz2LMmhG2DzAoRTmJTMn4=
12,11,5eaDiA+pjlmWVGne+6/hphC1o5U=,GmKqajoz2LMmhG2DzAoRTmJTMn4=
11,11,5eaDiA+pjlmWVGne+6/hphC1o5U=,pwOHvjba8194IBsiFa0P4PNkTNk=
12,12,5eaDiA+pjlmWVGne+6/hphC1o5U=,ppGOmzJ4uce38e10vSVf9LqIqBM=
11,12,5eaDiA+pjlmWVGne+6/hphC1o5U=,PQ+Z1+EbgyC/SQugcHXDTsD1Fis=
11,14,5eaDiA+pjlmWVGne+6/hphC1o5U=,nrOSBtHI0DkoO2dgcNw0gyQr+j4=
12,13,5eaDiA+pjlmWVGne+6/hphC1o5U=,ppGOmzJ4uce38e10vSVf9LqIqBM=
12,14,5eaDiA+pjlmWVGne+6/hphC1o5U=,1IHxf9Hhee83horShWq5KmkJUUs=
11,13,5eaDiA+pjlmWVGne+6/hphC1o5U=,PQ+Z1+EbgyC/SQugcHXDTsD1Fis=
12,7,fMWwxQ0fcYhJ1F4BCw52D+zYSN8=,GmKqajoz2LMmhG2DzAoRTmJTMn4=
12,8,fMWwxQ0fcYhJ1F4BCw52D+zYSN8=,GmKqajoz2LMmhG2DzAoRTmJTMn4=
11,7,fMWwxQ0fcYhJ1F4BCw52D+zYSN8=,GmKqajoz2LMmhG2DzAoRTmJTMn4=
11,8,fMWwxQ0fcYhJ1F4BCw52D+zYSN8=,GmKqajoz2LMmhG2DzAoRTmJTMn4=
12,6,fMWwxQ0fcYhJ1F4BCw52D+zYSN8=,GmKqajoz2LMmhG2DzAoRTmJTMn4=
12,5,fMWwxQ0fcYhJ1F4BCw52D+zYSN8=,GmKqajoz2LMmhG2DzAoRTmJTMn4=
11,5,fMWwxQ0fcYhJ1F4BCw52D+zYSN8=,GmKqajoz2LMmhG2DzAoRTmJTMn4=
11,6,fMWwxQ0fcYhJ1F4BCw52D+zYSN8=,GmKqajoz2LMmhG2DzAoRTmJTMn4=
12,3,fMWwxQ0fcYhJ1F4BCw52D+zYSN8=,GmKqajoz2LMmhG2DzAoRTmJTMn4=
11,3,fMWwxQ0fcYhJ1F4BCw52D+zYSN8=,GmKqajoz2LMmhG2DzAoRTmJTMn4=
12,4,fMWwxQ0fcYhJ1F4BCw52D+zYSN8=,GmKqajoz2LMmhG2DzAoRTmJTMn4=
11,4,fMWwxQ0fcYhJ1F4BCw52D+zYSN8=,GmKqajoz2LMmhG2DzAoRTmJTMn4=
14,5,iwwyL/25pda2MOeKf2H9CJtkmxg=,6uStOW+/9qjsD4lj8Q4/DlgWw8k=
14,6,iwwyL/25pda2MOeKf2H9CJtkmxg=,3h3dYkunh4a6cY5TghS50Oe96aw=
13,6,iwwyL/25pda2MOeKf2H9CJtkmxg=,GmKqajoz2LMmhG2DzAoRTmJTMn4=
13,5,iwwyL/25pda2MOeKf2H9CJtkmxg=,GmKqajoz2LMmhG2DzAoRTmJTMn4=
13,4,iwwyL/25pda2MOeKf2H9CJtkmxg=,GmKqajoz2LMmhG2DzAoRTmJTMn4=
13,3,H27oRkUuKh3EO9thtuFL9ROAP9E=,GmKqajoz2LMmhG2DzAoRTmJTMn4=
14,4,H27oRkUuKh3EO9thtuFL9ROAP9E=,6uStOW+/9qjsD4lj8Q4/DlgWw8k=
14,3,H27oRkUuKh3EO9thtuFL9ROAP9E=,7h1Hi/Sjc994sLDqLRBYiXzFBuo=
14,1,H27oRkUuKh3EO9thtuFL9ROAP9E=,StIllWpUYVRK6Yuan5Cb6x0j6fk=
14,2,H27oRkUuKh3EO9thtuFL9ROAP9E=,7h1Hi/Sjc994sLDqLRBYiXzFBuo=
13,2,H27oRkUuKh3EO9thtuFL9ROAP9E=,GmKqajoz2LMmhG2DzAoRTmJTMn4=
13,1,H27oRkUuKh3EO9thtuFL9ROAP9E=,6YUIJSBKGkgsFAE7aSMQ4XbdYus=
13,8,H27oRkUuKh3EO9thtuFL9ROAP9E=,GmKqajoz2LMmhG2DzAoRTmJTMn4=
14,8,H27oRkUuKh3EO9thtuFL9ROAP9E=,uodS5RlXDRDkhV4B81vmEiOj3N0=
13,7,H27oRkUuKh3EO9thtuFL9ROAP9E=,GmKqajoz2LMmhG2DzAoRTmJTMn4=
14,7,H27oRkUuKh3EO9thtuFL9ROAP9E=,3h3dYkunh4a6cY5TghS50Oe96aw=
14,9,H27oRkUuKh3EO9thtuFL9ROAP9E=,uodS5RlXDRDkhV4B81vmEiOj3N0=
12,15,H27oRkUuKh3EO9thtuFL9ROAP9E=,1IHxf9Hhee83horShWq5KmkJUUs=
14,10,H27oRkUuKh3EO9thtuFL9ROAP9E=,JzfNGVFJ2bLcQMyAoB3iYfejgd0=
13,10,H27oRkUuKh3EO9thtuFL9ROAP9E=,GmKqajoz2LMmhG2DzAoRTmJTMn4=
11,15,H27oRkUuKh3EO9thtuFL9ROAP9E=,nrOSBtHI0DkoO2dgcNw0gyQr+j4=
13,9,H27oRkUuKh3EO9thtuFL9ROAP9E=,GmKqajoz2LMmhG2DzAoRTmJTMn4=
10,15,H27oRkUuKh3EO9thtuFL9ROAP9E=,nrOSBtHI0DkoO2dgcNw0gyQr+j4=
9,15,H27oRkUuKh3EO9thtuFL9ROAP9E=,s65Qxq3JhzQAF6NKriUM2UaIQK8=
8,15,H27oRkUuKh3EO9thtuFL9ROAP9E=,s65Qxq3JhzQAF6NKriUM2UaIQK8=
7,15,H27oRkUuKh3EO9thtuFL9ROAP9E=,THbXVhQsdB0E8v32cpDG8KnOr90=
6,15,H27oRkUuKh3EO9thtuFL9ROAP9E=,THbXVhQsdB0E8v32cpDG8KnOr90=
5,15,H27oRkUuKh3EO9thtuFL9ROAP9E=,sKlt+THpa7NkMc2ifILdtYobpJI=
4,15,H27oRkUuKh3EO9thtuFL9ROAP9E=,sKlt+THpa7NkMc2ifILdtYobpJI=
3,15,H27oRkUuKh3EO9thtuFL9ROAP9E=,JtDDaIzoGWgBKg+1POivDUTpybM=
2,15,H27oRkUuKh3EO9thtuFL9ROAP9E=,JtDDaIzoGWgBKg+1POivDUTpybM=
1,15,H27oRkUuKh3EO9thtuFL9ROAP9E=,WN9FPIvXmiowd9/80lsne99if2A=
0,13,miAkA0aC4JkLZB63lnJub79c10w=,qsvFMY13XQ8rwsxSf9iePPatWsE=
0,14,miAkA0aC4JkLZB63lnJub79c10w=,WN9FPIvXmiowd9/80lsne99if2A=
15,11,miAkA0aC4JkLZB63lnJub79c10w=,JzfNGVFJ2bLcQMyAoB3iYfejgd0=
14,11,miAkA0aC4JkLZB63lnJub79c10w=,JzfNGVFJ2bLcQMyAoB3iYfejgd0=
0,11,miAkA0aC4JkLZB63lnJub79c10w=,bZKCweQBrynZ3QAihdlJ0ho00sQ=
0,12,miAkA0aC4JkLZB63lnJub79c10w=,qsvFMY13XQ8rwsxSf9iePPatWsE=
13,12,miAkA0aC4JkLZB63lnJub79c10w=,ppGOmzJ4uce38e10vSVf9LqIqBM=
15,12,miAkA0aC4JkLZB63lnJub79c10w=,P013Xajc9gvqNljLPLiz8RH9r3Q=
13,11,miAkA0aC4JkLZB63lnJub79c10w=,GmKqajoz2LMmhG2DzAoRTmJTMn4=
14,12,miAkA0aC4JkLZB63lnJub79c10w=,P013Xajc9gvqNljLPLiz8RH9r3Q=
0,10,miAkA0aC4JkLZB63lnJub79c10w=,bZKCweQBrynZ3QAihdlJ0ho00sQ=
0,9,miAkA0aC4JkLZB63lnJub79c10w=,bZKCweQBrynZ3QAihdlJ0ho00sQ=
0,8,miAkA0aC4JkLZB63lnJub79c10w=,bZKCweQBrynZ3QAihdlJ0ho00sQ=
0,7,miAkA0aC4JkLZB63lnJub79c10w=,Ppk5Oaz6dNnU8a8fQF/eRMVTomg=
0,4,miAkA0aC4JkLZB63lnJub79c10w=,UWLy+3T/uSdx7Y8jXZZqqAgWHuY=
0,3,miAkA0aC4JkLZB63lnJub79c10w=,A81uOsrdsCKBK8eZo5vhEOxX53A=
0,6,miAkA0aC4JkLZB63lnJub79c10w=,Ppk5Oaz6dNnU8a8fQF/eRMVTomg=
0,5,miAkA0aC4JkLZB63lnJub79c10w=,UWLy+3T/uSdx7Y8jXZZqqAgWHuY=
15,13,miAkA0aC4JkLZB63lnJub79c10w=,P013Xajc9gvqNljLPLiz8RH9r3Q=
14,13,miAkA0aC4JkLZB63lnJub79c10w=,P013Xajc9gvqNljLPLiz8RH9r3Q=
15,15,miAkA0aC4JkLZB63lnJub79c10w=,jZqfnsekDvUcHjIeg8ZQKrjWgbY=
14,15,miAkA0aC4JkLZB63lnJub79c10w=,jZqfnsekDvUcHjIeg8ZQKrjWgbY=
13,15,miAkA0aC4JkLZB63lnJub79c10w=,1IHxf9Hhee83horShWq5KmkJUUs=
15,14,miAkA0aC4JkLZB63lnJub79c10w=,jZqfnsekDvUcHjIeg8ZQKrjWgbY=
13,13,miAkA0aC4JkLZB63lnJub79c10w=,ppGOmzJ4uce38e10vSVf9LqIqBM=
0,2,miAkA0aC4JkLZB63lnJub79c10w=,A81uOsrdsCKBK8eZo5vhEOxX53A=
0,0,miAkA0aC4JkLZB63lnJub79c10w=,4k592RmaYGCmm53DSipZ8K9+NwM=
13,14,miAkA0aC4JkLZB63lnJub79c10w=,1IHxf9Hhee83horShWq5KmkJUUs=
4,0,miAkA0aC4JkLZB63lnJub79c10w=,XqGAeyD4G8ix/sS/0/AJ6W+E51E=
14,14,miAkA0aC4JkLZB63lnJub79c10w=,jZqfnsekDvUcHjIeg8ZQKrjWgbY=
3,0,miAkA0aC4JkLZB63lnJub79c10w=,hSQ8LLMFTZoN9qQMZ9YPv0MasC4=
0,1,miAkA0aC4JkLZB63lnJub79c10w=,4k592RmaYGCmm53DSipZ8K9+NwM=
2,0,miAkA0aC4JkLZB63lnJub79c10w=,hSQ8LLMFTZoN9qQMZ9YPv0MasC4=
1,0,miAkA0aC4JkLZB63lnJub79c10w=,4k592RmaYGCmm53DSipZ8K9+NwM=
8,0,miAkA0aC4JkLZB63lnJub79c10w=,U6VGqIK6lTF//wpBwIjaEtME44Y=
6,0,miAkA0aC4JkLZB63lnJub79c10w=,pftrCopRNTfdegTKJ7QPgsFojC4=
7,0,miAkA0aC4JkLZB63lnJub79c10w=,pftrCopRNTfdegTKJ7QPgsFojC4=
5,0,miAkA0aC4JkLZB63lnJub79c10w=,XqGAeyD4G8ix/sS/0/AJ6W+E51E=
14,0,miAkA0aC4JkLZB63lnJub79c10w=,StIllWpUYVRK6Yuan5Cb6x0j6fk=
15,1,miAkA0aC4JkLZB63lnJub79c10w=,StIllWpUYVRK6Yuan5Cb6x0j6fk=
13,0,miAkA0aC4JkLZB63lnJub79c10w=,6YUIJSBKGkgsFAE7aSMQ4XbdYus=
15,2,miAkA0aC4JkLZB63lnJub79c10w=,7h1Hi/Sjc994sLDqLRBYiXzFBuo=
15,3,miAkA0aC4JkLZB63lnJub79c10w=,7h1Hi/Sjc994sLDqLRBYiXzFBuo=
15,4,miAkA0aC4JkLZB63lnJub79c10w=,6uStOW+/9qjsD4lj8Q4/DlgWw8k=
15,5,miAkA0aC4JkLZB63lnJub79c10w=,6uStOW+/9qjsD4lj8Q4/DlgWw8k=
15,9,miAkA0aC4JkLZB63lnJub79c10w=,uodS5RlXDRDkhV4B81vmEiOj3N0=
0,15,miAkA0aC4JkLZB63lnJub79c10w=,WN9FPIvXmiowd9/80lsne99if2A=
15,7,miAkA0aC4JkLZB63lnJub79c10w=,3h3dYkunh4a6cY5TghS50Oe96aw=
15,0,miAkA0aC4JkLZB63lnJub79c10w=,StIllWpUYVRK6Yuan5Cb6x0j6fk=
15,6,miAkA0aC4JkLZB63lnJub79c10w=,3h3dYkunh4a6cY5TghS50Oe96aw=
15,10,miAkA0aC4JkLZB63lnJub79c10w=,JzfNGVFJ2bLcQMyAoB3iYfejgd0=
15,8,miAkA0aC4JkLZB63lnJub79c10w=,uodS5RlXDRDkhV4B81vmEiOj3N0=
12,2,miAkA0aC4JkLZB63lnJub79c10w=,GmKqajoz2LMmhG2DzAoRTmJTMn4=
9,2,miAkA0aC4JkLZB63lnJub79c10w=,U6VGqIK6lTF//wpBwIjaEtME44Y=
9,0,miAkA0aC4JkLZB63lnJub79c10w=,U6VGqIK6lTF//wpBwIjaEtME44Y=
10,2,miAkA0aC4JkLZB63lnJub79c10w=,GmKqajoz2LMmhG2DzAoRTmJTMn4=
9,1,miAkA0aC4JkLZB63lnJub79c10w=,U6VGqIK6lTF//wpBwIjaEtME44Y=
12,1,miAkA0aC4JkLZB63lnJub79c10w=,6YUIJSBKGkgsFAE7aSMQ4XbdYus=
11,2,miAkA0aC4JkLZB63lnJub79c10w=,GmKqajoz2LMmhG2DzAoRTmJTMn4=
11,0,miAkA0aC4JkLZB63lnJub79c10w=,6YUIJSBKGkgsFAE7aSMQ4XbdYus=
11,1,miAkA0aC4JkLZB63lnJub79c10w=,6YUIJSBKGkgsFAE7aSMQ4XbdYus=
12,0,miAkA0aC4JkLZB63lnJub79c10w=,6YUIJSBKGkgsFAE7aSMQ4XbdYus=
10,1,miAkA0aC4JkLZB63lnJub79c10w=,6YUIJSBKGkgsFAE7aSMQ4XbdYus=
10,0,miAkA0aC4JkLZB63lnJub79c10w=,6YUIJSBKGkgsFAE7aSMQ4XbdYus=
14,17,YXeztqlLUBa+JNbML9TIKnXlWWI=,KSBZU+5RSl+K829YDU36YJ45zvI=
13,18,YXeztqlLUBa+JNbML9TIKnXlWWI=,ZzN/nDGpWqpEONF8YfciEzOLzNk=
13,17,YXeztqlLUBa+JNbML9TIKnXlWWI=,Tshsj6wXurZ4tYSd/gdYk4oSnSo=
14,18,YXeztqlLUBa+JNbML9TIKnXlWWI=,g6HtM39Ws2i/4Y6JueFRhyi4T3k=
13,20,+DAu4gN2JaKgRbA8Np5KZRrGc+Q=,g6HtM39Ws2i/4Y6JueFRhyi4T3k=
13,22,+DAu4gN2JaKgRbA8Np5KZRrGc+Q=,IFWZdDjdZ2i4PVMwfNPmZlapm2I=
14,20,+DAu4gN2JaKgRbA8Np5KZRrGc+Q=,g6HtM39Ws2i/4Y6JueFRhyi4T3k=
14,22,+DAu4gN2JaKgRbA8Np5KZRrGc+Q=,A829/X/NqqFlxRBZP2msmU4sRwo=
14,21,+DAu4gN2JaKgRbA8Np5KZRrGc+Q=,g6HtM39Ws2i/4Y6JueFRhyi4T3k=
13,21,+DAu4gN2JaKgRbA8Np5KZRrGc+Q=,g6HtM39Ws2i/4Y6JueFRhyi4T3k=
13,19,+DAu4gN2JaKgRbA8Np5KZRrGc+Q=,ZzN/nDGpWqpEONF8YfciEzOLzNk=
14,19,+DAu4gN2JaKgRbA8Np5KZRrGc+Q=,g6HtM39Ws2i/4Y6JueFRhyi4T3k=
12,22,8os/ZQbun1CyfnQ1h9sokoq/iVE=,IFWZdDjdZ2i4PVMwfNPmZlapm2I=
11,21,8os/ZQbun1CyfnQ1h9sokoq/iVE=,ZzN/nDGpWqpEONF8YfciEzOLzNk=
11,22,8os/ZQbun1CyfnQ1h9sokoq/iVE=,EGznEaWotids4AuJ1CwxBar6Y/M=
12,21,8os/ZQbun1CyfnQ1h9sokoq/iVE=,g6HtM39Ws2i/4Y6JueFRhyi4T3k=
11,19,8os/ZQbun1CyfnQ1h9sokoq/iVE=,ZzN/nDGpWqpEONF8YfciEzOLzNk=
12,20,8os/ZQbun1CyfnQ1h9sokoq/iVE=,g6HtM39Ws2i/4Y6JueFRhyi4T3k=
11,20,8os/ZQbun1CyfnQ1h9sokoq/iVE=,ZzN/nDGpWqpEONF8YfciEzOLzNk=
12,19,8os/ZQbun1CyfnQ1h9sokoq/iVE=,ZzN/nDGpWqpEONF8YfciEzOLzNk=
9,21,dYHZsr9MxZz1zcF/xXSydxqLE2g=,ZzN/nDGpWqpEONF8YfciEzOLzNk=
9,19,dYHZsr9MxZz1zcF/xXSydxqLE2g=,ZzN/nDGpWqpEONF8YfciEzOLzNk=
10,22,dYHZsr9MxZz1zcF/xXSydxqLE2g=,EGznEaWotids4AuJ1CwxBar6Y/M=
10,19,dYHZsr9MxZz1zcF/xXSydxqLE2g=,ZzN/nDGpWqpEONF8YfciEzOLzNk=
9,22,dYHZsr9MxZz1zcF/xXSydxqLE2g=,RbsHayqZLkDeRcZJnbDqhubCKmI=
10,20,dYHZsr9MxZz1zcF/xXSydxqLE2g=,ZzN/nDGpWqpEONF8YfciEzOLzNk=
9,20,dYHZsr9MxZz1zcF/xXSydxqLE2g=,ZzN/nDGpWqpEONF8YfciEzOLzNk=
10,21,dYHZsr9MxZz1zcF/xXSydxqLE2g=,ZzN/nDGpWqpEONF8YfciEzOLzNk=
7,21,dYHZsr9MxZz1zcF/xXSydxqLE2g=,ZzN/nDGpWqpEONF8YfciEzOLzNk=
7,22,dYHZsr9MxZz1zcF/xXSydxqLE2g=,6kBdVZeL3AzSe6op1kLG2gKy5bY=
8,21,dYHZsr9MxZz1zcF/xXSydxqLE2g=,ZzN/nDGpWqpEONF8YfciEzOLzNk=
8,22,dYHZsr9MxZz1zcF/xXSydxqLE2g=,RbsHayqZLkDeRcZJnbDqhubCKmI=
5,22,q/6m3JxpaalJjFhKXI5mF5yMGh0=,Y8126v7IkxR53r1cvfhgjpCfnW8=
5,21,q/6m3JxpaalJjFhKXI5mF5yMGh0=,jSD8hrB4rAXZzB6wFgaBTUzDu3Y=
6,21,q/6m3JxpaalJjFhKXI5mF5yMGh0=,ZzN/nDGpWqpEONF8YfciEzOLzNk=
6,22,q/6m3JxpaalJjFhKXI5mF5yMGh0=,6kBdVZeL3AzSe6op1kLG2gKy5bY=
6,23,q/6m3JxpaalJjFhKXI5mF5yMGh0=,6kBdVZeL3AzSe6op1kLG2gKy5bY=
6,24,q/6m3JxpaalJjFhKXI5mF5yMGh0=,jKZK+bDo1qfaHhSDQUb5u7+kSSs=
5,24,q/6m3JxpaalJjFhKXI5mF5yMGh0=,woHoiYC9tEVrN4fRVAKF+80xYJ0=
5,23,q/6m3JxpaalJjFhKXI5mF5yMGh0=,Y8126v7IkxR53r1cvfhgjpCfnW8=
3,24,HvJKBDMHCC59hKpv2mwa7mb9rEM=,0rxKSPFtyMotYOxu82eYysktq/k=
3,22,HvJKBDMHCC59hKpv2mwa7mb9rEM=,n00hppvXMQSanazdczIJqNT19LU=
3,21,HvJKBDMHCC59hKpv2mwa7mb9rEM=,jSD8hrB4rAXZzB6wFgaBTUzDu3Y=
4,24,HvJKBDMHCC59hKpv2mwa7mb9rEM=,woHoiYC9tEVrN4fRVAKF+80xYJ0=
4,22,HvJKBDMHCC59hKpv2mwa7mb9rEM=,Y8126v7IkxR53r1cvfhgjpCfnW8=
4,21,HvJKBDMHCC59hKpv2mwa7mb9rEM=,jSD8hrB4rAXZzB6wFgaBTUzDu3Y=
3,23,HvJKBDMHCC59hKpv2mwa7mb9rEM=,n00hppvXMQSanazdczIJqNT19LU=
4,23,HvJKBDMHCC59hKpv2mwa7mb9rEM=,Y8126v7IkxR53r1cvfhgjpCfnW8=
1,20,5zn74VgcWCF7E7qaK04JciR9QLk=,jSD8hrB4rAXZzB6wFgaBTUzDu3Y=
2,20,5zn74VgcWCF7E7qaK04JciR9QLk=,jSD8hrB4rAXZzB6wFgaBTUzDu3Y=
1,19,5zn74VgcWCF7E7qaK04JciR9QLk=,jSD8hrB4rAXZzB6wFgaBTUzDu3Y=
2,19,5zn74VgcWCF7E7qaK04JciR9QLk=,jSD8hrB4rAXZzB6wFgaBTUzDu3Y=
2,21,5zn74VgcWCF7E7qaK04JciR9QLk=,jSD8hrB4rAXZzB6wFgaBTUzDu3Y=
1,21,5zn74VgcWCF7E7qaK04JciR9QLk=,jSD8hrB4rAXZzB6wFgaBTUzDu3Y=
1,22,5zn74VgcWCF7E7qaK04JciR9QLk=,smsiV+yp4EEaT5ZzOOcArABsA80=
2,22,5zn74VgcWCF7E7qaK04JciR9QLk=,n00hppvXMQSanazdczIJqNT19LU=
3,20,5zn74VgcWCF7E7qaK04JciR9QLk=,jSD8hrB4rAXZzB6wFgaBTUzDu3Y=
4,20,5zn74VgcWCF7E7qaK04JciR9QLk=,jSD8hrB4rAXZzB6wFgaBTUzDu3Y=
4,19,5zn74VgcWCF7E7qaK04JciR9QLk=,jSD8hrB4rAXZzB6wFgaBTUzDu3Y=
3,19,5zn74VgcWCF7E7qaK04JciR9QLk=,jSD8hrB4rAXZzB6wFgaBTUzDu3Y=
5,19,wKSKbo8uVr/zy2m+RqH2YqzbYA4=,jSD8hrB4rAXZzB6wFgaBTUzDu3Y=
7,19,wKSKbo8uVr/zy2m+RqH2YqzbYA4=,ZzN/nDGpWqpEONF8YfciEzOLzNk=
7,20,wKSKbo8uVr/zy2m+RqH2YqzbYA4=,ZzN/nDGpWqpEONF8YfciEzOLzNk=
6,20,wKSKbo8uVr/zy2m+RqH2YqzbYA4=,ZzN/nDGpWqpEONF8YfciEzOLzNk=
5,20,wKSKbo8uVr/zy2m+RqH2YqzbYA4=,jSD8hrB4rAXZzB6wFgaBTUzDu3Y=
6,19,wKSKbo8uVr/zy2m+RqH2YqzbYA4=,ZzN/nDGpWqpEONF8YfciEzOLzNk=
8,19,wKSKbo8uVr/zy2m+RqH2YqzbYA4=,ZzN/nDGpWqpEONF8YfciEzOLzNk=
8,20,wKSKbo8uVr/zy2m+RqH2YqzbYA4=,ZzN/nDGpWqpEONF8YfciEzOLzNk=
5,17,/VM3TV+2vPBeNTGDVFJz8vEY7Mk=,dlSF89XBCcurhTKSAsPudR7gMek=
6,18,/VM3TV+2vPBeNTGDVFJz8vEY7Mk=,ZzN/nDGpWqpEONF8YfciEzOLzNk=
5,18,/VM3TV+2vPBeNTGDVFJz8vEY7Mk=,jSD8hrB4rAXZzB6wFgaBTUzDu3Y=
6,17,/VM3TV+2vPBeNTGDVFJz8vEY7Mk=,3kXfonq2Lib3IADyu3az/IwCM/M=
8,18,/VM3TV+2vPBeNTGDVFJz8vEY7Mk=,ZzN/nDGpWqpEONF8YfciEzOLzNk=
8,17,/VM3TV+2vPBeNTGDVFJz8vEY7Mk=,Odzv55NBb6g5cJJzRGFQBFgOkgQ=
7,17,/VM3TV+2vPBeNTGDVFJz8vEY7Mk=,3kXfonq2Lib3IADyu3az/IwCM/M=
7,18,/VM3TV+2vPBeNTGDVFJz8vEY7Mk=,ZzN/nDGpWqpEONF8YfciEzOLzNk=
0,20,/VM3TV+2vPBeNTGDVFJz8vEY7Mk=,jSD8hrB4rAXZzB6wFgaBTUzDu3Y=
0,19,/VM3TV+2vPBeNTGDVFJz8vEY7Mk=,jSD8hrB4rAXZzB6wFgaBTUzDu3Y=
0,21,/VM3TV+2vPBeNTGDVFJz8vEY7Mk=,jSD8hrB4rAXZzB6wFgaBTUzDu3Y=
0,22,/VM3TV+2vPBeNTGDVFJz8vEY7Mk=,smsiV+yp4EEaT5ZzOOcArABsA80=
12,18,tuchku5IYEYPpiJm3uPF1K0TDQ8=,ZzN/nDGpWqpEONF8YfciEzOLzNk=
9,17,tuchku5IYEYPpiJm3uPF1K0TDQ8=,Odzv55NBb6g5cJJzRGFQBFgOkgQ=
11,17,tuchku5IYEYPpiJm3uPF1K0TDQ8=,eYT1VV/oYMIb5xwO7jLcUZsELDk=
10,17,tuchku5IYEYPpiJm3uPF1K0TDQ8=,eYT1VV/oYMIb5xwO7jLcUZsELDk=
10,18,tuchku5IYEYPpiJm3uPF1K0TDQ8=,ZzN/nDGpWqpEONF8YfciEzOLzNk=
12,17,tuchku5IYEYPpiJm3uPF1K0TDQ8=,Tshsj6wXurZ4tYSd/gdYk4oSnSo=
9,18,tuchku5IYEYPpiJm3uPF1K0TDQ8=,ZzN/nDGpWqpEONF8YfciEzOLzNk=
11,18,tuchku5IYEYPpiJm3uPF1K0TDQ8=,ZzN/nDGpWqpEONF8YfciEzOLzNk=
0,18,tuchku5IYEYPpiJm3uPF1K0TDQ8=,jSD8hrB4rAXZzB6wFgaBTUzDu3Y=
0,17,tuchku5IYEYPpiJm3uPF1K0TDQ8=,BU9y1MCjK69JS4JGgQt33mI8/I8=
1,18,tuchku5IYEYPpiJm3uPF1K0TDQ8=,jSD8hrB4rAXZzB6wFgaBTUzDu3Y=
3,18,tuchku5IYEYPpiJm3uPF1K0TDQ8=,jSD8hrB4rAXZzB6wFgaBTUzDu3Y=
1,16,tuchku5IYEYPpiJm3uPF1K0TDQ8=,BU9y1MCjK69JS4JGgQt33mI8/I8=
2,16,tuchku5IYEYPpiJm3uPF1K0TDQ8=,EE7YPkx+F1LEiJSJKeOJcBx6PGo=
3,17,tuchku5IYEYPpiJm3uPF1K0TDQ8=,EE7YPkx+F1LEiJSJKeOJcBx6PGo=
2,17,tuchku5IYEYPpiJm3uPF1K0TDQ8=,EE7YPkx+F1LEiJSJKeOJcBx6PGo=
2,18,tuchku5IYEYPpiJm3uPF1K0TDQ8=,jSD8hrB4rAXZzB6wFgaBTUzDu3Y=
4,17,tuchku5IYEYPpiJm3uPF1K0TDQ8=,dlSF89XBCcurhTKSAsPudR7gMek=
1,17,tuchku5IYEYPpiJm3uPF1K0TDQ8=,BU9y1MCjK69JS4JGgQt33mI8/I8=
4,18,tuchku5IYEYPpiJm3uPF1K0TDQ8=,jSD8hrB4rAXZzB6wFgaBTUzDu3Y=
1,23,f/4s2E10bLlUUP56KZXYjNiKtng=,smsiV+yp4EEaT5ZzOOcArABsA80=
1,24,f/4s2E10bLlUUP56KZXYjNiKtng=,Abh2EQP2OGKadhxX/ektEWLMjrQ=
2,23,f/4s2E10bLlUUP56KZXYjNiKtng=,n00hppvXMQSanazdczIJqNT19LU=
2,24,f/4s2E10bLlUUP56KZXYjNiKtng=,0rxKSPFtyMotYOxu82eYysktq/k=
2,28,f/4s2E10bLlUUP56KZXYjNiKtng=,Xydtb9PGtHPSBJrgD0gnSnXpfB8=
1,28,f/4s2E10bLlUUP56KZXYjNiKtng=,QEOnR/8ylrQInNLmaMi/SHlk3g4=
1,27,f/4s2E10bLlUUP56KZXYjNiKtng=,qrUxL8VErjQt/Ou5b/LnPVpVWTs=
1,25,f/4s2E10bLlUUP56KZXYjNiKtng=,Abh2EQP2OGKadhxX/ektEWLMjrQ=
2,27,f/4s2E10bLlUUP56KZXYjNiKtng=,6AA0CuzicVYuOlOFt7X1WT7j1/A=
2,25,f/4s2E10bLlUUP56KZXYjNiKtng=,0rxKSPFtyMotYOxu82eYysktq/k=
2,26,f/4s2E10bLlUUP56KZXYjNiKtng=,6AA0CuzicVYuOlOFt7X1WT7j1/A=
1,26,f/4s2E10bLlUUP56KZXYjNiKtng=,qrUxL8VErjQt/Ou5b/LnPVpVWTs=
3,28,t4T0td3rWKOzvLzAUy3d3G+qUr0=,Xydtb9PGtHPSBJrgD0gnSnXpfB8=
4,28,t4T0td3rWKOzvLzAUy3d3G+qUr0=,YtAAx+CXpBWW8gmS6erkNO1hbLE=
4,27,t4T0td3rWKOzvLzAUy3d3G+qUr0=,2sPB20eIbgWl6GHBVm1mikANKNA=
3,26,t4T0td3rWKOzvLzAUy3d3G+qUr0=,6AA0CuzicVYuOlOFt7X1WT7j1/A=
3,25,t4T0td3rWKOzvLzAUy3d3G+qUr0=,0rxKSPFtyMotYOxu82eYysktq/k=
4,26,t4T0td3rWKOzvLzAUy3d3G+qUr0=,2sPB20eIbgWl6GHBVm1mikANKNA=
3,27,t4T0td3rWKOzvLzAUy3d3G+qUr0=,6AA0CuzicVYuOlOFt7X1WT7j1/A=
4,25,t4T0td3rWKOzvLzAUy3d3G+qUr0=,woHoiYC9tEVrN4fRVAKF+80xYJ0=
6,28,t4T0td3rWKOzvLzAUy3d3G+qUr0=,rAzJKbOUVPcpZLNOXFNJ4L7gfU8=
5,28,t4T0td3rWKOzvLzAUy3d3G+qUr0=,YtAAx+CXpBWW8gmS6erkNO1hbLE=
5,25,t4T0td3rWKOzvLzAUy3d3G+qUr0=,woHoiYC9tEVrN4fRVAKF+80xYJ0=
5,27,t4T0td3rWKOzvLzAUy3d3G+qUr0=,2sPB20eIbgWl6GHBVm1mikANKNA=
6,25,t4T0td3rWKOzvLzAUy3d3G+qUr0=,jKZK+bDo1qfaHhSDQUb5u7+kSSs=
6,27,t4T0td3rWKOzvLzAUy3d3G+qUr0=,5lofMQXRxK/U+jJcCZ4psSy1TpQ=
6,26,t4T0td3rWKOzvLzAUy3d3G+qUr0=,5lofMQXRxK/U+jJcCZ4psSy1TpQ=
5,26,t4T0td3rWKOzvLzAUy3d3G+qUr0=,2sPB20eIbgWl6GHBVm1mikANKNA=
8,28,t4T0td3rWKOzvLzAUy3d3G+qUr0=,xedhDJEijSn3aC4mXDAayv8JdT0=
7,28,t4T0td3rWKOzvLzAUy3d3G+qUr0=,rAzJKbOUVPcpZLNOXFNJ4L7gfU8=
8,27,t4T0td3rWKOzvLzAUy3d3G+qUr0=,JKx7mnHX7tI6hdWnS+x/sgkP++s=
7,27,t4T0td3rWKOzvLzAUy3d3G+qUr0=,5lofMQXRxK/U+jJcCZ4psSy1TpQ=
9,28,t4T0td3rWKOzvLzAUy3d3G+qUr0=,xedhDJEijSn3aC4mXDAayv8JdT0=
10,28,t4T0td3rWKOzvLzAUy3d3G+qUr0=,n79pKM8ZrfTr7t1NO8/3yOkm1Zg=
10,27,t4T0td3rWKOzvLzAUy3d3G+qUr0=,n79pKM8ZrfTr7t1NO8/3yOkm1Zg=
9,27,t4T0td3rWKOzvLzAUy3d3G+qUr0=,JKx7mnHX7tI6hdWnS+x/sgkP++s=
12,25,em4yFzQw2abWhAVcIJrQw3iVYRs=,KuyooMuXKxHD7j5HdKMdY7g8Ut8=
11,23,em4yFzQw2abWhAVcIJrQw3iVYRs=,EGznEaWotids4AuJ1CwxBar6Y/M=
11,25,em4yFzQw2abWhAVcIJrQw3iVYRs=,84JW/bjobKb94LXuPV6Po2c9BPA=
11,26,em4yFzQw2abWhAVcIJrQw3iVYRs=,n79pKM8ZrfTr7t1NO8/3yOkm1Zg=
12,26,em4yFzQw2abWhAVcIJrQw3iVYRs=,/alq28apeGuguN1AhAd46Owvu0o=
12,24,em4yFzQw2abWhAVcIJrQw3iVYRs=,KuyooMuXKxHD7j5HdKMdY7g8Ut8=
11,24,em4yFzQw2abWhAVcIJrQw3iVYRs=,84JW/bjobKb94LXuPV6Po2c9BPA=
12,23,em4yFzQw2abWhAVcIJrQw3iVYRs=,IFWZdDjdZ2i4PVMwfNPmZlapm2I=
15,22,em4yFzQw2abWhAVcIJrQw3iVYRs=,A829/X/NqqFlxRBZP2msmU4sRwo=
15,21,em4yFzQw2abWhAVcIJrQw3iVYRs=,g6HtM39Ws2i/4Y6JueFRhyi4T3k=
15,20,em4yFzQw2abWhAVcIJrQw3iVYRs=,g6HtM39Ws2i/4Y6JueFRhyi4T3k=
15,19,em4yFzQw2abWhAVcIJrQw3iVYRs=,g6HtM39Ws2i/4Y6JueFRhyi4T3k=
15,17,em4yFzQw2abWhAVcIJrQw3iVYRs=,KSBZU+5RSl+K829YDU36YJ45zvI=
15,18,em4yFzQw2abWhAVcIJrQw3iVYRs=,g6HtM39Ws2i/4Y6JueFRhyi4T3k=
15,28,em4yFzQw2abWhAVcIJrQw3iVYRs=,g+bQzr6d4XBVTdf8moFb8zOvjoE=
15,29,em4yFzQw2abWhAVcIJrQw3iVYRs=,g+bQzr6d4XBVTdf8moFb8zOvjoE=
4,29,em4yFzQw2abWhAVcIJrQw3iVYRs=,YtAAx+CXpBWW8gmS6erkNO1hbLE=
3,29,em4yFzQw2abWhAVcIJrQw3iVYRs=,Xydtb9PGtHPSBJrgD0gnSnXpfB8=
1,29,em4yFzQw2abWhAVcIJrQw3iVYRs=,QEOnR/8ylrQInNLmaMi/SHlk3g4=
2,29,em4yFzQw2abWhAVcIJrQw3iVYRs=,Xydtb9PGtHPSBJrgD0gnSnXpfB8=
15,27,em4yFzQw2abWhAVcIJrQw3iVYRs=,g+bQzr6d4XBVTdf8moFb8zOvjoE=
14,28,em4yFzQw2abWhAVcIJrQw3iVYRs=,g+bQzr6d4XBVTdf8moFb8zOvjoE=
12,28,em4yFzQw2abWhAVcIJrQw3iVYRs=,/alq28apeGuguN1AhAd46Owvu0o=
13,29,em4yFzQw2abWhAVcIJrQw3iVYRs=,/alq28apeGuguN1AhAd46Owvu0o=
14,29,em4yFzQw2abWhAVcIJrQw3iVYRs=,g+bQzr6d4XBVTdf8moFb8zOvjoE=
11,29,em4yFzQw2abWhAVcIJrQw3iVYRs=,n79pKM8ZrfTr7t1NO8/3yOkm1Zg=
11,27,em4yFzQw2abWhAVcIJrQw3iVYRs=,n79pKM8ZrfTr7t1NO8/3yOkm1Zg=
12,29,em4yFzQw2abWhAVcIJrQw3iVYRs=,/alq28apeGuguN1AhAd46Owvu0o=
13,28,em4yFzQw2abWhAVcIJrQw3iVYRs=,/alq28apeGuguN1AhAd46Owvu0o=
11,28,em4yFzQw2abWhAVcIJrQw3iVYRs=,n79pKM8ZrfTr7t1NO8/3yOkm1Zg=
14,27,em4yFzQw2abWhAVcIJrQw3iVYRs=,g+bQzr6d4XBVTdf8moFb8zOvjoE=
12,27,em4yFzQw2abWhAVcIJrQw3iVYRs=,/alq28apeGuguN1AhAd46Owvu0o=
13,27,em4yFzQw2abWhAVcIJrQw3iVYRs=,/alq28apeGuguN1AhAd46Owvu0o=
0,28,em4yFzQw2abWhAVcIJrQw3iVYRs=,QEOnR/8ylrQInNLmaMi/SHlk3g4=
10,29,em4yFzQw2abWhAVcIJrQw3iVYRs=,n79pKM8ZrfTr7t1NO8/3yOkm1Zg=
9,29,em4yFzQw2abWhAVcIJrQw3iVYRs=,xedhDJEijSn3aC4mXDAayv8JdT0=
0,27,JdWSQGrbMy38Pz15OiyQTphAges=,qrUxL8VErjQt/Ou5b/LnPVpVWTs=
0,23,JdWSQGrbMy38Pz15OiyQTphAges=,smsiV+yp4EEaT5ZzOOcArABsA80=
0,25,JdWSQGrbMy38Pz15OiyQTphAges=,Abh2EQP2OGKadhxX/ektEWLMjrQ=
0,24,JdWSQGrbMy38Pz15OiyQTphAges=,Abh2EQP2OGKadhxX/ektEWLMjrQ=
0,26,JdWSQGrbMy38Pz15OiyQTphAges=,qrUxL8VErjQt/Ou5b/LnPVpVWTs=
9,16,JdWSQGrbMy38Pz15OiyQTphAges=,Odzv55NBb6g5cJJzRGFQBFgOkgQ=
10,16,JdWSQGrbMy38Pz15OiyQTphAges=,eYT1VV/oYMIb5xwO7jLcUZsELDk=
6,29,JdWSQGrbMy38Pz15OiyQTphAges=,rAzJKbOUVPcpZLNOXFNJ4L7gfU8=
7,29,JdWSQGrbMy38Pz15OiyQTphAges=,rAzJKbOUVPcpZLNOXFNJ4L7gfU8=
8,29,JdWSQGrbMy38Pz15OiyQTphAges=,xedhDJEijSn3aC4mXDAayv8JdT0=
5,29,JdWSQGrbMy38Pz15OiyQTphAges=,YtAAx+CXpBWW8gmS6erkNO1hbLE=
0,29,JdWSQGrbMy38Pz15OiyQTphAges=,QEOnR/8ylrQInNLmaMi/SHlk3g4=
7,16,JdWSQGrbMy38Pz15OiyQTphAges=,3kXfonq2Lib3IADyu3az/IwCM/M=
8,16,JdWSQGrbMy38Pz15OiyQTphAges=,Odzv55NBb6g5cJJzRGFQBFgOkgQ=
3,16,JdWSQGrbMy38Pz15OiyQTphAges=,EE7YPkx+F1LEiJSJKeOJcBx6PGo=
4,16,JdWSQGrbMy38Pz15OiyQTphAges=,dlSF89XBCcurhTKSAsPudR7gMek=
5,16,JdWSQGrbMy38Pz15OiyQTphAges=,dlSF89XBCcurhTKSAsPudR7gMek=
6,16,JdWSQGrbMy38Pz15OiyQTphAges=,3kXfonq2Lib3IADyu3az/IwCM/M=
12,16,JdWSQGrbMy38Pz15OiyQTphAges=,Tshsj6wXurZ4tYSd/gdYk4oSnSo=
11,16,JdWSQGrbMy38Pz15OiyQTphAges=,eYT1VV/oYMIb5xwO7jLcUZsELDk=
0,16,JdWSQGrbMy38Pz15OiyQTphAges=,BU9y1MCjK69JS4JGgQt33mI8/I8=
15,16,JdWSQGrbMy38Pz15OiyQTphAges=,KSBZU+5RSl+K829YDU36YJ45zvI=
14,16,JdWSQGrbMy38Pz15OiyQTphAges=,KSBZU+5RSl+K829YDU36YJ45zvI=
13,16,JdWSQGrbMy38Pz15OiyQTphAges=,Tshsj6wXurZ4tYSd/gdYk4oSnSo=
15,25,JdWSQGrbMy38Pz15OiyQTphAges=,l3XXmx4WcAUQvDJE0A8DGaG49cQ=
13,24,JdWSQGrbMy38Pz15OiyQTphAges=,KuyooMuXKxHD7j5HdKMdY7g8Ut8=
15,24,JdWSQGrbMy38Pz15OiyQTphAges=,l3XXmx4WcAUQvDJE0A8DGaG49cQ=
14,25,JdWSQGrbMy38Pz15OiyQTphAges=,l3XXmx4WcAUQvDJE0A8DGaG49cQ=
15,26,JdWSQGrbMy38Pz15OiyQTphAges=,g+bQzr6d4XBVTdf8moFb8zOvjoE=
13,26,JdWSQGrbMy38Pz15OiyQTphAges=,/alq28apeGuguN1AhAd46Owvu0o=
14,26,JdWSQGrbMy38Pz15OiyQTphAges=,g+bQzr6d4XBVTdf8moFb8zOvjoE=
15,23,JdWSQGrbMy38Pz15OiyQTphAges=,A829/X/NqqFlxRBZP2msmU4sRwo=
14,24,JdWSQGrbMy38Pz15OiyQTphAges=,l3XXmx4WcAUQvDJE0A8DGaG49cQ=
13,23,JdWSQGrbMy38Pz15OiyQTphAges=,IFWZdDjdZ2i4PVMwfNPmZlapm2I=
14,23,JdWSQGrbMy38Pz15OiyQTphAges=,A829/X/NqqFlxRBZP2msmU4sRwo=
8,23,JdWSQGrbMy38Pz15OiyQTphAges=,RbsHayqZLkDeRcZJnbDqhubCKmI=
9,25,JdWSQGrbMy38Pz15OiyQTphAges=,asAzLNTooLqAB0/jsW9OgPmdM1M=
8,25,JdWSQGrbMy38Pz15OiyQTphAges=,asAzLNTooLqAB0/jsW9OgPmdM1M=
13,25,JdWSQGrbMy38Pz15OiyQTphAges=,KuyooMuXKxHD7j5HdKMdY7g8Ut8=
9,26,JdWSQGrbMy38Pz15OiyQTphAges=,JKx7mnHX7tI6hdWnS+x/sgkP++s=
7,25,JdWSQGrbMy38Pz15OiyQTphAges=,jKZK+bDo1qfaHhSDQUb5u7+kSSs=
10,25,JdWSQGrbMy38Pz15OiyQTphAges=,84JW/bjobKb94LXuPV6Po2c9BPA=
10,23,JdWSQGrbMy38Pz15OiyQTphAges=,EGznEaWotids4AuJ1CwxBar6Y/M=
9,24,JdWSQGrbMy38Pz15OiyQTphAges=,asAzLNTooLqAB0/jsW9OgPmdM1M=
7,23,JdWSQGrbMy38Pz15OiyQTphAges=,6kBdVZeL3AzSe6op1kLG2gKy5bY=
7,26,JdWSQGrbMy38Pz15OiyQTphAges=,5lofMQXRxK/U+jJcCZ4psSy1TpQ=
8,26,JdWSQGrbMy38Pz15OiyQTphAges=,JKx7mnHX7tI6hdWnS+x/sgkP++s=
7,24,JdWSQGrbMy38Pz15OiyQTphAges=,jKZK+bDo1qfaHhSDQUb5u7+kSSs=
10,26,JdWSQGrbMy38Pz15OiyQTphAges=,n79pKM8ZrfTr7t1NO8/3yOkm1Zg=
9,23,JdWSQGrbMy38Pz15OiyQTphAges=,RbsHayqZLkDeRcZJnbDqhubCKmI=
8,24,JdWSQGrbMy38Pz15OiyQTphAges=,asAzLNTooLqAB0/jsW9OgPmdM1M=
10,24,JdWSQGrbMy38Pz15OiyQTphAges=,84JW/bjobKb94LXuPV6Po2c9BPA=
28,22,mjqw7t4E0iD3jQNysFRIR38mkoU=,OxGZ8v/xsbafTM4rwJUwZMqKiZk=
28,21,mjqw7t4E0iD3jQNysFRIR38mkoU=,oSA0gmHb36jz52URtN7Qj9KhDDY=
27,22,mjqw7t4E0iD3jQNysFRIR38mkoU=,D+x/mEFjGY2ytoWMNlwzRhKs8D0=
27,21,mjqw7t4E0iD3jQNysFRIR38mkoU=,X/H0wWuKC6YcPJppWhgzlXSCgpk=
25,21,mjqw7t4E0iD3jQNysFRIR38mkoU=,k3q4Zj/gw7Vti4BcEDeGV4QZMxc=
25,22,mjqw7t4E0iD3jQNysFRIR38mkoU=,xO30PxjZf0A80hEEweZNqvD5jQE=
26,21,mjqw7t4E0iD3jQNysFRIR38mkoU=,X/H0wWuKC6YcPJppWhgzlXSCgpk=
26,22,mjqw7t4E0iD3jQNysFRIR38mkoU=,D+x/mEFjGY2ytoWMNlwzRhKs8D0=
28,20,txrmTB1tBZb/sQP9I6ahTqxwuMQ=,oSA0gmHb36jz52URtN7Qj9KhDDY=
28,19,txrmTB1tBZb/sQP9I6ahTqxwuMQ=,XP2aLftijUjANWjFU9LR4uUXVN0=
27,20,txrmTB1tBZb/sQP9I6ahTqxwuMQ=,X/H0wWuKC6YcPJppWhgzlXSCgpk=
27,19,txrmTB1tBZb/sQP9I6ahTqxwuMQ=,FSlfkwcEriBV+O/wKs7tWc8eOcI=
25,19,txrmTB1tBZb/sQP9I6ahTqxwuMQ=,QPeEWAWvgjhcd7QyRlWVPovknKQ=
25,20,txrmTB1tBZb/sQP9I6ahTqxwuMQ=,k3q4Zj/gw7Vti4BcEDeGV4QZMxc=
26,20,txrmTB1tBZb/sQP9I6ahTqxwuMQ=,X/H0wWuKC6YcPJppWhgzlXSCgpk=
26,19,txrmTB1tBZb/sQP9I6ahTqxwuMQ=,FSlfkwcEriBV+O/wKs7tWc8eOcI=
23,21,txrmTB1tBZb/sQP9I6ahTqxwuMQ=,9QBl9igKZZ7ERxXkvL0KCwsAxyQ=
24,22,txrmTB1tBZb/sQP9I6ahTqxwuMQ=,xO30PxjZf0A80hEEweZNqvD5jQE=
24,21,txrmTB1tBZb/sQP9I6ahTqxwuMQ=,k3q4Zj/gw7Vti4BcEDeGV4QZMxc=
23,22,txrmTB1tBZb/sQP9I6ahTqxwuMQ=,ngjG7e44X/wAKzAgDP5DNTB22eU=
23,19,A/f3MBbdggu6SEhSxL5JQjfwSVo=,9QBl9igKZZ7ERxXkvL0KCwsAxyQ=
24,19,A/f3MBbdggu6SEhSxL5JQjfwSVo=,QPeEWAWvgjhcd7QyRlWVPovknKQ=
24,20,A/f3MBbdggu6SEhSxL5JQjfwSVo=,k3q4Zj/gw7Vti4BcEDeGV4QZMxc=
23,20,A/f3MBbdggu6SEhSxL5JQjfwSVo=,9QBl9igKZZ7ERxXkvL0KCwsAxyQ=
22,19,A/f3MBbdggu6SEhSxL5JQjfwSVo=,9QBl9igKZZ7ERxXkvL0KCwsAxyQ=
21,20,A/f3MBbdggu6SEhSxL5JQjfwSVo=,9QBl9igKZZ7ERxXkvL0KCwsAxyQ=
22,20,A/f3MBbdggu6SEhSxL5JQjfwSVo=,9QBl9igKZZ7ERxXkvL0KCwsAxyQ=
21,19,A/f3MBbdggu6SEhSxL5JQjfwSVo=,9QBl9igKZZ7ERxXkvL0KCwsAxyQ=
19,19,gktClx/kyMis9n0rvxUDaPv75Zg=,g6HtM39Ws2i/4Y6JueFRhyi4T3k=
20,20,gktClx/kyMis9n0rvxUDaPv75Zg=,9QBl9igKZZ7ERxXkvL0KCwsAxyQ=
20,19,gktClx/kyMis9n0rvxUDaPv75Zg=,9QBl9igKZZ7ERxXkvL0KCwsAxyQ=
19,20,gktClx/kyMis9n0rvxUDaPv75Zg=,g6HtM39Ws2i/4Y6JueFRhyi4T3k=
21,22,gktClx/kyMis9n0rvxUDaPv75Zg=,l4YqZNdyZPiZKeJt80tN0zvilsc=
22,21,gktClx/kyMis9n0rvxUDaPv75Zg=,9QBl9igKZZ7ERxXkvL0KCwsAxyQ=
22,22,gktClx/kyMis9n0rvxUDaPv75Zg=,ngjG7e44X/wAKzAgDP5DNTB22eU=
21,21,gktClx/kyMis9n0rvxUDaPv75Zg=,9QBl9igKZZ7ERxXkvL0KCwsAxyQ=
19,21,gktClx/kyMis9n0rvxUDaPv75Zg=,g6HtM39Ws2i/4Y6JueFRhyi4T3k=
20,21,gktClx/kyMis9n0rvxUDaPv75Zg=,9QBl9igKZZ7ERxXkvL0KCwsAxyQ=
20,22,gktClx/kyMis9n0rvxUDaPv75Zg=,l4YqZNdyZPiZKeJt80tN0zvilsc=
19,22,gktClx/kyMis9n0rvxUDaPv75Zg=,cHMNMrAWccFQbIZTE4me/AoLvH4=
19,23,mu+1fcX8NUGDtjA3k+vSn8fTwC8=,cHMNMrAWccFQbIZTE4me/AoLvH4=
20,24,mu+1fcX8NUGDtjA3k+vSn8fTwC8=,wP9WlzJXI6aDJv6PrNl6KXCTUuQ=
19,24,mu+1fcX8NUGDtjA3k+vSn8fTwC8=,njBxcjMOgo7m+ZtaVPPlKAShkW0=
20,23,mu+1fcX8NUGDtjA3k+vSn8fTwC8=,l4YqZNdyZPiZKeJt80tN0zvilsc=
19,28,mu+1fcX8NUGDtjA3k+vSn8fTwC8=,bfkBHP/0JQxiCL71p5NgZhx1UBE=
20,28,mu+1fcX8NUGDtjA3k+vSn8fTwC8=,JGBuPtujgFixVMHhSlh7Wssq8CI=
20,27,mu+1fcX8NUGDtjA3k+vSn8fTwC8=,JGBuPtujgFixVMHhSlh7Wssq8CI=
20,26,mu+1fcX8NUGDtjA3k+vSn8fTwC8=,JGBuPtujgFixVMHhSlh7Wssq8CI=
19,27,mu+1fcX8NUGDtjA3k+vSn8fTwC8=,bfkBHP/0JQxiCL71p5NgZhx1UBE=
19,25,mu+1fcX8NUGDtjA3k+vSn8fTwC8=,njBxcjMOgo7m+ZtaVPPlKAShkW0=
20,25,mu+1fcX8NUGDtjA3k+vSn8fTwC8=,wP9WlzJXI6aDJv6PrNl6KXCTUuQ=
19,26,mu+1fcX8NUGDtjA3k+vSn8fTwC8=,bfkBHP/0JQxiCL71p5NgZhx1UBE=
21,23,pm/UWisN4RpXJDdkihJgNhjkuZg=,l4YqZNdyZPiZKeJt80tN0zvilsc=
22,23,pm/UWisN4RpXJDdkihJgNhjkuZg=,ngjG7e44X/wAKzAgDP5DNTB22eU=
22,24,pm/UWisN4RpXJDdkihJgNhjkuZg=,VSIHqVsOCoyOfLBhUfoPltOTUFY=
21,24,pm/UWisN4RpXJDdkihJgNhjkuZg=,wP9WlzJXI6aDJv6PrNl6KXCTUuQ=
21,28,pm/UWisN4RpXJDdkihJgNhjkuZg=,JGBuPtujgFixVMHhSlh7Wssq8CI=
22,28,pm/UWisN4RpXJDdkihJgNhjkuZg=,6xHe8lAR2utq2hsR1XSVtRxNkt0=
22,27,pm/UWisN4RpXJDdkihJgNhjkuZg=,6xHe8lAR2utq2hsR1XSVtRxNkt0=
21,27,pm/UWisN4RpXJDdkihJgNhjkuZg=,JGBuPtujgFixVMHhSlh7Wssq8CI=
21,25,pm/UWisN4RpXJDdkihJgNhjkuZg=,wP9WlzJXI6aDJv6PrNl6KXCTUuQ=
21,26,pm/UWisN4RpXJDdkihJgNhjkuZg=,JGBuPtujgFixVMHhSlh7Wssq8CI=
22,26,pm/UWisN4RpXJDdkihJgNhjkuZg=,6xHe8lAR2utq2hsR1XSVtRxNkt0=
22,25,pm/UWisN4RpXJDdkihJgNhjkuZg=,VSIHqVsOCoyOfLBhUfoPltOTUFY=
23,24,pm/UWisN4RpXJDdkihJgNhjkuZg=,VSIHqVsOCoyOfLBhUfoPltOTUFY=
23,23,pm/UWisN4RpXJDdkihJgNhjkuZg=,ngjG7e44X/wAKzAgDP5DNTB22eU=
23,26,pm/UWisN4RpXJDdkihJgNhjkuZg=,6xHe8lAR2utq2hsR1XSVtRxNkt0=
24,26,pm/UWisN4RpXJDdkihJgNhjkuZg=,sXax6JoG/P4Y/+20AGbFKE9ThTQ=
24,25,pm/UWisN4RpXJDdkihJgNhjkuZg=,LOZPSlWRRLBN2dl2zwxUqoF9wk0=
23,25,pm/UWisN4RpXJDdkihJgNhjkuZg=,VSIHqVsOCoyOfLBhUfoPltOTUFY=
24,24,pm/UWisN4RpXJDdkihJgNhjkuZg=,LOZPSlWRRLBN2dl2zwxUqoF9wk0=
23,28,pm/UWisN4RpXJDdkihJgNhjkuZg=,6xHe8lAR2utq2hsR1XSVtRxNkt0=
29,26,pm/UWisN4RpXJDdkihJgNhjkuZg=,NACc3zwoXtZeLKyKaNNSgDSS5p0=
29,25,pm/UWisN4RpXJDdkihJgNhjkuZg=,Vny1pf3NaUeCupaVpHHzI11hYz8=
29,20,pm/UWisN4RpXJDdkihJgNhjkuZg=,oSA0gmHb36jz52URtN7Qj9KhDDY=
29,19,pm/UWisN4RpXJDdkihJgNhjkuZg=,XP2aLftijUjANWjFU9LR4uUXVN0=
29,22,pm/UWisN4RpXJDdkihJgNhjkuZg=,OxGZ8v/xsbafTM4rwJUwZMqKiZk=
29,24,pm/UWisN4RpXJDdkihJgNhjkuZg=,Vny1pf3NaUeCupaVpHHzI11hYz8=
29,21,pm/UWisN4RpXJDdkihJgNhjkuZg=,oSA0gmHb36jz52URtN7Qj9KhDDY=
29,23,pm/UWisN4RpXJDdkihJgNhjkuZg=,OxGZ8v/xsbafTM4rwJUwZMqKiZk=
24,27,pm/UWisN4RpXJDdkihJgNhjkuZg=,sXax6JoG/P4Y/+20AGbFKE9ThTQ=
29,28,pm/UWisN4RpXJDdkihJgNhjkuZg=,wIz7oc5xKKRZShSVttUqjCDVOiw=
28,29,pm/UWisN4RpXJDdkihJgNhjkuZg=,wIz7oc5xKKRZShSVttUqjCDVOiw=
29,29,pm/UWisN4RpXJDdkihJgNhjkuZg=,wIz7oc5xKKRZShSVttUqjCDVOiw=
29,27,pm/UWisN4RpXJDdkihJgNhjkuZg=,NACc3zwoXtZeLKyKaNNSgDSS5p0=
24,28,pm/UWisN4RpXJDdkihJgNhjkuZg=,sXax6JoG/P4Y/+20AGbFKE9ThTQ=
27,29,pm/UWisN4RpXJDdkihJgNhjkuZg=,lNcLu0m+nft8T0dY1z5w3GODZQ0=
24,23,pm/UWisN4RpXJDdkihJgNhjkuZg=,xO30PxjZf0A80hEEweZNqvD5jQE=
23,27,pm/UWisN4RpXJDdkihJgNhjkuZg=,6xHe8lAR2utq2hsR1XSVtRxNkt0=
28,28,pm/UWisN4RpXJDdkihJgNhjkuZg=,wIz7oc5xKKRZShSVttUqjCDVOiw=
27,28,pm/UWisN4RpXJDdkihJgNhjkuZg=,lNcLu0m+nft8T0dY1z5w3GODZQ0=
26,28,pm/UWisN4RpXJDdkihJgNhjkuZg=,lNcLu0m+nft8T0dY1z5w3GODZQ0=
25,28,pm/UWisN4RpXJDdkihJgNhjkuZg=,sXax6JoG/P4Y/+20AGbFKE9ThTQ=
28,27,pm/UWisN4RpXJDdkihJgNhjkuZg=,NACc3zwoXtZeLKyKaNNSgDSS5p0=
25,27,pm/UWisN4RpXJDdkihJgNhjkuZg=,sXax6JoG/P4Y/+20AGbFKE9ThTQ=
27,27,pm/UWisN4RpXJDdkihJgNhjkuZg=,NACc3zwoXtZeLKyKaNNSgDSS5p0=
26,27,pm/UWisN4RpXJDdkihJgNhjkuZg=,NACc3zwoXtZeLKyKaNNSgDSS5p0=
28,25,trlTNn5eA5NETZbT0B99TOK5Vk0=,Vny1pf3NaUeCupaVpHHzI11hYz8=
27,25,trlTNn5eA5NETZbT0B99TOK5Vk0=,Vny1pf3NaUeCupaVpHHzI11hYz8=
25,23,trlTNn5eA5NETZbT0B99TOK5Vk0=,xO30PxjZf0A80hEEweZNqvD5jQE=
25,24,trlTNn5eA5NETZbT0B99TOK5Vk0=,LOZPSlWRRLBN2dl2zwxUqoF9wk0=
27,24,trlTNn5eA5NETZbT0B99TOK5Vk0=,Vny1pf3NaUeCupaVpHHzI11hYz8=
28,24,trlTNn5eA5NETZbT0B99TOK5Vk0=,Vny1pf3NaUeCupaVpHHzI11hYz8=
27,26,trlTNn5eA5NETZbT0B99TOK5Vk0=,NACc3zwoXtZeLKyKaNNSgDSS5p0=
26,25,trlTNn5eA5NETZbT0B99TOK5Vk0=,Vny1pf3NaUeCupaVpHHzI11hYz8=
28,23,trlTNn5eA5NETZbT0B99TOK5Vk0=,OxGZ8v/xsbafTM4rwJUwZMqKiZk=
28,26,trlTNn5eA5NETZbT0B99TOK5Vk0=,NACc3zwoXtZeLKyKaNNSgDSS5p0=
25,26,trlTNn5eA5NETZbT0B99TOK5Vk0=,sXax6JoG/P4Y/+20AGbFKE9ThTQ=
26,26,trlTNn5eA5NETZbT0B99TOK5Vk0=,NACc3zwoXtZeLKyKaNNSgDSS5p0=
25,25,trlTNn5eA5NETZbT0B99TOK5Vk0=,LOZPSlWRRLBN2dl2zwxUqoF9wk0=
27,23,trlTNn5eA5NETZbT0B99TOK5Vk0=,D+x/mEFjGY2ytoWMNlwzRhKs8D0=
26,24,trlTNn5eA5NETZbT0B99TOK5Vk0=,Vny1pf3NaUeCupaVpHHzI11hYz8=
26,23,trlTNn5eA5NETZbT0B99TOK5Vk0=,D+x/mEFjGY2ytoWMNlwzRhKs8D0=
17,28,trlTNn5eA5NETZbT0B99TOK5Vk0=,VUx9Fpo/+FYC7ouVKf/8qclalwg=
18,28,trlTNn5eA5NETZbT0B99TOK5Vk0=,bfkBHP/0JQxiCL71p5NgZhx1UBE=
17,27,trlTNn5eA5NETZbT0B99TOK5Vk0=,VUx9Fpo/+FYC7ouVKf/8qclalwg=
18,27,trlTNn5eA5NETZbT0B99TOK5Vk0=,bfkBHP/0JQxiCL71p5NgZhx1UBE=
17,26,trlTNn5eA5NETZbT0B99TOK5Vk0=,VUx9Fpo/+FYC7ouVKf/8qclalwg=
18,26,trlTNn5eA5NETZbT0B99TOK5Vk0=,bfkBHP/0JQxiCL71p5NgZhx1UBE=
18,25,trlTNn5eA5NETZbT0B99TOK5Vk0=,njBxcjMOgo7m+ZtaVPPlKAShkW0=
17,25,trlTNn5eA5NETZbT0B99TOK5Vk0=,E1hvneMKnl8jceDJa4DspMwU/p8=
17,24,trlTNn5eA5NETZbT0B99TOK5Vk0=,E1hvneMKnl8jceDJa4DspMwU/p8=
18,24,trlTNn5eA5NETZbT0B99TOK5Vk0=,njBxcjMOgo7m+ZtaVPPlKAShkW0=
18,23,trlTNn5eA5NETZbT0B99TOK5Vk0=,cHMNMrAWccFQbIZTE4me/AoLvH4=
17,23,trlTNn5eA5NETZbT0B99TOK5Vk0=,RKSzPA+WZLu6cvSUra/xQIf9gpU=
17,21,ckw1lofc0+FjJj310qRIJEtdlLg=,g6HtM39Ws2i/4Y6JueFRhyi4T3k=
18,21,ckw1lofc0+FjJj310qRIJEtdlLg=,g6HtM39Ws2i/4Y6JueFRhyi4T3k=
18,22,ckw1lofc0+FjJj310qRIJEtdlLg=,cHMNMrAWccFQbIZTE4me/AoLvH4=
17,22,ckw1lofc0+FjJj310qRIJEtdlLg=,RKSzPA+WZLu6cvSUra/xQIf9gpU=
17,20,ckw1lofc0+FjJj310qRIJEtdlLg=,g6HtM39Ws2i/4Y6JueFRhyi4T3k=
18,20,ckw1lofc0+FjJj310qRIJEtdlLg=,g6HtM39Ws2i/4Y6JueFRhyi4T3k=
17,19,ckw1lofc0+FjJj310qRIJEtdlLg=,g6HtM39Ws2i/4Y6JueFRhyi4T3k=
18,19,ckw1lofc0+FjJj310qRIJEtdlLg=,g6HtM39Ws2i/4Y6JueFRhyi4T3k=
18,17,93btmsnIJGaD/j7U4WND1S/MOPY=,T2ACbb0GQ4QkZbYNCnxPVi5Auso=
18,18,93btmsnIJGaD/j7U4WND1S/MOPY=,g6HtM39Ws2i/4Y6JueFRhyi4T3k=
17,18,93btmsnIJGaD/j7U4WND1S/MOPY=,g6HtM39Ws2i/4Y6JueFRhyi4T3k=
17,17,93btmsnIJGaD/j7U4WND1S/MOPY=,1nJWTgarxHTtga2IXthXbjmU+fw=
20,17,93btmsnIJGaD/j7U4WND1S/MOPY=,9QBl9igKZZ7ERxXkvL0KCwsAxyQ=
19,17,93btmsnIJGaD/j7U4WND1S/MOPY=,T2ACbb0GQ4QkZbYNCnxPVi5Auso=
19,18,93btmsnIJGaD/j7U4WND1S/MOPY=,g6HtM39Ws2i/4Y6JueFRhyi4T3k=
20,18,93btmsnIJGaD/j7U4WND1S/MOPY=,9QBl9igKZZ7ERxXkvL0KCwsAxyQ=
21,17,93btmsnIJGaD/j7U4WND1S/MOPY=,9QBl9igKZZ7ERxXkvL0KCwsAxyQ=
22,18,93btmsnIJGaD/j7U4WND1S/MOPY=,9QBl9igKZZ7ERxXkvL0KCwsAxyQ=
21,18,93btmsnIJGaD/j7U4WND1S/MOPY=,9QBl9igKZZ7ERxXkvL0KCwsAxyQ=
22,17,93btmsnIJGaD/j7U4WND1S/MOPY=,9QBl9igKZZ7ERxXkvL0KCwsAxyQ=
21,16,93btmsnIJGaD/j7U4WND1S/MOPY=,9QBl9igKZZ7ERxXkvL0KCwsAxyQ=
22,16,93btmsnIJGaD/j7U4WND1S/MOPY=,9QBl9igKZZ7ERxXkvL0KCwsAxyQ=
19,16,93btmsnIJGaD/j7U4WND1S/MOPY=,T2ACbb0GQ4QkZbYNCnxPVi5Auso=
20,16,93btmsnIJGaD/j7U4WND1S/MOPY=,9QBl9igKZZ7ERxXkvL0KCwsAxyQ=
18,16,fJHeqgOD23U8TGHvgoXZAnb+184=,T2ACbb0GQ4QkZbYNCnxPVi5Auso=
17,16,fJHeqgOD23U8TGHvgoXZAnb+184=,1nJWTgarxHTtga2IXthXbjmU+fw=
16,18,fJHeqgOD23U8TGHvgoXZAnb+184=,g6HtM39Ws2i/4Y6JueFRhyi4T3k=
16,17,fJHeqgOD23U8TGHvgoXZAnb+184=,1nJWTgarxHTtga2IXthXbjmU+fw=
16,19,fJHeqgOD23U8TGHvgoXZAnb+184=,g6HtM39Ws2i/4Y6JueFRhyi4T3k=
16,20,fJHeqgOD23U8TGHvgoXZAnb+184=,g6HtM39Ws2i/4Y6JueFRhyi4T3k=
16,21,fJHeqgOD23U8TGHvgoXZAnb+184=,g6HtM39Ws2i/4Y6JueFRhyi4T3k=
16,22,fJHeqgOD23U8TGHvgoXZAnb+184=,RKSzPA+WZLu6cvSUra/xQIf9gpU=
18,29,fJHeqgOD23U8TGHvgoXZAnb+184=,bfkBHP/0JQxiCL71p5NgZhx1UBE=
16,23,fJHeqgOD23U8TGHvgoXZAnb+184=,RKSzPA+WZLu6cvSUra/xQIf9gpU=
17,29,fJHeqgOD23U8TGHvgoXZAnb+184=,VUx9Fpo/+FYC7ouVKf/8qclalwg=
20,29,fJHeqgOD23U8TGHvgoXZAnb+184=,JGBuPtujgFixVMHhSlh7Wssq8CI=
19,29,fJHeqgOD23U8TGHvgoXZAnb+184=,bfkBHP/0JQxiCL71p5NgZhx1UBE=
16,29,fJHeqgOD23U8TGHvgoXZAnb+184=,VUx9Fpo/+FYC7ouVKf/8qclalwg=
22,29,fJHeqgOD23U8TGHvgoXZAnb+184=,6xHe8lAR2utq2hsR1XSVtRxNkt0=
21,29,fJHeqgOD23U8TGHvgoXZAnb+184=,JGBuPtujgFixVMHhSlh7Wssq8CI=
29,18,fJHeqgOD23U8TGHvgoXZAnb+184=,XP2aLftijUjANWjFU9LR4uUXVN0=
29,17,fJHeqgOD23U8TGHvgoXZAnb+184=,GhSz6H+RQpI4KYZE1J4lz+NDhAY=
29,16,fJHeqgOD23U8TGHvgoXZAnb+184=,GhSz6H+RQpI4KYZE1J4lz+NDhAY=
24,29,fJHeqgOD23U8TGHvgoXZAnb+184=,sXax6JoG/P4Y/+20AGbFKE9ThTQ=
26,29,fJHeqgOD23U8TGHvgoXZAnb+184=,lNcLu0m+nft8T0dY1z5w3GODZQ0=
25,29,fJHeqgOD23U8TGHvgoXZAnb+184=,sXax6JoG/P4Y/+20AGbFKE9ThTQ=
23,29,fJHeqgOD23U8TGHvgoXZAnb+184=,6xHe8lAR2utq2hsR1XSVtRxNkt0=
16,24,fJHeqgOD23U8TGHvgoXZAnb+184=,E1hvneMKnl8jceDJa4DspMwU/p8=
16,28,fJHeqgOD23U8TGHvgoXZAnb+184=,VUx9Fpo/+FYC7ouVKf/8qclalwg=
16,25,fJHeqgOD23U8TGHvgoXZAnb+184=,E1hvneMKnl8jceDJa4DspMwU/p8=
16,27,fJHeqgOD23U8TGHvgoXZAnb+184=,VUx9Fpo/+FYC7ouVKf/8qclalwg=
28,17,fJHeqgOD23U8TGHvgoXZAnb+184=,GhSz6H+RQpI4KYZE1J4lz+NDhAY=
16,16,fJHeqgOD23U8TGHvgoXZAnb+184=,1nJWTgarxHTtga2IXthXbjmU+fw=
27,16,fJHeqgOD23U8TGHvgoXZAnb+184=,abYnQVm0BYs1/KBh3QH6EerdofQ=
28,16,fJHeqgOD23U8TGHvgoXZAnb+184=,GhSz6H+RQpI4KYZE1J4lz+NDhAY=
28,18,fJHeqgOD23U8TGHvgoXZAnb+184=,XP2aLftijUjANWjFU9LR4uUXVN0=
27,17,fJHeqgOD23U8TGHvgoXZAnb+184=,abYnQVm0BYs1/KBh3QH6EerdofQ=
16,26,fJHeqgOD23U8TGHvgoXZAnb+184=,VUx9Fpo/+FYC7ouVKf/8qclalwg=
27,18,fJHeqgOD23U8TGHvgoXZAnb+184=,FSlfkwcEriBV+O/wKs7tWc8eOcI=
26,18,fJHeqgOD23U8TGHvgoXZAnb+184=,FSlfkwcEriBV+O/wKs7tWc8eOcI=
25,18,fJHeqgOD23U8TGHvgoXZAnb+184=,QPeEWAWvgjhcd7QyRlWVPovknKQ=
26,16,fJHeqgOD23U8TGHvgoXZAnb+184=,abYnQVm0BYs1/KBh3QH6EerdofQ=
25,16,fJHeqgOD23U8TGHvgoXZAnb+184=,1dSNLoaTIUwTK7lES5OECENY/RA=
26,17,fJHeqgOD23U8TGHvgoXZAnb+184=,abYnQVm0BYs1/KBh3QH6EerdofQ=
23,18,fJHeqgOD23U8TGHvgoXZAnb+184=,9QBl9igKZZ7ERxXkvL0KCwsAxyQ=
25,17,fJHeqgOD23U8TGHvgoXZAnb+184=,1dSNLoaTIUwTK7lES5OECENY/RA=
23,17,fJHeqgOD23U8TGHvgoXZAnb+184=,9QBl9igKZZ7ERxXkvL0KCwsAxyQ=
24,16,fJHeqgOD23U8TGHvgoXZAnb+184=,1dSNLoaTIUwTK7lES5OECENY/RA=
24,17,fJHeqgOD23U8TGHvgoXZAnb+184=,1dSNLoaTIUwTK7lES5OECENY/RA=
23,16,fJHeqgOD23U8TGHvgoXZAnb+184=,9QBl9igKZZ7ERxXkvL0KCwsAxyQ=
24,18,fJHeqgOD23U8TGHvgoXZAnb+184=,QPeEWAWvgjhcd7QyRlWVPovknKQ=
28,10,lobiAgJVIm/iqg2dzRuobo8g0sE=,XHcM4tQO2Be2FXVJzRKkDokc2xg=
28,9,lobiAgJVIm/iqg2dzRuobo8g0sE=,4Y25ruHUzbJKHaDZjAkt3MAHv8g=
27,9,lobiAgJVIm/iqg2dzRuobo8g0sE=,TedMFmRiEjgvz3FGbhauFAwBzQw=
27,10,lobiAgJVIm/iqg2dzRuobo8g0sE=,Z26zeAlbKuWZx0bbkcf7NSmrpz0=
28,8,lobiAgJVIm/iqg2dzRuobo8g0sE=,4Y25ruHUzbJKHaDZjAkt3MAHv8g=
28,7,lobiAgJVIm/iqg2dzRuobo8g0sE=,41Ca9agov9HKx00Y/PlqWC5nJ0k=
28,11,lobiAgJVIm/iqg2dzRuobo8g0sE=,XHcM4tQO2Be2FXVJzRKkDokc2xg=
28,12,lobiAgJVIm/iqg2dzRuobo8g0sE=,7uPVA7pbrbAMc1p2ZhrT+0bTlSc=
27,8,lobiAgJVIm/iqg2dzRuobo8g0sE=,TedMFmRiEjgvz3FGbhauFAwBzQw=
27,12,lobiAgJVIm/iqg2dzRuobo8g0sE=,rO7VWJmCRMJzqIF8Py3k/oFNcH0=
27,7,lobiAgJVIm/iqg2dzRuobo8g0sE=,4prfVth7d9FVF9CBfQPoQiheFtA=
27,11,lobiAgJVIm/iqg2dzRuobo8g0sE=,Z26zeAlbKuWZx0bbkcf7NSmrpz0=
26,3,VL2ep4KT4n+xJxt5KBTkgh9bpkU=,l+2VBQeZ7XdU/YDErc2upYvAae4=
25,3,VL2ep4KT4n+xJxt5KBTkgh9bpkU=,tr63NRcs3Hkpug0a5JtuErtfP5Y=
25,4,VL2ep4KT4n+xJxt5KBTkgh9bpkU=,xob3sKKnvbv2IcKQMaNjYqC3zXw=
26,4,VL2ep4KT4n+xJxt5KBTkgh9bpkU=,HiXzlVIqeruPY/nxacS6jgDrTlE=
26,2,VL2ep4KT4n+xJxt5KBTkgh9bpkU=,l+2VBQeZ7XdU/YDErc2upYvAae4=
25,2,VL2ep4KT4n+xJxt5KBTkgh9bpkU=,tr63NRcs3Hkpug0a5JtuErtfP5Y=
26,1,VL2ep4KT4n+xJxt5KBTkgh9bpkU=,Rwi96EicVMaKX8k+dyNAwyfEwzw=
25,1,VL2ep4KT4n+xJxt5KBTkgh9bpkU=,v+wMvHbaFnBZjhSOfyWl9YRw10c=
25,6,VL2ep4KT4n+xJxt5KBTkgh9bpkU=,NhQAtzNgmSKI8FTGGFL45VME6cQ=
26,5,VL2ep4KT4n+xJxt5KBTkgh9bpkU=,HiXzlVIqeruPY/nxacS6jgDrTlE=
26,6,VL2ep4KT4n+xJxt5KBTkgh9bpkU=,4prfVth7d9FVF9CBfQPoQiheFtA=
25,5,VL2ep4KT4n+xJxt5KBTkgh9bpkU=,xob3sKKnvbv2IcKQMaNjYqC3zXw=
26,8,VL2ep4KT4n+xJxt5KBTkgh9bpkU=,TedMFmRiEjgvz3FGbhauFAwBzQw=
25,7,VL2ep4KT4n+xJxt5KBTkgh9bpkU=,NhQAtzNgmSKI8FTGGFL45VME6cQ=
26,7,VL2ep4KT4n+xJxt5KBTkgh9bpkU=,4prfVth7d9FVF9CBfQPoQiheFtA=
25,8,VL2ep4KT4n+xJxt5KBTkgh9bpkU=,s4wgZmto8uXrKbWh1sWppNT1w88=
23,8,Aw8N8g/MC7cZH1PvztkCxGeFzI0=,h/a7GYe+KshhUXzQrS1lrurFiFc=
23,7,Aw8N8g/MC7cZH1PvztkCxGeFzI0=,h/a7GYe+KshhUXzQrS1lrurFiFc=
24,8,Aw8N8g/MC7cZH1PvztkCxGeFzI0=,s4wgZmto8uXrKbWh1sWppNT1w88=
24,7,Aw8N8g/MC7cZH1PvztkCxGeFzI0=,NhQAtzNgmSKI8FTGGFL45VME6cQ=
22,7,Aw8N8g/MC7cZH1PvztkCxGeFzI0=,h/a7GYe+KshhUXzQrS1lrurFiFc=
22,8,Aw8N8g/MC7cZH1PvztkCxGeFzI0=,h/a7GYe+KshhUXzQrS1lrurFiFc=
21,8,Aw8N8g/MC7cZH1PvztkCxGeFzI0=,Pnb382ruzEfdpPJ9TfODrydEy6g=
21,7,Aw8N8g/MC7cZH1PvztkCxGeFzI0=,h/a7GYe+KshhUXzQrS1lrurFiFc=
20,7,6jfzLB86HSNcF3/ly/v0E6wZ5xU=,h/a7GYe+KshhUXzQrS1lrurFiFc=
19,8,6jfzLB86HSNcF3/ly/v0E6wZ5xU=,1llp/xdeZuHSvJBvFFoSzwYFUhc=
20,8,6jfzLB86HSNcF3/ly/v0E6wZ5xU=,Pnb382ruzEfdpPJ9TfODrydEy6g=
19,7,6jfzLB86HSNcF3/ly/v0E6wZ5xU=,GIg5y40Cyt/7V3kG0DNQtWVnxpM=
17,8,6jfzLB86HSNcF3/ly/v0E6wZ5xU=,Z24XQwsXZjkZegu+Och5JGi6xX4=
18,7,6jfzLB86HSNcF3/ly/v0E6wZ5xU=,GIg5y40Cyt/7V3kG0DNQtWVnxpM=
18,8,6jfzLB86HSNcF3/ly/v0E6wZ5xU=,1llp/xdeZuHSvJBvFFoSzwYFUhc=
17,7,6jfzLB86HSNcF3/ly/v0E6wZ5xU=,5f5NompV2DtjKt+repv3umPdPyw=
17,5,Unb5pBz4OAga6xDR1zT66dbtWkA=,Nt1HzOIIh9qyW00tPizNgXzMi2Y=
18,6,XtDrV+x1V9IlxW+devC998/KlhU=,GIg5y40Cyt/7V3kG0DNQtWVnxpM=
17,6,XtDrV+x1V9IlxW+devC998/KlhU=,5f5NompV2DtjKt+repv3umPdPyw=
18,5,XtDrV+x1V9IlxW+devC998/KlhU=,lW73vu+YXG5eUtCQIDGQJ6w7HUA=
17,4,XtDrV+x1V9IlxW+devC998/KlhU=,Nt1HzOIIh9qyW00tPizNgXzMi2Y=
18,3,XtDrV+x1V9IlxW+devC998/KlhU=,YuLk6JlWRcs0ouUgrbgESwLJmwU=
18,4,XtDrV+x1V9IlxW+devC998/KlhU=,lW73vu+YXG5eUtCQIDGQJ6w7HUA=
17,3,XtDrV+x1V9IlxW+devC998/KlhU=,R8R1ePF8DSdmPrsf6P46XtC6Hps=
24,5,Q+vsTcq0lyMPVcOrzMQk5sw62G4=,xob3sKKnvbv2IcKQMaNjYqC3zXw=
23,5,Q+vsTcq0lyMPVcOrzMQk5sw62G4=,h/a7GYe+KshhUXzQrS1lrurFiFc=
23,6,Q+vsTcq0lyMPVcOrzMQk5sw62G4=,h/a7GYe+KshhUXzQrS1lrurFiFc=
24,6,Q+vsTcq0lyMPVcOrzMQk5sw62G4=,NhQAtzNgmSKI8FTGGFL45VME6cQ=
23,3,Q+vsTcq0lyMPVcOrzMQk5sw62G4=,h/a7GYe+KshhUXzQrS1lrurFiFc=
24,3,Q+vsTcq0lyMPVcOrzMQk5sw62G4=,tr63NRcs3Hkpug0a5JtuErtfP5Y=
23,4,Q+vsTcq0lyMPVcOrzMQk5sw62G4=,h/a7GYe+KshhUXzQrS1lrurFiFc=
24,4,Q+vsTcq0lyMPVcOrzMQk5sw62G4=,xob3sKKnvbv2IcKQMaNjYqC3zXw=
22,3,Q+vsTcq0lyMPVcOrzMQk5sw62G4=,h/a7GYe+KshhUXzQrS1lrurFiFc=
20,3,Q+vsTcq0lyMPVcOrzMQk5sw62G4=,h/a7GYe+KshhUXzQrS1lrurFiFc=
22,5,Q+vsTcq0lyMPVcOrzMQk5sw62G4=,h/a7GYe+KshhUXzQrS1lrurFiFc=
20,5,Q+vsTcq0lyMPVcOrzMQk5sw62G4=,h/a7GYe+KshhUXzQrS1lrurFiFc=
21,5,Q+vsTcq0lyMPVcOrzMQk5sw62G4=,h/a7GYe+KshhUXzQrS1lrurFiFc=
19,6,Q+vsTcq0lyMPVcOrzMQk5sw62G4=,GIg5y40Cyt/7V3kG0DNQtWVnxpM=
19,4,Q+vsTcq0lyMPVcOrzMQk5sw62G4=,lW73vu+YXG5eUtCQIDGQJ6w7HUA=
21,4,Q+vsTcq0lyMPVcOrzMQk5sw62G4=,h/a7GYe+KshhUXzQrS1lrurFiFc=
21,6,Q+vsTcq0lyMPVcOrzMQk5sw62G4=,h/a7GYe+KshhUXzQrS1lrurFiFc=
21,3,Q+vsTcq0lyMPVcOrzMQk5sw62G4=,h/a7GYe+KshhUXzQrS1lrurFiFc=
22,4,Q+vsTcq0lyMPVcOrzMQk5sw62G4=,h/a7GYe+KshhUXzQrS1lrurFiFc=
20,4,Q+vsTcq0lyMPVcOrzMQk5sw62G4=,h/a7GYe+KshhUXzQrS1lrurFiFc=
22,6,Q+vsTcq0lyMPVcOrzMQk5sw62G4=,h/a7GYe+KshhUXzQrS1lrurFiFc=
20,6,Q+vsTcq0lyMPVcOrzMQk5sw62G4=,h/a7GYe+KshhUXzQrS1lrurFiFc=
19,3,Q+vsTcq0lyMPVcOrzMQk5sw62G4=,YuLk6JlWRcs0ouUgrbgESwLJmwU=
19,5,Q+vsTcq0lyMPVcOrzMQk5sw62G4=,lW73vu+YXG5eUtCQIDGQJ6w7HUA=
23,2,ef7oFtc7rv/d4PZ71IDOh3oG5BI=,h/a7GYe+KshhUXzQrS1lrurFiFc=
22,1,ef7oFtc7rv/d4PZ71IDOh3oG5BI=,yBnS3+g7OtjqeeYjBAGFBlSzRWw=
21,2,ef7oFtc7rv/d4PZ71IDOh3oG5BI=,h/a7GYe+KshhUXzQrS1lrurFiFc=
23,1,ef7oFtc7rv/d4PZ71IDOh3oG5BI=,yBnS3+g7OtjqeeYjBAGFBlSzRWw=
24,2,ef7oFtc7rv/d4PZ71IDOh3oG5BI=,tr63NRcs3Hkpug0a5JtuErtfP5Y=
24,1,ef7oFtc7rv/d4PZ71IDOh3oG5BI=,v+wMvHbaFnBZjhSOfyWl9YRw10c=
22,2,ef7oFtc7rv/d4PZ71IDOh3oG5BI=,h/a7GYe+KshhUXzQrS1lrurFiFc=
21,1,ef7oFtc7rv/d4PZ71IDOh3oG5BI=,yBnS3+g7OtjqeeYjBAGFBlSzRWw=
22,0,ef7oFtc7rv/d4PZ71IDOh3oG5BI=,yBnS3+g7OtjqeeYjBAGFBlSzRWw=
21,0,ef7oFtc7rv/d4PZ71IDOh3oG5BI=,yBnS3+g7OtjqeeYjBAGFBlSzRWw=
20,2,ef7oFtc7rv/d4PZ71IDOh3oG5BI=,h/a7GYe+KshhUXzQrS1lrurFiFc=
19,1,ef7oFtc7rv/d4PZ71IDOh3oG5BI=,wlO4vxZ5zSHUtuvKra+zOiSheP8=
19,2,ef7oFtc7rv/d4PZ71IDOh3oG5BI=,YuLk6JlWRcs0ouUgrbgESwLJmwU=
20,1,ef7oFtc7rv/d4PZ71IDOh3oG5BI=,yBnS3+g7OtjqeeYjBAGFBlSzRWw=
19,0,ef7oFtc7rv/d4PZ71IDOh3oG5BI=,wlO4vxZ5zSHUtuvKra+zOiSheP8=
20,0,ef7oFtc7rv/d4PZ71IDOh3oG5BI=,yBnS3+g7OtjqeeYjBAGFBlSzRWw=
16,3,ef7oFtc7rv/d4PZ71IDOh3oG5BI=,R8R1ePF8DSdmPrsf6P46XtC6Hps=
16,6,ef7oFtc7rv/d4PZ71IDOh3oG5BI=,5f5NompV2DtjKt+repv3umPdPyw=
16,5,ef7oFtc7rv/d4PZ71IDOh3oG5BI=,Nt1HzOIIh9qyW00tPizNgXzMi2Y=
16,4,ef7oFtc7rv/d4PZ71IDOh3oG5BI=,Nt1HzOIIh9qyW00tPizNgXzMi2Y=
16,7,ef7oFtc7rv/d4PZ71IDOh3oG5BI=,5f5NompV2DtjKt+repv3umPdPyw=
16,8,ef7oFtc7rv/d4PZ71IDOh3oG5BI=,Z24XQwsXZjkZegu+Och5JGi6xX4=
17,2,ef7oFtc7rv/d4PZ71IDOh3oG5BI=,R8R1ePF8DSdmPrsf6P46XtC6Hps=
16,2,ef7oFtc7rv/d4PZ71IDOh3oG5BI=,R8R1ePF8DSdmPrsf6P46XtC6Hps=
17,1,ef7oFtc7rv/d4PZ71IDOh3oG5BI=,H9AEwkCmygtDxrgqNw880CxKIwA=
18,2,ef7oFtc7rv/d4PZ71IDOh3oG5BI=,YuLk6JlWRcs0ouUgrbgESwLJmwU=
16,1,ef7oFtc7rv/d4PZ71IDOh3oG5BI=,H9AEwkCmygtDxrgqNw880CxKIwA=
17,0,ef7oFtc7rv/d4PZ71IDOh3oG5BI=,H9AEwkCmygtDxrgqNw880CxKIwA=
18,1,ef7oFtc7rv/d4PZ71IDOh3oG5BI=,wlO4vxZ5zSHUtuvKra+zOiSheP8=
18,0,ef7oFtc7rv/d4PZ71IDOh3oG5BI=,wlO4vxZ5zSHUtuvKra+zOiSheP8=
17,9,YenryrW69zXssXGtBHJR3INqTuA=,Z24XQwsXZjkZegu+Och5JGi6xX4=
18,9,YenryrW69zXssXGtBHJR3INqTuA=,1llp/xdeZuHSvJBvFFoSzwYFUhc=
20,9,YenryrW69zXssXGtBHJR3INqTuA=,Pnb382ruzEfdpPJ9TfODrydEy6g=
20,10,YenryrW69zXssXGtBHJR3INqTuA=,Pnb382ruzEfdpPJ9TfODrydEy6g=
21,9,YenryrW69zXssXGtBHJR3INqTuA=,Pnb382ruzEfdpPJ9TfODrydEy6g=
17,10,YenryrW69zXssXGtBHJR3INqTuA=,6sIgQ5pAI8fqdYiHthySFkQNKUk=
18,10,YenryrW69zXssXGtBHJR3INqTuA=,6ZE8x1y87UQYOxSQqY720RjEC1M=
19,9,YenryrW69zXssXGtBHJR3INqTuA=,1llp/xdeZuHSvJBvFFoSzwYFUhc=
19,10,YenryrW69zXssXGtBHJR3INqTuA=,6ZE8x1y87UQYOxSQqY720RjEC1M=
22,10,YenryrW69zXssXGtBHJR3INqTuA=,Pnb382ruzEfdpPJ9TfODrydEy6g=
21,10,YenryrW69zXssXGtBHJR3INqTuA=,Pnb382ruzEfdpPJ9TfODrydEy6g=
22,9,YenryrW69zXssXGtBHJR3INqTuA=,h/a7GYe+KshhUXzQrS1lrurFiFc=
21,11,PDd7KGdv1gXrqrrnz7zuY835VM0=,Pnb382ruzEfdpPJ9TfODrydEy6g=
22,11,PDd7KGdv1gXrqrrnz7zuY835VM0=,Pnb382ruzEfdpPJ9TfODrydEy6g=
21,12,PDd7KGdv1gXrqrrnz7zuY835VM0=,Pnb382ruzEfdpPJ9TfODrydEy6g=
22,12,PDd7KGdv1gXrqrrnz7zuY835VM0=,Pnb382ruzEfdpPJ9TfODrydEy6g=
20,12,PDd7KGdv1gXrqrrnz7zuY835VM0=,Pnb382ruzEfdpPJ9TfODrydEy6g=
20,11,PDd7KGdv1gXrqrrnz7zuY835VM0=,Pnb382ruzEfdpPJ9TfODrydEy6g=
19,12,PDd7KGdv1gXrqrrnz7zuY835VM0=,1HwtWBHTJ6RvbDpy542A6Z3Nfx0=
19,11,PDd7KGdv1gXrqrrnz7zuY835VM0=,6ZE8x1y87UQYOxSQqY720RjEC1M=
24,14,jR6YQA47k3tngz2YOCoTp70HNjY=,wySOPTQON+XzL9d2le9Tf7imwN0=
23,13,jR6YQA47k3tngz2YOCoTp70HNjY=,Pnb382ruzEfdpPJ9TfODrydEy6g=
23,14,jR6YQA47k3tngz2YOCoTp70HNjY=,Pnb382ruzEfdpPJ9TfODrydEy6g=
24,13,jR6YQA47k3tngz2YOCoTp70HNjY=,AhGFZ/qQtCme58Xt9U9uG+DjNBw=
22,13,jR6YQA47k3tngz2YOCoTp70HNjY=,Pnb382ruzEfdpPJ9TfODrydEy6g=
21,14,jR6YQA47k3tngz2YOCoTp70HNjY=,Pnb382ruzEfdpPJ9TfODrydEy6g=
21,13,jR6YQA47k3tngz2YOCoTp70HNjY=,Pnb382ruzEfdpPJ9TfODrydEy6g=
22,14,jR6YQA47k3tngz2YOCoTp70HNjY=,Pnb382ruzEfdpPJ9TfODrydEy6g=
25,11,T3wwz0dO88EMXVhaRWMoOqncA0o=,3HONEmMQL0Gdza/3uPFOy/tcsPU=
25,12,T3wwz0dO88EMXVhaRWMoOqncA0o=,AhGFZ/qQtCme58Xt9U9uG+DjNBw=
26,10,T3wwz0dO88EMXVhaRWMoOqncA0o=,Z26zeAlbKuWZx0bbkcf7NSmrpz0=
23,10,T3wwz0dO88EMXVhaRWMoOqncA0o=,Pnb382ruzEfdpPJ9TfODrydEy6g=
24,9,T3wwz0dO88EMXVhaRWMoOqncA0o=,s4wgZmto8uXrKbWh1sWppNT1w88=
26,11,T3wwz0dO88EMXVhaRWMoOqncA0o=,Z26zeAlbKuWZx0bbkcf7NSmrpz0=
24,12,T3wwz0dO88EMXVhaRWMoOqncA0o=,AhGFZ/qQtCme58Xt9U9uG+DjNBw=
23,12,T3wwz0dO88EMXVhaRWMoOqncA0o=,Pnb382ruzEfdpPJ9TfODrydEy6g=
24,10,T3wwz0dO88EMXVhaRWMoOqncA0o=,3HONEmMQL0Gdza/3uPFOy/tcsPU=
26,9,T3wwz0dO88EMXVhaRWMoOqncA0o=,TedMFmRiEjgvz3FGbhauFAwBzQw=
25,10,T3wwz0dO88EMXVhaRWMoOqncA0o=,3HONEmMQL0Gdza/3uPFOy/tcsPU=
26,12,T3wwz0dO88EMXVhaRWMoOqncA0o=,rO7VWJmCRMJzqIF8Py3k/oFNcH0=
23,9,T3wwz0dO88EMXVhaRWMoOqncA0o=,h/a7GYe+KshhUXzQrS1lrurFiFc=
23,11,T3wwz0dO88EMXVhaRWMoOqncA0o=,Pnb382ruzEfdpPJ9TfODrydEy6g=
24,11,T3wwz0dO88EMXVhaRWMoOqncA0o=,3HONEmMQL0Gdza/3uPFOy/tcsPU=
25,9,T3wwz0dO88EMXVhaRWMoOqncA0o=,s4wgZmto8uXrKbWh1sWppNT1w88=
28,13,T3wwz0dO88EMXVhaRWMoOqncA0o=,7uPVA7pbrbAMc1p2ZhrT+0bTlSc=
27,13,T3wwz0dO88EMXVhaRWMoOqncA0o=,rO7VWJmCRMJzqIF8Py3k/oFNcH0=
25,13,T3wwz0dO88EMXVhaRWMoOqncA0o=,AhGFZ/qQtCme58Xt9U9uG+DjNBw=
27,14,T3wwz0dO88EMXVhaRWMoOqncA0o=,3iP22gDL/Tt4Nu4o3mmSu37Irjs=
28,14,T3wwz0dO88EMXVhaRWMoOqncA0o=,dOn1RVYysyeuDDY2mWTQJ1IutXA=
26,13,T3wwz0dO88EMXVhaRWMoOqncA0o=,rO7VWJmCRMJzqIF8Py3k/oFNcH0=
26,14,T3wwz0dO88EMXVhaRWMoOqncA0o=,3iP22gDL/Tt4Nu4o3mmSu37Irjs=
25,14,T3wwz0dO88EMXVhaRWMoOqncA0o=,wySOPTQON+XzL9d2le9Tf7imwN0=
19,14,VRY6CISuMhR4odqiKlKwBJJWfhM=,788D1klPNdNpFtdpRfqYvs/IDB4=
20,13,VRY6CISuMhR4odqiKlKwBJJWfhM=,Pnb382ruzEfdpPJ9TfODrydEy6g=
20,14,VRY6CISuMhR4odqiKlKwBJJWfhM=,Pnb382ruzEfdpPJ9TfODrydEy6g=
19,13,VRY6CISuMhR4odqiKlKwBJJWfhM=,1HwtWBHTJ6RvbDpy542A6Z3Nfx0=
29,14,VRY6CISuMhR4odqiKlKwBJJWfhM=,dOn1RVYysyeuDDY2mWTQJ1IutXA=
29,13,VRY6CISuMhR4odqiKlKwBJJWfhM=,7uPVA7pbrbAMc1p2ZhrT+0bTlSc=
17,15,VRY6CISuMhR4odqiKlKwBJJWfhM=,MDPmGUsEaLjO+cNNGBl7g6zzioM=
16,9,VRY6CISuMhR4odqiKlKwBJJWfhM=,Z24XQwsXZjkZegu+Och5JGi6xX4=
16,10,VRY6CISuMhR4odqiKlKwBJJWfhM=,6sIgQ5pAI8fqdYiHthySFkQNKUk=
28,15,VRY6CISuMhR4odqiKlKwBJJWfhM=,dOn1RVYysyeuDDY2mWTQJ1IutXA=
29,15,VRY6CISuMhR4odqiKlKwBJJWfhM=,dOn1RVYysyeuDDY2mWTQJ1IutXA=
16,15,VRY6CISuMhR4odqiKlKwBJJWfhM=,MDPmGUsEaLjO+cNNGBl7g6zzioM=
27,15,VRY6CISuMhR4odqiKlKwBJJWfhM=,3iP22gDL/Tt4Nu4o3mmSu37Irjs=
18,15,VRY6CISuMhR4odqiKlKwBJJWfhM=,788D1klPNdNpFtdpRfqYvs/IDB4=
28,2,VRY6CISuMhR4odqiKlKwBJJWfhM=,DwJ386Enx632rAqmYfZupoe9on8=
29,2,VRY6CISuMhR4odqiKlKwBJJWfhM=,DwJ386Enx632rAqmYfZupoe9on8=
28,1,VRY6CISuMhR4odqiKlKwBJJWfhM=,tqJIH8xak1j4pBIwE6xWurU7FBI=
29,1,VRY6CISuMhR4odqiKlKwBJJWfhM=,tqJIH8xak1j4pBIwE6xWurU7FBI=
29,0,VRY6CISuMhR4odqiKlKwBJJWfhM=,tqJIH8xak1j4pBIwE6xWurU7FBI=
27,1,VRY6CISuMhR4odqiKlKwBJJWfhM=,Rwi96EicVMaKX8k+dyNAwyfEwzw=
27,2,VRY6CISuMhR4odqiKlKwBJJWfhM=,l+2VBQeZ7XdU/YDErc2upYvAae4=
28,0,VRY6CISuMhR4odqiKlKwBJJWfhM=,tqJIH8xak1j4pBIwE6xWurU7FBI=
29,8,VRY6CISuMhR4odqiKlKwBJJWfhM=,4Y25ruHUzbJKHaDZjAkt3MAHv8g=
29,7,VRY6CISuMhR4odqiKlKwBJJWfhM=,41Ca9agov9HKx00Y/PlqWC5nJ0k=
29,12,VRY6CISuMhR4odqiKlKwBJJWfhM=,7uPVA7pbrbAMc1p2ZhrT+0bTlSc=
29,10,VRY6CISuMhR4odqiKlKwBJJWfhM=,XHcM4tQO2Be2FXVJzRKkDokc2xg=
29,9,VRY6CISuMhR4odqiKlKwBJJWfhM=,4Y25ruHUzbJKHaDZjAkt3MAHv8g=
29,11,VRY6CISuMhR4odqiKlKwBJJWfhM=,XHcM4tQO2Be2FXVJzRKkDokc2xg=
27,0,VRY6CISuMhR4odqiKlKwBJJWfhM=,Rwi96EicVMaKX8k+dyNAwyfEwzw=
24,0,VRY6CISuMhR4odqiKlKwBJJWfhM=,v+wMvHbaFnBZjhSOfyWl9YRw10c=
23,0,VRY6CISuMhR4odqiKlKwBJJWfhM=,yBnS3+g7OtjqeeYjBAGFBlSzRWw=
26,0,VRY6CISuMhR4odqiKlKwBJJWfhM=,Rwi96EicVMaKX8k+dyNAwyfEwzw=
25,0,VRY6CISuMhR4odqiKlKwBJJWfhM=,v+wMvHbaFnBZjhSOfyWl9YRw10c=
28,6,VRY6CISuMhR4odqiKlKwBJJWfhM=,41Ca9agov9HKx00Y/PlqWC5nJ0k=
28,5,VRY6CISuMhR4odqiKlKwBJJWfhM=,dMqbR+cD5yDgqNLT2BsjV5znOr4=
29,5,VRY6CISuMhR4odqiKlKwBJJWfhM=,dMqbR+cD5yDgqNLT2BsjV5znOr4=
29,4,VRY6CISuMhR4odqiKlKwBJJWfhM=,dMqbR+cD5yDgqNLT2BsjV5znOr4=
29,3,VRY6CISuMhR4odqiKlKwBJJWfhM=,DwJ386Enx632rAqmYfZupoe9on8=
29,6,VRY6CISuMhR4odqiKlKwBJJWfhM=,41Ca9agov9HKx00Y/PlqWC5nJ0k=
28,3,VRY6CISuMhR4odqiKlKwBJJWfhM=,DwJ386Enx632rAqmYfZupoe9on8=
28,4,VRY6CISuMhR4odqiKlKwBJJWfhM=,dMqbR+cD5yDgqNLT2BsjV5znOr4=
27,3,VRY6CISuMhR4odqiKlKwBJJWfhM=,l+2VBQeZ7XdU/YDErc2upYvAae4=
27,6,VRY6CISuMhR4odqiKlKwBJJWfhM=,4prfVth7d9FVF9CBfQPoQiheFtA=
27,5,VRY6CISuMhR4odqiKlKwBJJWfhM=,HiXzlVIqeruPY/nxacS6jgDrTlE=
26,15,VRY6CISuMhR4odqiKlKwBJJWfhM=,3iP22gDL/Tt4Nu4o3mmSu37Irjs=
25,15,VRY6CISuMhR4odqiKlKwBJJWfhM=,wySOPTQON+XzL9d2le9Tf7imwN0=
27,4,VRY6CISuMhR4odqiKlKwBJJWfhM=,HiXzlVIqeruPY/nxacS6jgDrTlE=
24,15,VRY6CISuMhR4odqiKlKwBJJWfhM=,wySOPTQON+XzL9d2le9Tf7imwN0=
23,15,VRY6CISuMhR4odqiKlKwBJJWfhM=,Pnb382ruzEfdpPJ9TfODrydEy6g=
16,0,VRY6CISuMhR4odqiKlKwBJJWfhM=,H9AEwkCmygtDxrgqNw880CxKIwA=
20,15,VRY6CISuMhR4odqiKlKwBJJWfhM=,Pnb382ruzEfdpPJ9TfODrydEy6g=
21,15,VRY6CISuMhR4odqiKlKwBJJWfhM=,Pnb382ruzEfdpPJ9TfODrydEy6g=
19,15,VRY6CISuMhR4odqiKlKwBJJWfhM=,788D1klPNdNpFtdpRfqYvs/IDB4=
16,14,VRY6CISuMhR4odqiKlKwBJJWfhM=,MDPmGUsEaLjO+cNNGBl7g6zzioM=
16,12,VRY6CISuMhR4odqiKlKwBJJWfhM=,Y8nt/mdLCZZ9LQKtv/GmEJaMa70=
18,12,VRY6CISuMhR4odqiKlKwBJJWfhM=,1HwtWBHTJ6RvbDpy542A6Z3Nfx0=
17,12,VRY6CISuMhR4odqiKlKwBJJWfhM=,Y8nt/mdLCZZ9LQKtv/GmEJaMa70=
16,13,VRY6CISuMhR4odqiKlKwBJJWfhM=,Y8nt/mdLCZZ9LQKtv/GmEJaMa70=
18,14,VRY6CISuMhR4odqiKlKwBJJWfhM=,788D1klPNdNpFtdpRfqYvs/IDB4=
17,13,VRY6CISuMhR4odqiKlKwBJJWfhM=,Y8nt/mdLCZZ9LQKtv/GmEJaMa70=
17,11,VRY6CISuMhR4odqiKlKwBJJWfhM=,6sIgQ5pAI8fqdYiHthySFkQNKUk=
16,11,VRY6CISuMhR4odqiKlKwBJJWfhM=,6sIgQ5pAI8fqdYiHthySFkQNKUk=
17,14,VRY6CISuMhR4odqiKlKwBJJWfhM=,MDPmGUsEaLjO+cNNGBl7g6zzioM=
18,11,VRY6CISuMhR4odqiKlKwBJJWfhM=,6ZE8x1y87UQYOxSQqY720RjEC1M=
22,15,VRY6CISuMhR4odqiKlKwBJJWfhM=,Pnb382ruzEfdpPJ9TfODrydEy6g=
18,13,VRY6CISuMhR4odqiKlKwBJJWfhM=,1HwtWBHTJ6RvbDpy542A6Z3Nfx0=
