28,-10,XAb7LNMuFVm2FsvzKiAKyPMIYCw=,7t6eUOEnF6FA1SsymMqT+gK5F2M=
27,-8,XAb7LNMuFVm2FsvzKiAKyPMIYCw=,5GYMsrFVOy56d+EDhOjfsahzB/8=
27,-10,XAb7LNMuFVm2FsvzKiAKyPMIYCw=,0XjyPUxdmwSAWauOIGPWlu/zBIY=
28,-8,XAb7LNMuFVm2FsvzKiAKyPMIYCw=,JSwFRgJ+N7ZnKI1GCMs0SOzIkpU=
28,-9,XAb7LNMuFVm2FsvzKiAKyPMIYCw=,7t6eUOEnF6FA1SsymMqT+gK5F2M=
28,-11,XAb7LNMuFVm2FsvzKiAKyPMIYCw=,NupGjWNsURpc/VWhZoW/DG4Eba8=
27,-9,XAb7LNMuFVm2FsvzKiAKyPMIYCw=,0XjyPUxdmwSAWauOIGPWlu/zBIY=
27,-11,XAb7LNMuFVm2FsvzKiAKyPMIYCw=,/ojwxqb4+H/W+5Zu2vsAFP97vrE=
28,-13,7u05mZOvw7c6yXoiV8SxTUKdRKc=,wk18/fWevZKk/uAt0IFjD3DLvo0=
27,-13,7u05mZOvw7c6yXoiV8SxTUKdRKc=,72dv/I9gJ66i7DZgILxur1XK428=
28,-12,7u05mZOvw7c6yXoiV8SxTUKdRKc=,NupGjWNsURpc/VWhZoW/DG4Eba8=
27,-12,7u05mZOvw7c6yXoiV8SxTUKdRKc=,/ojwxqb4+H/W+5Zu2vsAFP97vrE=
26,-10,RYZGjn5vLY8gzrZrzMtpEiMmyG0=,0XjyPUxdmwSAWauOIGPWlu/zBIY=
26,-12,RYZGjn5vLY8gzrZrzMtpEiMmyG0=,/ojwxqb4+H/W+5Zu2vsAFP97vrE=
25,-13,RYZGjn5vLY8gzrZrzMtpEiMmyG0=,bwqF+nVlZLJ+UxyOnuyCOg+aUOk=
26,-11,RYZGjn5vLY8gzrZrzMtpEiMmyG0=,/ojwxqb4+H/W+5Zu2vsAFP97vrE=
25,-11,RYZGjn5vLY8gzrZrzMtpEiMmyG0=,Bw/s2TJvhkzvpkO6fK4FUWZK7kk=
25,-12,RYZGjn5vLY8gzrZrzMtpEiMmyG0=,Bw/s2TJvhkzvpkO6fK4FUWZK7kk=
25,-10,RYZGjn5vLY8gzrZrzMtpEiMmyG0=,j/0HNYgES3mi50yWBzsDG5ErlHA=
26,-13,RYZGjn5vLY8gzrZrzMtpEiMmyG0=,72dv/I9gJ66i7DZgILxur1XK428=
26,-8,RYZGjn5vLY8gzrZrzMtpEiMmyG0=,5GYMsrFVOy56d+EDhOjfsahzB/8=
25,-8,RYZGjn5vLY8gzrZrzMtpEiMmyG0=,1ZZB8cejwL/VPuVi9iAZwAQdS7c=
25,-9,RYZGjn5vLY8gzrZrzMtpEiMmyG0=,j/0HNYgES3mi50yWBzsDG5ErlHA=
26,-9,RYZGjn5vLY8gzrZrzMtpEiMmyG0=,0XjyPUxdmwSAWauOIGPWlu/zBIY=
26,-7,/dnuQwR8ep/wfVH7fyf926KOCXI=,5GYMsrFVOy56d+EDhOjfsahzB/8=
25,-6,/dnuQwR8ep/wfVH7fyf926KOCXI=,Jn8HY/hwJnx7hhxDFnCuQKtesME=
26,-6,/dnuQwR8ep/wfVH7fyf926KOCXI=,dgVAo4XUs7UCagFf9T7AymKtXtk=
25,-7,/dnuQwR8ep/wfVH7fyf926KOCXI=,1ZZB8cejwL/VPuVi9iAZwAQdS7c=
26,-4,/dnuQwR8ep/wfVH7fyf926KOCXI=,YyCu1zdB6xRV2GWbrks7QDL70KI=
25,-5,/dnuQwR8ep/wfVH7fyf926KOCXI=,Jn8HY/hwJnx7hhxDFnCuQKtesME=
26,-5,/dnuQwR8ep/wfVH7fyf926KOCXI=,dgVAo4XUs7UCagFf9T7AymKtXtk=
25,-4,/dnuQwR8ep/wfVH7fyf926KOCXI=,Ea7Jot8TJRUqBSxK63DzsRSUGfc=
26,-2,sfnpsUEPFrafVE3JAmJkzCZcwI4=,ZHZTuILyk4KpnUTa8fGZ8sxZFSA=
26,-3,sfnpsUEPFrafVE3JAmJkzCZcwI4=,YyCu1zdB6xRV2GWbrks7QDL70KI=
25,-3,sfnpsUEPFrafVE3JAmJkzCZcwI4=,Ea7Jot8TJRUqBSxK63DzsRSUGfc=
25,-2,sfnpsUEPFrafVE3JAmJkzCZcwI4=,wRnsFAx5JjN44WONqCUkcsffGQs=
24,-2,sfnpsUEPFrafVE3JAmJkzCZcwI4=,wRnsFAx5JjN44WONqCUkcsffGQs=
24,-3,sfnpsUEPFrafVE3JAmJkzCZcwI4=,Ea7Jot8TJRUqBSxK63DzsRSUGfc=
23,-2,sfnpsUEPFrafVE3JAmJkzCZcwI4=,yBnS3+g7OtjqeeYjBAGFBlSzRWw=
23,-3,sfnpsUEPFrafVE3JAmJkzCZcwI4=,yBnS3+g7OtjqeeYjBAGFBlSzRWw=
22,-2,AqOshZL79r2tfk1rBQ8I3Pv8z9g=,yBnS3+g7OtjqeeYjBAGFBlSzRWw=
21,-3,AqOshZL79r2tfk1rBQ8I3Pv8z9g=,yBnS3+g7OtjqeeYjBAGFBlSzRWw=
22,-3,AqOshZL79r2tfk1rBQ8I3Pv8z9g=,yBnS3+g7OtjqeeYjBAGFBlSzRWw=
21,-2,AqOshZL79r2tfk1rBQ8I3Pv8z9g=,yBnS3+g7OtjqeeYjBAGFBlSzRWw=
19,-2,AqOshZL79r2tfk1rBQ8I3Pv8z9g=,QLVemrSoS5KWSHcbSzqZ6BANrgk=
20,-3,AqOshZL79r2tfk1rBQ8I3Pv8z9g=,yBnS3+g7OtjqeeYjBAGFBlSzRWw=
19,-3,AqOshZL79r2tfk1rBQ8I3Pv8z9g=,ApgJSIk+MvwhvNXlPX8TODee8tU=
20,-2,AqOshZL79r2tfk1rBQ8I3Pv8z9g=,yBnS3+g7OtjqeeYjBAGFBlSzRWw=
18,-6,oh+g6M7GfXggEJKxbmbXr5I31lk=,GQSGi/AUOpWDM6soJjd7eweQ/es=
18,-7,oh+g6M7GfXggEJKxbmbXr5I31lk=,51IyWp+9WOMzSvTVX8ZMa0MZHFE=
17,-7,oh+g6M7GfXggEJKxbmbXr5I31lk=,AMUo87zYorB4BnHq7ybNw2kCUF0=
17,-6,oh+g6M7GfXggEJKxbmbXr5I31lk=,GT5/aHiBOmypGuCnt96Vy3QinZw=
19,-4,Tll3NHL1luwGMpEwO5U3Gj2vzc0=,ApgJSIk+MvwhvNXlPX8TODee8tU=
20,-5,Tll3NHL1luwGMpEwO5U3Gj2vzc0=,wIBHHodNSziQeyfOABEYLxMpRzY=
20,-4,Tll3NHL1luwGMpEwO5U3Gj2vzc0=,yBnS3+g7OtjqeeYjBAGFBlSzRWw=
19,-5,Tll3NHL1luwGMpEwO5U3Gj2vzc0=,GQSGi/AUOpWDM6soJjd7eweQ/es=
21,-4,Tll3NHL1luwGMpEwO5U3Gj2vzc0=,yBnS3+g7OtjqeeYjBAGFBlSzRWw=
21,-5,Tll3NHL1luwGMpEwO5U3Gj2vzc0=,wIBHHodNSziQeyfOABEYLxMpRzY=
23,-5,Tll3NHL1luwGMpEwO5U3Gj2vzc0=,wIBHHodNSziQeyfOABEYLxMpRzY=
24,-4,Tll3NHL1luwGMpEwO5U3Gj2vzc0=,Ea7Jot8TJRUqBSxK63DzsRSUGfc=
23,-4,Tll3NHL1luwGMpEwO5U3Gj2vzc0=,yBnS3+g7OtjqeeYjBAGFBlSzRWw=
24,-7,Tll3NHL1luwGMpEwO5U3Gj2vzc0=,1ZZB8cejwL/VPuVi9iAZwAQdS7c=
20,-6,Tll3NHL1luwGMpEwO5U3Gj2vzc0=,wIBHHodNSziQeyfOABEYLxMpRzY=
22,-5,Tll3NHL1luwGMpEwO5U3Gj2vzc0=,wIBHHodNSziQeyfOABEYLxMpRzY=
19,-7,Tll3NHL1luwGMpEwO5U3Gj2vzc0=,51IyWp+9WOMzSvTVX8ZMa0MZHFE=
21,-6,Tll3NHL1luwGMpEwO5U3Gj2vzc0=,wIBHHodNSziQeyfOABEYLxMpRzY=
22,-4,Tll3NHL1luwGMpEwO5U3Gj2vzc0=,yBnS3+g7OtjqeeYjBAGFBlSzRWw=
23,-7,Tll3NHL1luwGMpEwO5U3Gj2vzc0=,wIBHHodNSziQeyfOABEYLxMpRzY=
20,-7,Tll3NHL1luwGMpEwO5U3Gj2vzc0=,wIBHHodNSziQeyfOABEYLxMpRzY=
24,-5,Tll3NHL1luwGMpEwO5U3Gj2vzc0=,Jn8HY/hwJnx7hhxDFnCuQKtesME=
24,-6,Tll3NHL1luwGMpEwO5U3Gj2vzc0=,Jn8HY/hwJnx7hhxDFnCuQKtesME=
19,-6,Tll3NHL1luwGMpEwO5U3Gj2vzc0=,GQSGi/AUOpWDM6soJjd7eweQ/es=
22,-7,Tll3NHL1luwGMpEwO5U3Gj2vzc0=,wIBHHodNSziQeyfOABEYLxMpRzY=
21,-7,Tll3NHL1luwGMpEwO5U3Gj2vzc0=,wIBHHodNSziQeyfOABEYLxMpRzY=
23,-6,Tll3NHL1luwGMpEwO5U3Gj2vzc0=,wIBHHodNSziQeyfOABEYLxMpRzY=
22,-6,Tll3NHL1luwGMpEwO5U3Gj2vzc0=,wIBHHodNSziQeyfOABEYLxMpRzY=
24,-8,AK1b9Gy/ZlwmIb3p9o4LbjLzHY4=,1ZZB8cejwL/VPuVi9iAZwAQdS7c=
24,-9,AK1b9Gy/ZlwmIb3p9o4LbjLzHY4=,j/0HNYgES3mi50yWBzsDG5ErlHA=
23,-8,AK1b9Gy/ZlwmIb3p9o4LbjLzHY4=,wIBHHodNSziQeyfOABEYLxMpRzY=
23,-9,AK1b9Gy/ZlwmIb3p9o4LbjLzHY4=,wIBHHodNSziQeyfOABEYLxMpRzY=
22,-9,adneMKAHYbFsOpT8+SqF0d3mP6o=,wIBHHodNSziQeyfOABEYLxMpRzY=
21,-9,adneMKAHYbFsOpT8+SqF0d3mP6o=,wIBHHodNSziQeyfOABEYLxMpRzY=
21,-8,adneMKAHYbFsOpT8+SqF0d3mP6o=,wIBHHodNSziQeyfOABEYLxMpRzY=
22,-8,adneMKAHYbFsOpT8+SqF0d3mP6o=,wIBHHodNSziQeyfOABEYLxMpRzY=
24,-11,adneMKAHYbFsOpT8+SqF0d3mP6o=,Bw/s2TJvhkzvpkO6fK4FUWZK7kk=
23,-10,adneMKAHYbFsOpT8+SqF0d3mP6o=,wIBHHodNSziQeyfOABEYLxMpRzY=
23,-11,adneMKAHYbFsOpT8+SqF0d3mP6o=,X/LDHQXxvIebLM5t2syFTrcNNWI=
24,-10,adneMKAHYbFsOpT8+SqF0d3mP6o=,j/0HNYgES3mi50yWBzsDG5ErlHA=
22,-11,adneMKAHYbFsOpT8+SqF0d3mP6o=,X/LDHQXxvIebLM5t2syFTrcNNWI=
21,-10,adneMKAHYbFsOpT8+SqF0d3mP6o=,wIBHHodNSziQeyfOABEYLxMpRzY=
22,-10,adneMKAHYbFsOpT8+SqF0d3mP6o=,wIBHHodNSziQeyfOABEYLxMpRzY=
21,-11,adneMKAHYbFsOpT8+SqF0d3mP6o=,wIBHHodNSziQeyfOABEYLxMpRzY=
24,-12,+9eYnJmUAfRZzH0T70WxJmkZFN4=,Bw/s2TJvhkzvpkO6fK4FUWZK7kk=
23,-12,+9eYnJmUAfRZzH0T70WxJmkZFN4=,X/LDHQXxvIebLM5t2syFTrcNNWI=
24,-13,+9eYnJmUAfRZzH0T70WxJmkZFN4=,bwqF+nVlZLJ+UxyOnuyCOg+aUOk=
23,-13,+9eYnJmUAfRZzH0T70WxJmkZFN4=,X/LDHQXxvIebLM5t2syFTrcNNWI=
22,-12,+9eYnJmUAfRZzH0T70WxJmkZFN4=,X/LDHQXxvIebLM5t2syFTrcNNWI=
22,-13,+9eYnJmUAfRZzH0T70WxJmkZFN4=,X/LDHQXxvIebLM5t2syFTrcNNWI=
21,-12,+9eYnJmUAfRZzH0T70WxJmkZFN4=,wIBHHodNSziQeyfOABEYLxMpRzY=
21,-13,+9eYnJmUAfRZzH0T70WxJmkZFN4=,X/LDHQXxvIebLM5t2syFTrcNNWI=
19,-14,W/ryZYpPYmUrc620CKIvjVJnyWE=,YFV/h/GlAf6CgHJo83NOavE2FQs=
20,-14,W/ryZYpPYmUrc620CKIvjVJnyWE=,X/LDHQXxvIebLM5t2syFTrcNNWI=
20,-15,W/ryZYpPYmUrc620CKIvjVJnyWE=,X/LDHQXxvIebLM5t2syFTrcNNWI=
19,-15,W/ryZYpPYmUrc620CKIvjVJnyWE=,rIidcNEDBv5o8VJJ/8J7mmbn9Hs=
18,-14,2mRo4dAcqustgksYADtT/6qCHhM=,YFV/h/GlAf6CgHJo83NOavE2FQs=
18,-15,2mRo4dAcqustgksYADtT/6qCHhM=,rIidcNEDBv5o8VJJ/8J7mmbn9Hs=
17,-15,2mRo4dAcqustgksYADtT/6qCHhM=,N44nfHqnyv9vMEWG0+TWaqqNZQw=
17,-14,2mRo4dAcqustgksYADtT/6qCHhM=,JRWpLDErjglXdULa9aTphpHxpeg=
20,-12,2mRo4dAcqustgksYADtT/6qCHhM=,wIBHHodNSziQeyfOABEYLxMpRzY=
20,-13,2mRo4dAcqustgksYADtT/6qCHhM=,X/LDHQXxvIebLM5t2syFTrcNNWI=
19,-13,2mRo4dAcqustgksYADtT/6qCHhM=,YFV/h/GlAf6CgHJo83NOavE2FQs=
19,-12,2mRo4dAcqustgksYADtT/6qCHhM=,Uaq34nuVMKPMNVA2fT1xxTu4P/E=
16,-7,2mRo4dAcqustgksYADtT/6qCHhM=,AMUo87zYorB4BnHq7ybNw2kCUF0=
16,-6,2mRo4dAcqustgksYADtT/6qCHhM=,GT5/aHiBOmypGuCnt96Vy3QinZw=
17,-13,uTwED3PqwpxSwdNZKqEPQjWkbdk=,JRWpLDErjglXdULa9aTphpHxpeg=
18,-12,uTwED3PqwpxSwdNZKqEPQjWkbdk=,Uaq34nuVMKPMNVA2fT1xxTu4P/E=
17,-12,uTwED3PqwpxSwdNZKqEPQjWkbdk=,nMZstIze+jreKsN358yU71hfPAU=
18,-13,uTwED3PqwpxSwdNZKqEPQjWkbdk=,YFV/h/GlAf6CgHJo83NOavE2FQs=
16,-8,uTwED3PqwpxSwdNZKqEPQjWkbdk=,AMUo87zYorB4BnHq7ybNw2kCUF0=
16,-11,uTwED3PqwpxSwdNZKqEPQjWkbdk=,nMZstIze+jreKsN358yU71hfPAU=
16,-9,uTwED3PqwpxSwdNZKqEPQjWkbdk=,cy/D55QYo2dQu5t72CDElCW0tyw=
16,-10,uTwED3PqwpxSwdNZKqEPQjWkbdk=,cy/D55QYo2dQu5t72CDElCW0tyw=
17,-8,uTwED3PqwpxSwdNZKqEPQjWkbdk=,AMUo87zYorB4BnHq7ybNw2kCUF0=
18,-8,uTwED3PqwpxSwdNZKqEPQjWkbdk=,51IyWp+9WOMzSvTVX8ZMa0MZHFE=
17,-9,uTwED3PqwpxSwdNZKqEPQjWkbdk=,cy/D55QYo2dQu5t72CDElCW0tyw=
17,-10,uTwED3PqwpxSwdNZKqEPQjWkbdk=,cy/D55QYo2dQu5t72CDElCW0tyw=
20,-11,uTwED3PqwpxSwdNZKqEPQjWkbdk=,wIBHHodNSziQeyfOABEYLxMpRzY=
20,-9,uTwED3PqwpxSwdNZKqEPQjWkbdk=,wIBHHodNSziQeyfOABEYLxMpRzY=
19,-9,uTwED3PqwpxSwdNZKqEPQjWkbdk=,4IQE8klMROydXgyJLl5jvt8PmVU=
17,-11,uTwED3PqwpxSwdNZKqEPQjWkbdk=,nMZstIze+jreKsN358yU71hfPAU=
18,-10,uTwED3PqwpxSwdNZKqEPQjWkbdk=,4IQE8klMROydXgyJLl5jvt8PmVU=
18,-11,uTwED3PqwpxSwdNZKqEPQjWkbdk=,Uaq34nuVMKPMNVA2fT1xxTu4P/E=
20,-10,uTwED3PqwpxSwdNZKqEPQjWkbdk=,wIBHHodNSziQeyfOABEYLxMpRzY=
19,-8,uTwED3PqwpxSwdNZKqEPQjWkbdk=,51IyWp+9WOMzSvTVX8ZMa0MZHFE=
19,-11,uTwED3PqwpxSwdNZKqEPQjWkbdk=,Uaq34nuVMKPMNVA2fT1xxTu4P/E=
18,-9,uTwED3PqwpxSwdNZKqEPQjWkbdk=,4IQE8klMROydXgyJLl5jvt8PmVU=
20,-8,uTwED3PqwpxSwdNZKqEPQjWkbdk=,wIBHHodNSziQeyfOABEYLxMpRzY=
19,-10,uTwED3PqwpxSwdNZKqEPQjWkbdk=,4IQE8klMROydXgyJLl5jvt8PmVU=
19,-1,uTwED3PqwpxSwdNZKqEPQjWkbdk=,QLVemrSoS5KWSHcbSzqZ6BANrgk=
20,-1,uTwED3PqwpxSwdNZKqEPQjWkbdk=,yBnS3+g7OtjqeeYjBAGFBlSzRWw=
21,-1,uTwED3PqwpxSwdNZKqEPQjWkbdk=,yBnS3+g7OtjqeeYjBAGFBlSzRWw=
22,-1,uTwED3PqwpxSwdNZKqEPQjWkbdk=,yBnS3+g7OtjqeeYjBAGFBlSzRWw=
24,-1,uTwED3PqwpxSwdNZKqEPQjWkbdk=,wRnsFAx5JjN44WONqCUkcsffGQs=
23,-1,uTwED3PqwpxSwdNZKqEPQjWkbdk=,yBnS3+g7OtjqeeYjBAGFBlSzRWw=
26,-1,uTwED3PqwpxSwdNZKqEPQjWkbdk=,ZHZTuILyk4KpnUTa8fGZ8sxZFSA=
25,-1,uTwED3PqwpxSwdNZKqEPQjWkbdk=,wRnsFAx5JjN44WONqCUkcsffGQs=
29,-3,uTwED3PqwpxSwdNZKqEPQjWkbdk=,b/FBRjh1fd/gJCN0gRwlgD0jOnU=
27,-1,uTwED3PqwpxSwdNZKqEPQjWkbdk=,ZHZTuILyk4KpnUTa8fGZ8sxZFSA=
27,-2,uTwED3PqwpxSwdNZKqEPQjWkbdk=,ZHZTuILyk4KpnUTa8fGZ8sxZFSA=
27,-3,uTwED3PqwpxSwdNZKqEPQjWkbdk=,YyCu1zdB6xRV2GWbrks7QDL70KI=
28,-3,uTwED3PqwpxSwdNZKqEPQjWkbdk=,b/FBRjh1fd/gJCN0gRwlgD0jOnU=
28,-1,uTwED3PqwpxSwdNZKqEPQjWkbdk=,o26b0+SHYkQoDbzYY5raxep23A4=
29,-2,uTwED3PqwpxSwdNZKqEPQjWkbdk=,o26b0+SHYkQoDbzYY5raxep23A4=
28,-2,uTwED3PqwpxSwdNZKqEPQjWkbdk=,o26b0+SHYkQoDbzYY5raxep23A4=
29,-8,uTwED3PqwpxSwdNZKqEPQjWkbdk=,JSwFRgJ+N7ZnKI1GCMs0SOzIkpU=
29,-9,uTwED3PqwpxSwdNZKqEPQjWkbdk=,7t6eUOEnF6FA1SsymMqT+gK5F2M=
18,-4,uTwED3PqwpxSwdNZKqEPQjWkbdk=,ApgJSIk+MvwhvNXlPX8TODee8tU=
18,-5,uTwED3PqwpxSwdNZKqEPQjWkbdk=,GQSGi/AUOpWDM6soJjd7eweQ/es=
16,-5,uTwED3PqwpxSwdNZKqEPQjWkbdk=,GT5/aHiBOmypGuCnt96Vy3QinZw=
17,-4,uTwED3PqwpxSwdNZKqEPQjWkbdk=,jgibcXviXUPRo/RzeYeQCtpV+Bs=
17,-5,uTwED3PqwpxSwdNZKqEPQjWkbdk=,GT5/aHiBOmypGuCnt96Vy3QinZw=
29,-7,uTwED3PqwpxSwdNZKqEPQjWkbdk=,JSwFRgJ+N7ZnKI1GCMs0SOzIkpU=
29,-5,uTwED3PqwpxSwdNZKqEPQjWkbdk=,2Upavz9oPG3PZQHNFaEtsmsjmfo=
28,-7,uTwED3PqwpxSwdNZKqEPQjWkbdk=,JSwFRgJ+N7ZnKI1GCMs0SOzIkpU=
28,-5,uTwED3PqwpxSwdNZKqEPQjWkbdk=,2Upavz9oPG3PZQHNFaEtsmsjmfo=
29,-4,uTwED3PqwpxSwdNZKqEPQjWkbdk=,b/FBRjh1fd/gJCN0gRwlgD0jOnU=
28,-4,uTwED3PqwpxSwdNZKqEPQjWkbdk=,b/FBRjh1fd/gJCN0gRwlgD0jOnU=
29,-6,uTwED3PqwpxSwdNZKqEPQjWkbdk=,2Upavz9oPG3PZQHNFaEtsmsjmfo=
27,-7,uTwED3PqwpxSwdNZKqEPQjWkbdk=,5GYMsrFVOy56d+EDhOjfsahzB/8=
16,-4,uTwED3PqwpxSwdNZKqEPQjWkbdk=,jgibcXviXUPRo/RzeYeQCtpV+Bs=
28,-6,uTwED3PqwpxSwdNZKqEPQjWkbdk=,2Upavz9oPG3PZQHNFaEtsmsjmfo=
27,-5,uTwED3PqwpxSwdNZKqEPQjWkbdk=,dgVAo4XUs7UCagFf9T7AymKtXtk=
27,-6,uTwED3PqwpxSwdNZKqEPQjWkbdk=,dgVAo4XUs7UCagFf9T7AymKtXtk=
27,-4,uTwED3PqwpxSwdNZKqEPQjWkbdk=,YyCu1zdB6xRV2GWbrks7QDL70KI=
18,-2,HqREKAkJsZT77cMzKNjV14T3ZvQ=,QLVemrSoS5KWSHcbSzqZ6BANrgk=
17,-2,HqREKAkJsZT77cMzKNjV14T3ZvQ=,lAhCnfuENrGYYwO6p6jGYOxCpPE=
17,-1,HqREKAkJsZT77cMzKNjV14T3ZvQ=,lAhCnfuENrGYYwO6p6jGYOxCpPE=
16,-1,HqREKAkJsZT77cMzKNjV14T3ZvQ=,lAhCnfuENrGYYwO6p6jGYOxCpPE=
16,-3,HqREKAkJsZT77cMzKNjV14T3ZvQ=,jgibcXviXUPRo/RzeYeQCtpV+Bs=
18,-3,HqREKAkJsZT77cMzKNjV14T3ZvQ=,ApgJSIk+MvwhvNXlPX8TODee8tU=
16,-2,HqREKAkJsZT77cMzKNjV14T3ZvQ=,lAhCnfuENrGYYwO6p6jGYOxCpPE=
18,-1,HqREKAkJsZT77cMzKNjV14T3ZvQ=,QLVemrSoS5KWSHcbSzqZ6BANrgk=
17,-3,HqREKAkJsZT77cMzKNjV14T3ZvQ=,jgibcXviXUPRo/RzeYeQCtpV+Bs=
19,-16,HqREKAkJsZT77cMzKNjV14T3ZvQ=,rIidcNEDBv5o8VJJ/8J7mmbn9Hs=
20,-16,HqREKAkJsZT77cMzKNjV14T3ZvQ=,X/LDHQXxvIebLM5t2syFTrcNNWI=
18,-16,HqREKAkJsZT77cMzKNjV14T3ZvQ=,rIidcNEDBv5o8VJJ/8J7mmbn9Hs=
17,-16,HqREKAkJsZT77cMzKNjV14T3ZvQ=,N44nfHqnyv9vMEWG0+TWaqqNZQw=
29,-14,HqREKAkJsZT77cMzKNjV14T3ZvQ=,wk18/fWevZKk/uAt0IFjD3DLvo0=
29,-15,HqREKAkJsZT77cMzKNjV14T3ZvQ=,Pbcc2g+LVFLkPAl4cEj/k0SArNg=
29,-10,HqREKAkJsZT77cMzKNjV14T3ZvQ=,7t6eUOEnF6FA1SsymMqT+gK5F2M=
29,-12,HqREKAkJsZT77cMzKNjV14T3ZvQ=,NupGjWNsURpc/VWhZoW/DG4Eba8=
29,-11,HqREKAkJsZT77cMzKNjV14T3ZvQ=,NupGjWNsURpc/VWhZoW/DG4Eba8=
29,-13,HqREKAkJsZT77cMzKNjV14T3ZvQ=,wk18/fWevZKk/uAt0IFjD3DLvo0=
29,-1,HqREKAkJsZT77cMzKNjV14T3ZvQ=,o26b0+SHYkQoDbzYY5raxep23A4=
28,-14,HqREKAkJsZT77cMzKNjV14T3ZvQ=,wk18/fWevZKk/uAt0IFjD3DLvo0=
28,-16,HqREKAkJsZT77cMzKNjV14T3ZvQ=,Pbcc2g+LVFLkPAl4cEj/k0SArNg=
27,-15,HqREKAkJsZT77cMzKNjV14T3ZvQ=,GhnrypLaLdKfNE0Q5doNdV26vNk=
28,-15,HqREKAkJsZT77cMzKNjV14T3ZvQ=,Pbcc2g+LVFLkPAl4cEj/k0SArNg=
27,-14,HqREKAkJsZT77cMzKNjV14T3ZvQ=,72dv/I9gJ66i7DZgILxur1XK428=
27,-16,HqREKAkJsZT77cMzKNjV14T3ZvQ=,GhnrypLaLdKfNE0Q5doNdV26vNk=
29,-16,HqREKAkJsZT77cMzKNjV14T3ZvQ=,Pbcc2g+LVFLkPAl4cEj/k0SArNg=
16,-16,HqREKAkJsZT77cMzKNjV14T3ZvQ=,N44nfHqnyv9vMEWG0+TWaqqNZQw=
16,-12,HLuayKQoqHHVBktHEyhJUO4nCck=,nMZstIze+jreKsN358yU71hfPAU=
16,-15,HLuayKQoqHHVBktHEyhJUO4nCck=,N44nfHqnyv9vMEWG0+TWaqqNZQw=
16,-13,HLuayKQoqHHVBktHEyhJUO4nCck=,JRWpLDErjglXdULa9aTphpHxpeg=
26,-15,HLuayKQoqHHVBktHEyhJUO4nCck=,GhnrypLaLdKfNE0Q5doNdV26vNk=
26,-14,HLuayKQoqHHVBktHEyhJUO4nCck=,72dv/I9gJ66i7DZgILxur1XK428=
25,-16,HLuayKQoqHHVBktHEyhJUO4nCck=,8IDupiZeoB/kiXybpRWiEBV9fPg=
16,-14,HLuayKQoqHHVBktHEyhJUO4nCck=,JRWpLDErjglXdULa9aTphpHxpeg=
25,-14,HLuayKQoqHHVBktHEyhJUO4nCck=,bwqF+nVlZLJ+UxyOnuyCOg+aUOk=
26,-16,HLuayKQoqHHVBktHEyhJUO4nCck=,GhnrypLaLdKfNE0Q5doNdV26vNk=
25,-15,HLuayKQoqHHVBktHEyhJUO4nCck=,8IDupiZeoB/kiXybpRWiEBV9fPg=
24,-16,HLuayKQoqHHVBktHEyhJUO4nCck=,8IDupiZeoB/kiXybpRWiEBV9fPg=
23,-15,HLuayKQoqHHVBktHEyhJUO4nCck=,X/LDHQXxvIebLM5t2syFTrcNNWI=
24,-15,HLuayKQoqHHVBktHEyhJUO4nCck=,8IDupiZeoB/kiXybpRWiEBV9fPg=
22,-15,HLuayKQoqHHVBktHEyhJUO4nCck=,X/LDHQXxvIebLM5t2syFTrcNNWI=
21,-16,HLuayKQoqHHVBktHEyhJUO4nCck=,X/LDHQXxvIebLM5t2syFTrcNNWI=
24,-14,HLuayKQoqHHVBktHEyhJUO4nCck=,bwqF+nVlZLJ+UxyOnuyCOg+aUOk=
22,-16,HLuayKQoqHHVBktHEyhJUO4nCck=,X/LDHQXxvIebLM5t2syFTrcNNWI=
22,-14,HLuayKQoqHHVBktHEyhJUO4nCck=,X/LDHQXxvIebLM5t2syFTrcNNWI=
21,-15,HLuayKQoqHHVBktHEyhJUO4nCck=,X/LDHQXxvIebLM5t2syFTrcNNWI=
23,-14,HLuayKQoqHHVBktHEyhJUO4nCck=,X/LDHQXxvIebLM5t2syFTrcNNWI=
23,-16,HLuayKQoqHHVBktHEyhJUO4nCck=,X/LDHQXxvIebLM5t2syFTrcNNWI=
21,-14,HLuayKQoqHHVBktHEyhJUO4nCck=,X/LDHQXxvIebLM5t2syFTrcNNWI=
24,-22,LLioyfjuh5lTPxLd6WIHVMum8ls=,+kJYzy//Y07Kn5uoS6t+YwnLz9s=
23,-23,LLioyfjuh5lTPxLd6WIHVMum8ls=,y3maZJPoXhiEKNXx1Z1rVB0LbUA=
24,-23,LLioyfjuh5lTPxLd6WIHVMum8ls=,275ZCtnddkrP5Gq/pxD+62K9bVg=
23,-22,LLioyfjuh5lTPxLd6WIHVMum8ls=,Z9omQaMOTnROOYxASM/FYeJuASY=
23,-21,T1WpRYor0aACExnathRFuS4JE00=,Z9omQaMOTnROOYxASM/FYeJuASY=
24,-20,T1WpRYor0aACExnathRFuS4JE00=,k42fE58u4I7+cd7gVtqpydEoiHA=
24,-21,T1WpRYor0aACExnathRFuS4JE00=,+kJYzy//Y07Kn5uoS6t+YwnLz9s=
23,-20,T1WpRYor0aACExnathRFuS4JE00=,Z9omQaMOTnROOYxASM/FYeJuASY=
23,-25,T1WpRYor0aACExnathRFuS4JE00=,qAVf4TgX65/Rwg8tkPjsYsfWw8E=
24,-24,T1WpRYor0aACExnathRFuS4JE00=,275ZCtnddkrP5Gq/pxD+62K9bVg=
24,-25,T1WpRYor0aACExnathRFuS4JE00=,VKcXVAWLBjlaLtG1j1QhPcm5UiU=
23,-24,T1WpRYor0aACExnathRFuS4JE00=,y3maZJPoXhiEKNXx1Z1rVB0LbUA=
26,-29,Q1ZQF8T6B6wBLkw/+lEwjwhERtI=,/BkD+OyVmpwrQFcuIeRuoYY7tJQ=
24,-26,Q1ZQF8T6B6wBLkw/+lEwjwhERtI=,VKcXVAWLBjlaLtG1j1QhPcm5UiU=
24,-29,Q1ZQF8T6B6wBLkw/+lEwjwhERtI=,Oipq6EIm8owRd9cd1A+Q/n+w8GQ=
23,-26,Q1ZQF8T6B6wBLkw/+lEwjwhERtI=,qAVf4TgX65/Rwg8tkPjsYsfWw8E=
24,-28,Q1ZQF8T6B6wBLkw/+lEwjwhERtI=,Et5nAVzuD6K1lq0fJ3+nq6dr67Q=
24,-27,Q1ZQF8T6B6wBLkw/+lEwjwhERtI=,Et5nAVzuD6K1lq0fJ3+nq6dr67Q=
23,-28,Q1ZQF8T6B6wBLkw/+lEwjwhERtI=,xyVZQlv0tbtuvZvhcYmjiLk5TV0=
25,-29,Q1ZQF8T6B6wBLkw/+lEwjwhERtI=,Oipq6EIm8owRd9cd1A+Q/n+w8GQ=
23,-27,Q1ZQF8T6B6wBLkw/+lEwjwhERtI=,xyVZQlv0tbtuvZvhcYmjiLk5TV0=
23,-29,Q1ZQF8T6B6wBLkw/+lEwjwhERtI=,AB1qF4dFwV7hkJ4aWIsdIQwK5is=
26,-28,Q1ZQF8T6B6wBLkw/+lEwjwhERtI=,zy4cm7TbnqDMssmb2mAspyknIqU=
25,-28,Q1ZQF8T6B6wBLkw/+lEwjwhERtI=,Et5nAVzuD6K1lq0fJ3+nq6dr67Q=
22,-27,WMk6Cf73NMHEEP0w2H+3+Lrbp68=,xyVZQlv0tbtuvZvhcYmjiLk5TV0=
22,-26,WMk6Cf73NMHEEP0w2H+3+Lrbp68=,qAVf4TgX65/Rwg8tkPjsYsfWw8E=
21,-27,WMk6Cf73NMHEEP0w2H+3+Lrbp68=,ZqmoRM+GPKnSiv6K3tvnoSTEjPg=
21,-26,WMk6Cf73NMHEEP0w2H+3+Lrbp68=,gAfrMyw/To+de32ncQrDzNF2jUg=
22,-25,WMk6Cf73NMHEEP0w2H+3+Lrbp68=,qAVf4TgX65/Rwg8tkPjsYsfWw8E=
21,-25,WMk6Cf73NMHEEP0w2H+3+Lrbp68=,gAfrMyw/To+de32ncQrDzNF2jUg=
22,-24,WMk6Cf73NMHEEP0w2H+3+Lrbp68=,y3maZJPoXhiEKNXx1Z1rVB0LbUA=
21,-24,WMk6Cf73NMHEEP0w2H+3+Lrbp68=,mz0qHNm3mYfajguZBcT/UFYH75Y=
20,-25,WMk6Cf73NMHEEP0w2H+3+Lrbp68=,gAfrMyw/To+de32ncQrDzNF2jUg=
19,-24,WMk6Cf73NMHEEP0w2H+3+Lrbp68=,yCUBrARxvus1INXixgSumSq/vzA=
20,-24,WMk6Cf73NMHEEP0w2H+3+Lrbp68=,mz0qHNm3mYfajguZBcT/UFYH75Y=
19,-25,WMk6Cf73NMHEEP0w2H+3+Lrbp68=,QP8PcE9ErmQLTmo7iJVDtgjv3ZI=
21,-23,QuY4umUI9nwUclP7FJ90VzE74hA=,mz0qHNm3mYfajguZBcT/UFYH75Y=
22,-23,QuY4umUI9nwUclP7FJ90VzE74hA=,y3maZJPoXhiEKNXx1Z1rVB0LbUA=
22,-22,QuY4umUI9nwUclP7FJ90VzE74hA=,Z9omQaMOTnROOYxASM/FYeJuASY=
21,-22,QuY4umUI9nwUclP7FJ90VzE74hA=,Z9omQaMOTnROOYxASM/FYeJuASY=
20,-27,c8TlEycKr1EicMLC+iqFvT47E2I=,ZqmoRM+GPKnSiv6K3tvnoSTEjPg=
19,-27,c8TlEycKr1EicMLC+iqFvT47E2I=,DyHrjnctyY/j5Yx2pYttTV9HQOI=
20,-26,c8TlEycKr1EicMLC+iqFvT47E2I=,gAfrMyw/To+de32ncQrDzNF2jUg=
19,-26,c8TlEycKr1EicMLC+iqFvT47E2I=,QP8PcE9ErmQLTmo7iJVDtgjv3ZI=
20,-22,c8TlEycKr1EicMLC+iqFvT47E2I=,Z9omQaMOTnROOYxASM/FYeJuASY=
19,-22,c8TlEycKr1EicMLC+iqFvT47E2I=,Z9omQaMOTnROOYxASM/FYeJuASY=
19,-23,c8TlEycKr1EicMLC+iqFvT47E2I=,yCUBrARxvus1INXixgSumSq/vzA=
20,-23,c8TlEycKr1EicMLC+iqFvT47E2I=,mz0qHNm3mYfajguZBcT/UFYH75Y=
21,-20,v9W1cB/JT7BG9w3j/q5K91Pk9K4=,Z9omQaMOTnROOYxASM/FYeJuASY=
21,-21,v9W1cB/JT7BG9w3j/q5K91Pk9K4=,Z9omQaMOTnROOYxASM/FYeJuASY=
20,-21,v9W1cB/JT7BG9w3j/q5K91Pk9K4=,Z9omQaMOTnROOYxASM/FYeJuASY=
19,-21,v9W1cB/JT7BG9w3j/q5K91Pk9K4=,Z9omQaMOTnROOYxASM/FYeJuASY=
20,-20,v9W1cB/JT7BG9w3j/q5K91Pk9K4=,Z9omQaMOTnROOYxASM/FYeJuASY=
22,-21,v9W1cB/JT7BG9w3j/q5K91Pk9K4=,Z9omQaMOTnROOYxASM/FYeJuASY=
22,-20,v9W1cB/JT7BG9w3j/q5K91Pk9K4=,Z9omQaMOTnROOYxASM/FYeJuASY=
19,-20,v9W1cB/JT7BG9w3j/q5K91Pk9K4=,Z9omQaMOTnROOYxASM/FYeJuASY=
17,-21,v9W1cB/JT7BG9w3j/q5K91Pk9K4=,1/Rxv9BS7wdmsydO7PuS30RI4v4=
17,-20,v9W1cB/JT7BG9w3j/q5K91Pk9K4=,1/Rxv9BS7wdmsydO7PuS30RI4v4=
18,-20,v9W1cB/JT7BG9w3j/q5K91Pk9K4=,Z9omQaMOTnROOYxASM/FYeJuASY=
18,-21,v9W1cB/JT7BG9w3j/q5K91Pk9K4=,Z9omQaMOTnROOYxASM/FYeJuASY=
19,-18,/RHq8cwBtfjp2WgHh/jMjyxT+Ao=,CwDDl8tYHKEjmGZRglQCfdajPKM=
20,-19,/RHq8cwBtfjp2WgHh/jMjyxT+Ao=,Z9omQaMOTnROOYxASM/FYeJuASY=
20,-18,/RHq8cwBtfjp2WgHh/jMjyxT+Ao=,X/LDHQXxvIebLM5t2syFTrcNNWI=
19,-19,/RHq8cwBtfjp2WgHh/jMjyxT+Ao=,Z9omQaMOTnROOYxASM/FYeJuASY=
18,-18,/RHq8cwBtfjp2WgHh/jMjyxT+Ao=,CwDDl8tYHKEjmGZRglQCfdajPKM=
18,-19,/RHq8cwBtfjp2WgHh/jMjyxT+Ao=,Z9omQaMOTnROOYxASM/FYeJuASY=
17,-18,/RHq8cwBtfjp2WgHh/jMjyxT+Ao=,onQ1F+1DTLny4UwnhhJXABzeh8Q=
17,-19,/RHq8cwBtfjp2WgHh/jMjyxT+Ao=,1/Rxv9BS7wdmsydO7PuS30RI4v4=
22,-18,MJRpvN14lCyFhfZ4i3fDnf5YgxY=,X/LDHQXxvIebLM5t2syFTrcNNWI=
21,-19,MJRpvN14lCyFhfZ4i3fDnf5YgxY=,Z9omQaMOTnROOYxASM/FYeJuASY=
21,-18,MJRpvN14lCyFhfZ4i3fDnf5YgxY=,X/LDHQXxvIebLM5t2syFTrcNNWI=
22,-19,MJRpvN14lCyFhfZ4i3fDnf5YgxY=,Z9omQaMOTnROOYxASM/FYeJuASY=
24,-18,MJRpvN14lCyFhfZ4i3fDnf5YgxY=,0rXdr67cgSTOXJwgZkgIRxtxGOk=
24,-19,MJRpvN14lCyFhfZ4i3fDnf5YgxY=,k42fE58u4I7+cd7gVtqpydEoiHA=
23,-18,MJRpvN14lCyFhfZ4i3fDnf5YgxY=,X/LDHQXxvIebLM5t2syFTrcNNWI=
23,-19,MJRpvN14lCyFhfZ4i3fDnf5YgxY=,Z9omQaMOTnROOYxASM/FYeJuASY=
26,-19,ivTOLm2SLIC49UXgrO628eoTWhE=,Cymw6VHqpnGgtfoXMr7qpXsDMYM=
26,-18,ivTOLm2SLIC49UXgrO628eoTWhE=,rjVZIOwf1YA2CMrqDavm2X5TVJo=
25,-19,ivTOLm2SLIC49UXgrO628eoTWhE=,k42fE58u4I7+cd7gVtqpydEoiHA=
25,-18,ivTOLm2SLIC49UXgrO628eoTWhE=,0rXdr67cgSTOXJwgZkgIRxtxGOk=
28,-28,ivTOLm2SLIC49UXgrO628eoTWhE=,MuqHrqRQlr19lcDG5oxz1g+PjKw=
28,-29,ivTOLm2SLIC49UXgrO628eoTWhE=,q8Gsym1HnfRTpCJ55KB2vaUD7oA=
29,-25,ivTOLm2SLIC49UXgrO628eoTWhE=,izLG62PSVDlikynexTV8fHxhl78=
29,-24,ivTOLm2SLIC49UXgrO628eoTWhE=,fcLGBKqXcY+OdF+WnWzMwvbjMOw=
29,-22,ivTOLm2SLIC49UXgrO628eoTWhE=,IUuDXlh4VF4eoCx7Ql/ybuKbVSI=
29,-23,ivTOLm2SLIC49UXgrO628eoTWhE=,fcLGBKqXcY+OdF+WnWzMwvbjMOw=
27,-28,ivTOLm2SLIC49UXgrO628eoTWhE=,zy4cm7TbnqDMssmb2mAspyknIqU=
27,-29,ivTOLm2SLIC49UXgrO628eoTWhE=,/BkD+OyVmpwrQFcuIeRuoYY7tJQ=
28,-18,ivTOLm2SLIC49UXgrO628eoTWhE=,LWj1yIdV+ROPcv/yNzvndVbpi84=
28,-19,ivTOLm2SLIC49UXgrO628eoTWhE=,SM0pbn/K6iXHHmsweLfrcwlBWzs=
27,-19,ivTOLm2SLIC49UXgrO628eoTWhE=,Cymw6VHqpnGgtfoXMr7qpXsDMYM=
27,-18,ivTOLm2SLIC49UXgrO628eoTWhE=,rjVZIOwf1YA2CMrqDavm2X5TVJo=
28,-17,ivTOLm2SLIC49UXgrO628eoTWhE=,LWj1yIdV+ROPcv/yNzvndVbpi84=
27,-17,ivTOLm2SLIC49UXgrO628eoTWhE=,rjVZIOwf1YA2CMrqDavm2X5TVJo=
25,-17,ivTOLm2SLIC49UXgrO628eoTWhE=,0rXdr67cgSTOXJwgZkgIRxtxGOk=
26,-17,ivTOLm2SLIC49UXgrO628eoTWhE=,rjVZIOwf1YA2CMrqDavm2X5TVJo=
23,-17,ivTOLm2SLIC49UXgrO628eoTWhE=,X/LDHQXxvIebLM5t2syFTrcNNWI=
24,-17,ivTOLm2SLIC49UXgrO628eoTWhE=,0rXdr67cgSTOXJwgZkgIRxtxGOk=
28,-23,ivTOLm2SLIC49UXgrO628eoTWhE=,fcLGBKqXcY+OdF+WnWzMwvbjMOw=
28,-21,ivTOLm2SLIC49UXgrO628eoTWhE=,IUuDXlh4VF4eoCx7Ql/ybuKbVSI=
27,-21,ivTOLm2SLIC49UXgrO628eoTWhE=,8ymdcAjE5EPR9Mclw6Pw+1jzgBc=
26,-21,ivTOLm2SLIC49UXgrO628eoTWhE=,8ymdcAjE5EPR9Mclw6Pw+1jzgBc=
28,-20,ivTOLm2SLIC49UXgrO628eoTWhE=,SM0pbn/K6iXHHmsweLfrcwlBWzs=
28,-22,ivTOLm2SLIC49UXgrO628eoTWhE=,IUuDXlh4VF4eoCx7Ql/ybuKbVSI=
27,-23,ivTOLm2SLIC49UXgrO628eoTWhE=,+aUig8fhgNgfMdx0jGeKBPwFwn0=
25,-23,ivTOLm2SLIC49UXgrO628eoTWhE=,275ZCtnddkrP5Gq/pxD+62K9bVg=
25,-20,ivTOLm2SLIC49UXgrO628eoTWhE=,k42fE58u4I7+cd7gVtqpydEoiHA=
27,-20,ivTOLm2SLIC49UXgrO628eoTWhE=,Cymw6VHqpnGgtfoXMr7qpXsDMYM=
27,-22,ivTOLm2SLIC49UXgrO628eoTWhE=,8ymdcAjE5EPR9Mclw6Pw+1jzgBc=
26,-23,ivTOLm2SLIC49UXgrO628eoTWhE=,+aUig8fhgNgfMdx0jGeKBPwFwn0=
25,-21,ivTOLm2SLIC49UXgrO628eoTWhE=,+kJYzy//Y07Kn5uoS6t+YwnLz9s=
25,-22,ivTOLm2SLIC49UXgrO628eoTWhE=,+kJYzy//Y07Kn5uoS6t+YwnLz9s=
26,-22,ivTOLm2SLIC49UXgrO628eoTWhE=,8ymdcAjE5EPR9Mclw6Pw+1jzgBc=
26,-20,ivTOLm2SLIC49UXgrO628eoTWhE=,Cymw6VHqpnGgtfoXMr7qpXsDMYM=
22,-17,ivTOLm2SLIC49UXgrO628eoTWhE=,X/LDHQXxvIebLM5t2syFTrcNNWI=
21,-17,ivTOLm2SLIC49UXgrO628eoTWhE=,X/LDHQXxvIebLM5t2syFTrcNNWI=
20,-17,ivTOLm2SLIC49UXgrO628eoTWhE=,X/LDHQXxvIebLM5t2syFTrcNNWI=
19,-17,ivTOLm2SLIC49UXgrO628eoTWhE=,CwDDl8tYHKEjmGZRglQCfdajPKM=
18,-17,uNj7JDVEhFLn+FuPek39uL9wn44=,CwDDl8tYHKEjmGZRglQCfdajPKM=
17,-17,uNj7JDVEhFLn+FuPek39uL9wn44=,onQ1F+1DTLny4UwnhhJXABzeh8Q=
16,-19,uNj7JDVEhFLn+FuPek39uL9wn44=,1/Rxv9BS7wdmsydO7PuS30RI4v4=
16,-18,uNj7JDVEhFLn+FuPek39uL9wn44=,onQ1F+1DTLny4UwnhhJXABzeh8Q=
16,-21,uNj7JDVEhFLn+FuPek39uL9wn44=,1/Rxv9BS7wdmsydO7PuS30RI4v4=
16,-20,uNj7JDVEhFLn+FuPek39uL9wn44=,1/Rxv9BS7wdmsydO7PuS30RI4v4=
28,-25,uNj7JDVEhFLn+FuPek39uL9wn44=,izLG62PSVDlikynexTV8fHxhl78=
27,-27,uNj7JDVEhFLn+FuPek39uL9wn44=,zy4cm7TbnqDMssmb2mAspyknIqU=
26,-24,uNj7JDVEhFLn+FuPek39uL9wn44=,+aUig8fhgNgfMdx0jGeKBPwFwn0=
27,-25,uNj7JDVEhFLn+FuPek39uL9wn44=,izLG62PSVDlikynexTV8fHxhl78=
26,-27,uNj7JDVEhFLn+FuPek39uL9wn44=,zy4cm7TbnqDMssmb2mAspyknIqU=
28,-26,uNj7JDVEhFLn+FuPek39uL9wn44=,izLG62PSVDlikynexTV8fHxhl78=
28,-24,uNj7JDVEhFLn+FuPek39uL9wn44=,fcLGBKqXcY+OdF+WnWzMwvbjMOw=
27,-26,uNj7JDVEhFLn+FuPek39uL9wn44=,izLG62PSVDlikynexTV8fHxhl78=
27,-24,uNj7JDVEhFLn+FuPek39uL9wn44=,+aUig8fhgNgfMdx0jGeKBPwFwn0=
26,-26,uNj7JDVEhFLn+FuPek39uL9wn44=,izLG62PSVDlikynexTV8fHxhl78=
25,-24,uNj7JDVEhFLn+FuPek39uL9wn44=,275ZCtnddkrP5Gq/pxD+62K9bVg=
28,-27,uNj7JDVEhFLn+FuPek39uL9wn44=,MuqHrqRQlr19lcDG5oxz1g+PjKw=
25,-26,uNj7JDVEhFLn+FuPek39uL9wn44=,VKcXVAWLBjlaLtG1j1QhPcm5UiU=
25,-25,uNj7JDVEhFLn+FuPek39uL9wn44=,VKcXVAWLBjlaLtG1j1QhPcm5UiU=
25,-27,uNj7JDVEhFLn+FuPek39uL9wn44=,Et5nAVzuD6K1lq0fJ3+nq6dr67Q=
26,-25,uNj7JDVEhFLn+FuPek39uL9wn44=,izLG62PSVDlikynexTV8fHxhl78=
29,-17,bxvXnqyh3p7M41ZoLdmHjQ4qLEE=,LWj1yIdV+ROPcv/yNzvndVbpi84=
19,-29,bxvXnqyh3p7M41ZoLdmHjQ4qLEE=,Us/Ivwolu216XlaaOD57qqmPZcc=
22,-29,bxvXnqyh3p7M41ZoLdmHjQ4qLEE=,AB1qF4dFwV7hkJ4aWIsdIQwK5is=
21,-29,bxvXnqyh3p7M41ZoLdmHjQ4qLEE=,uppf+2mz1K+nvn/TKv3CbELfeGM=
20,-29,bxvXnqyh3p7M41ZoLdmHjQ4qLEE=,uppf+2mz1K+nvn/TKv3CbELfeGM=
20,-28,bxvXnqyh3p7M41ZoLdmHjQ4qLEE=,ZqmoRM+GPKnSiv6K3tvnoSTEjPg=
29,-28,bxvXnqyh3p7M41ZoLdmHjQ4qLEE=,MuqHrqRQlr19lcDG5oxz1g+PjKw=
29,-27,bxvXnqyh3p7M41ZoLdmHjQ4qLEE=,MuqHrqRQlr19lcDG5oxz1g+PjKw=
29,-26,bxvXnqyh3p7M41ZoLdmHjQ4qLEE=,izLG62PSVDlikynexTV8fHxhl78=
29,-29,bxvXnqyh3p7M41ZoLdmHjQ4qLEE=,q8Gsym1HnfRTpCJ55KB2vaUD7oA=
29,-20,bxvXnqyh3p7M41ZoLdmHjQ4qLEE=,SM0pbn/K6iXHHmsweLfrcwlBWzs=
29,-18,bxvXnqyh3p7M41ZoLdmHjQ4qLEE=,LWj1yIdV+ROPcv/yNzvndVbpi84=
29,-21,bxvXnqyh3p7M41ZoLdmHjQ4qLEE=,IUuDXlh4VF4eoCx7Ql/ybuKbVSI=
29,-19,bxvXnqyh3p7M41ZoLdmHjQ4qLEE=,SM0pbn/K6iXHHmsweLfrcwlBWzs=
20,-30,bxvXnqyh3p7M41ZoLdmHjQ4qLEE=,uppf+2mz1K+nvn/TKv3CbELfeGM=
18,-30,bxvXnqyh3p7M41ZoLdmHjQ4qLEE=,Us/Ivwolu216XlaaOD57qqmPZcc=
19,-30,bxvXnqyh3p7M41ZoLdmHjQ4qLEE=,Us/Ivwolu216XlaaOD57qqmPZcc=
22,-30,bxvXnqyh3p7M41ZoLdmHjQ4qLEE=,AB1qF4dFwV7hkJ4aWIsdIQwK5is=
17,-30,bxvXnqyh3p7M41ZoLdmHjQ4qLEE=,oNsdaz2cGDS4s2ykRE/uGsU6Dpk=
23,-30,bxvXnqyh3p7M41ZoLdmHjQ4qLEE=,AB1qF4dFwV7hkJ4aWIsdIQwK5is=
21,-30,bxvXnqyh3p7M41ZoLdmHjQ4qLEE=,uppf+2mz1K+nvn/TKv3CbELfeGM=
24,-30,bxvXnqyh3p7M41ZoLdmHjQ4qLEE=,Oipq6EIm8owRd9cd1A+Q/n+w8GQ=
26,-30,bxvXnqyh3p7M41ZoLdmHjQ4qLEE=,/BkD+OyVmpwrQFcuIeRuoYY7tJQ=
25,-30,bxvXnqyh3p7M41ZoLdmHjQ4qLEE=,Oipq6EIm8owRd9cd1A+Q/n+w8GQ=
28,-30,bxvXnqyh3p7M41ZoLdmHjQ4qLEE=,q8Gsym1HnfRTpCJ55KB2vaUD7oA=
27,-30,bxvXnqyh3p7M41ZoLdmHjQ4qLEE=,/BkD+OyVmpwrQFcuIeRuoYY7tJQ=
29,-30,bxvXnqyh3p7M41ZoLdmHjQ4qLEE=,q8Gsym1HnfRTpCJ55KB2vaUD7oA=
16,-30,bxvXnqyh3p7M41ZoLdmHjQ4qLEE=,oNsdaz2cGDS4s2ykRE/uGsU6Dpk=
22,-28,bxvXnqyh3p7M41ZoLdmHjQ4qLEE=,xyVZQlv0tbtuvZvhcYmjiLk5TV0=
21,-28,bxvXnqyh3p7M41ZoLdmHjQ4qLEE=,ZqmoRM+GPKnSiv6K3tvnoSTEjPg=
19,-28,bxvXnqyh3p7M41ZoLdmHjQ4qLEE=,DyHrjnctyY/j5Yx2pYttTV9HQOI=
16,-17,bxvXnqyh3p7M41ZoLdmHjQ4qLEE=,onQ1F+1DTLny4UwnhhJXABzeh8Q=
17,-29,bxvXnqyh3p7M41ZoLdmHjQ4qLEE=,oNsdaz2cGDS4s2ykRE/uGsU6Dpk=
18,-29,bxvXnqyh3p7M41ZoLdmHjQ4qLEE=,Us/Ivwolu216XlaaOD57qqmPZcc=
16,-29,bxvXnqyh3p7M41ZoLdmHjQ4qLEE=,oNsdaz2cGDS4s2ykRE/uGsU6Dpk=
17,-28,bxvXnqyh3p7M41ZoLdmHjQ4qLEE=,mw1MqpuMHaCsQW2P5zRWf89uBIk=
18,-28,bxvXnqyh3p7M41ZoLdmHjQ4qLEE=,DyHrjnctyY/j5Yx2pYttTV9HQOI=
16,-28,bxvXnqyh3p7M41ZoLdmHjQ4qLEE=,mw1MqpuMHaCsQW2P5zRWf89uBIk=
17,-27,bxvXnqyh3p7M41ZoLdmHjQ4qLEE=,mw1MqpuMHaCsQW2P5zRWf89uBIk=
18,-27,bxvXnqyh3p7M41ZoLdmHjQ4qLEE=,DyHrjnctyY/j5Yx2pYttTV9HQOI=
18,-26,bxvXnqyh3p7M41ZoLdmHjQ4qLEE=,QP8PcE9ErmQLTmo7iJVDtgjv3ZI=
16,-27,bxvXnqyh3p7M41ZoLdmHjQ4qLEE=,mw1MqpuMHaCsQW2P5zRWf89uBIk=
16,-26,bxvXnqyh3p7M41ZoLdmHjQ4qLEE=,R0C2sWetO7tEaC4eFfGchFDxnWU=
17,-26,bxvXnqyh3p7M41ZoLdmHjQ4qLEE=,R0C2sWetO7tEaC4eFfGchFDxnWU=
17,-25,bxvXnqyh3p7M41ZoLdmHjQ4qLEE=,R0C2sWetO7tEaC4eFfGchFDxnWU=
16,-24,bxvXnqyh3p7M41ZoLdmHjQ4qLEE=,KsFYIAI6F/54jUaOAXa0iIi7TU4=
17,-23,bxvXnqyh3p7M41ZoLdmHjQ4qLEE=,KsFYIAI6F/54jUaOAXa0iIi7TU4=
16,-25,bxvXnqyh3p7M41ZoLdmHjQ4qLEE=,R0C2sWetO7tEaC4eFfGchFDxnWU=
18,-24,bxvXnqyh3p7M41ZoLdmHjQ4qLEE=,yCUBrARxvus1INXixgSumSq/vzA=
18,-22,bxvXnqyh3p7M41ZoLdmHjQ4qLEE=,Z9omQaMOTnROOYxASM/FYeJuASY=
17,-24,bxvXnqyh3p7M41ZoLdmHjQ4qLEE=,KsFYIAI6F/54jUaOAXa0iIi7TU4=
17,-22,bxvXnqyh3p7M41ZoLdmHjQ4qLEE=,1/Rxv9BS7wdmsydO7PuS30RI4v4=
16,-23,bxvXnqyh3p7M41ZoLdmHjQ4qLEE=,KsFYIAI6F/54jUaOAXa0iIi7TU4=
18,-25,bxvXnqyh3p7M41ZoLdmHjQ4qLEE=,QP8PcE9ErmQLTmo7iJVDtgjv3ZI=
16,-22,bxvXnqyh3p7M41ZoLdmHjQ4qLEE=,1/Rxv9BS7wdmsydO7PuS30RI4v4=
18,-23,bxvXnqyh3p7M41ZoLdmHjQ4qLEE=,yCUBrARxvus1INXixgSumSq/vzA=
9,-25,UjmeZrqlB2bSMjPGgewdbSmp3b0=,uPPTRVH6LxZpsDkHP0/k8ikP5g8=
10,-25,UjmeZrqlB2bSMjPGgewdbSmp3b0=,bQLg00tcbXH2/5VJxB6OzDvY9w8=
9,-24,UjmeZrqlB2bSMjPGgewdbSmp3b0=,tnlekOESmqPLQLas+lZbOdMW0Ms=
10,-24,UjmeZrqlB2bSMjPGgewdbSmp3b0=,CjROWajeIN02i+uH3Z0RnErdyVU=
9,-29,dEVewTJ7/wQoFFFQoY95Nx2z7WA=,SrfigbGvSldy3mMLD9X9L9fLLhM=
10,-29,dEVewTJ7/wQoFFFQoY95Nx2z7WA=,4WeTWFU8gQ1aZljM3AsFd4+IXMM=
9,-28,dEVewTJ7/wQoFFFQoY95Nx2z7WA=,ciBhVN6uWHfPak6Xj5AZkc9cnxo=
11,-29,dEVewTJ7/wQoFFFQoY95Nx2z7WA=,4WeTWFU8gQ1aZljM3AsFd4+IXMM=
10,-28,dEVewTJ7/wQoFFFQoY95Nx2z7WA=,4AUdF6gzRb+yJVN/zA3dp2QT9mY=
12,-29,dEVewTJ7/wQoFFFQoY95Nx2z7WA=,dO2SlvIu9WJA8sdkrMzp/UPVKOA=
12,-28,dEVewTJ7/wQoFFFQoY95Nx2z7WA=,CqXb5da3asYW/vok+zOrbv5KjrU=
9,-26,dEVewTJ7/wQoFFFQoY95Nx2z7WA=,uPPTRVH6LxZpsDkHP0/k8ikP5g8=
10,-27,dEVewTJ7/wQoFFFQoY95Nx2z7WA=,4AUdF6gzRb+yJVN/zA3dp2QT9mY=
9,-27,dEVewTJ7/wQoFFFQoY95Nx2z7WA=,ciBhVN6uWHfPak6Xj5AZkc9cnxo=
11,-28,dEVewTJ7/wQoFFFQoY95Nx2z7WA=,4AUdF6gzRb+yJVN/zA3dp2QT9mY=
10,-26,dEVewTJ7/wQoFFFQoY95Nx2z7WA=,bQLg00tcbXH2/5VJxB6OzDvY9w8=
12,-26,X3M7/Dn/Jcm6HR6Wu6pTzhtFnbA=,82Iultv+8gM0YRKelwQiI+tzpvU=
11,-27,X3M7/Dn/Jcm6HR6Wu6pTzhtFnbA=,4AUdF6gzRb+yJVN/zA3dp2QT9mY=
12,-27,X3M7/Dn/Jcm6HR6Wu6pTzhtFnbA=,CqXb5da3asYW/vok+zOrbv5KjrU=
11,-26,X3M7/Dn/Jcm6HR6Wu6pTzhtFnbA=,bQLg00tcbXH2/5VJxB6OzDvY9w8=
14,-27,X3M7/Dn/Jcm6HR6Wu6pTzhtFnbA=,RrF3zST5PKUcjXLlqeGlHtJBkZc=
13,-27,X3M7/Dn/Jcm6HR6Wu6pTzhtFnbA=,CqXb5da3asYW/vok+zOrbv5KjrU=
13,-26,X3M7/Dn/Jcm6HR6Wu6pTzhtFnbA=,82Iultv+8gM0YRKelwQiI+tzpvU=
14,-26,X3M7/Dn/Jcm6HR6Wu6pTzhtFnbA=,gu3VAkT27ija1BbxnNqPboG3SIY=
11,-25,ON21dWzANUgRr+4Bhn9JRZZW7SQ=,bQLg00tcbXH2/5VJxB6OzDvY9w8=
12,-24,ON21dWzANUgRr+4Bhn9JRZZW7SQ=,c2k/h7mH+d/FNjPX6F66FCilscQ=
12,-25,ON21dWzANUgRr+4Bhn9JRZZW7SQ=,82Iultv+8gM0YRKelwQiI+tzpvU=
11,-24,ON21dWzANUgRr+4Bhn9JRZZW7SQ=,CjROWajeIN02i+uH3Z0RnErdyVU=
13,-24,ON21dWzANUgRr+4Bhn9JRZZW7SQ=,c2k/h7mH+d/FNjPX6F66FCilscQ=
14,-24,ON21dWzANUgRr+4Bhn9JRZZW7SQ=,z4mnAnbfuJKor3qBMCGEPL0O+3k=
13,-25,ON21dWzANUgRr+4Bhn9JRZZW7SQ=,82Iultv+8gM0YRKelwQiI+tzpvU=
14,-25,ON21dWzANUgRr+4Bhn9JRZZW7SQ=,gu3VAkT27ija1BbxnNqPboG3SIY=
13,-22,KWiltpdnjzQy83yHKYHqaT+7WwY=,1/Rxv9BS7wdmsydO7PuS30RI4v4=
13,-23,KWiltpdnjzQy83yHKYHqaT+7WwY=,c2k/h7mH+d/FNjPX6F66FCilscQ=
14,-23,KWiltpdnjzQy83yHKYHqaT+7WwY=,z4mnAnbfuJKor3qBMCGEPL0O+3k=
14,-22,KWiltpdnjzQy83yHKYHqaT+7WwY=,1/Rxv9BS7wdmsydO7PuS30RI4v4=
11,-22,KWiltpdnjzQy83yHKYHqaT+7WwY=,Vjmg0nADnMFmyHpTVrWmshttTOU=
12,-22,KWiltpdnjzQy83yHKYHqaT+7WwY=,1/Rxv9BS7wdmsydO7PuS30RI4v4=
11,-23,KWiltpdnjzQy83yHKYHqaT+7WwY=,CjROWajeIN02i+uH3Z0RnErdyVU=
12,-23,KWiltpdnjzQy83yHKYHqaT+7WwY=,c2k/h7mH+d/FNjPX6F66FCilscQ=
12,-21,9pcSb7Us03rfuk2FHr6Ih5g0he0=,1/Rxv9BS7wdmsydO7PuS30RI4v4=
11,-20,9pcSb7Us03rfuk2FHr6Ih5g0he0=,J/fupeSxs3dA+SF2klYaTYb7sRc=
12,-20,9pcSb7Us03rfuk2FHr6Ih5g0he0=,1/Rxv9BS7wdmsydO7PuS30RI4v4=
11,-21,9pcSb7Us03rfuk2FHr6Ih5g0he0=,Vjmg0nADnMFmyHpTVrWmshttTOU=
13,-20,9pcSb7Us03rfuk2FHr6Ih5g0he0=,1/Rxv9BS7wdmsydO7PuS30RI4v4=
13,-21,9pcSb7Us03rfuk2FHr6Ih5g0he0=,1/Rxv9BS7wdmsydO7PuS30RI4v4=
14,-21,9pcSb7Us03rfuk2FHr6Ih5g0he0=,1/Rxv9BS7wdmsydO7PuS30RI4v4=
14,-20,9pcSb7Us03rfuk2FHr6Ih5g0he0=,1/Rxv9BS7wdmsydO7PuS30RI4v4=
11,-19,ZtxPij+McMbcGcwbmVpPX0zJ/jM=,J/fupeSxs3dA+SF2klYaTYb7sRc=
11,-18,ZtxPij+McMbcGcwbmVpPX0zJ/jM=,cOc/Ml5VSs4rDRD6fw1Efdasw64=
12,-19,ZtxPij+McMbcGcwbmVpPX0zJ/jM=,1/Rxv9BS7wdmsydO7PuS30RI4v4=
12,-18,ZtxPij+McMbcGcwbmVpPX0zJ/jM=,cOc/Ml5VSs4rDRD6fw1Efdasw64=
14,-19,ZtxPij+McMbcGcwbmVpPX0zJ/jM=,1/Rxv9BS7wdmsydO7PuS30RI4v4=
13,-19,ZtxPij+McMbcGcwbmVpPX0zJ/jM=,1/Rxv9BS7wdmsydO7PuS30RI4v4=
14,-18,ZtxPij+McMbcGcwbmVpPX0zJ/jM=,HcuqOVi/3w37AE73rWZQYBbTLnI=
13,-18,ZtxPij+McMbcGcwbmVpPX0zJ/jM=,cOc/Ml5VSs4rDRD6fw1Efdasw64=
10,-18,TwcEV5AiK9vM3A+x7z0MuguYjYc=,cOc/Ml5VSs4rDRD6fw1Efdasw64=
10,-19,TwcEV5AiK9vM3A+x7z0MuguYjYc=,J/fupeSxs3dA+SF2klYaTYb7sRc=
9,-18,TwcEV5AiK9vM3A+x7z0MuguYjYc=,cOc/Ml5VSs4rDRD6fw1Efdasw64=
9,-19,TwcEV5AiK9vM3A+x7z0MuguYjYc=,J/fupeSxs3dA+SF2klYaTYb7sRc=
9,-21,TwcEV5AiK9vM3A+x7z0MuguYjYc=,Vjmg0nADnMFmyHpTVrWmshttTOU=
9,-23,TwcEV5AiK9vM3A+x7z0MuguYjYc=,tnlekOESmqPLQLas+lZbOdMW0Ms=
9,-20,TwcEV5AiK9vM3A+x7z0MuguYjYc=,J/fupeSxs3dA+SF2klYaTYb7sRc=
10,-20,TwcEV5AiK9vM3A+x7z0MuguYjYc=,J/fupeSxs3dA+SF2klYaTYb7sRc=
10,-23,TwcEV5AiK9vM3A+x7z0MuguYjYc=,CjROWajeIN02i+uH3Z0RnErdyVU=
9,-22,TwcEV5AiK9vM3A+x7z0MuguYjYc=,Vjmg0nADnMFmyHpTVrWmshttTOU=
10,-21,TwcEV5AiK9vM3A+x7z0MuguYjYc=,Vjmg0nADnMFmyHpTVrWmshttTOU=
10,-22,TwcEV5AiK9vM3A+x7z0MuguYjYc=,Vjmg0nADnMFmyHpTVrWmshttTOU=
8,-20,a9ikNftmLW+MQAr79+LGaCReNkw=,J/fupeSxs3dA+SF2klYaTYb7sRc=
8,-21,a9ikNftmLW+MQAr79+LGaCReNkw=,Vjmg0nADnMFmyHpTVrWmshttTOU=
7,-20,a9ikNftmLW+MQAr79+LGaCReNkw=,LUPZrQBZtqczEwOIZYcqfQ1Zmls=
7,-21,a9ikNftmLW+MQAr79+LGaCReNkw=,kCrFR2ZwvYVUltNJGotHMqmLHeQ=
8,-23,a9ikNftmLW+MQAr79+LGaCReNkw=,tnlekOESmqPLQLas+lZbOdMW0Ms=
7,-23,a9ikNftmLW+MQAr79+LGaCReNkw=,Dhofm55DbyD1REk0jujIYq5nVKs=
8,-22,a9ikNftmLW+MQAr79+LGaCReNkw=,Vjmg0nADnMFmyHpTVrWmshttTOU=
7,-22,a9ikNftmLW+MQAr79+LGaCReNkw=,kCrFR2ZwvYVUltNJGotHMqmLHeQ=
5,-23,hUhG43Etto9cnKaHiYi/tpSG+4Y=,hQYieZIFPxOhFLJ7nIT8r3T/vgU=
6,-23,hUhG43Etto9cnKaHiYi/tpSG+4Y=,Dhofm55DbyD1REk0jujIYq5nVKs=
6,-22,hUhG43Etto9cnKaHiYi/tpSG+4Y=,kCrFR2ZwvYVUltNJGotHMqmLHeQ=
5,-22,hUhG43Etto9cnKaHiYi/tpSG+4Y=,gCnum2iV2h+IRhyFkbz98XX6Dck=
6,-20,hUhG43Etto9cnKaHiYi/tpSG+4Y=,LUPZrQBZtqczEwOIZYcqfQ1Zmls=
5,-21,hUhG43Etto9cnKaHiYi/tpSG+4Y=,gCnum2iV2h+IRhyFkbz98XX6Dck=
6,-21,hUhG43Etto9cnKaHiYi/tpSG+4Y=,kCrFR2ZwvYVUltNJGotHMqmLHeQ=
5,-20,hUhG43Etto9cnKaHiYi/tpSG+4Y=,LUPZrQBZtqczEwOIZYcqfQ1Zmls=
3,-21,VXlyX/5NA0jY1e+Sc1vrotlrgSo=,G+2pmUouMF2zGcMnx1KcooMm5D4=
3,-20,VXlyX/5NA0jY1e+Sc1vrotlrgSo=,LUPZrQBZtqczEwOIZYcqfQ1Zmls=
4,-20,VXlyX/5NA0jY1e+Sc1vrotlrgSo=,LUPZrQBZtqczEwOIZYcqfQ1Zmls=
4,-21,VXlyX/5NA0jY1e+Sc1vrotlrgSo=,gCnum2iV2h+IRhyFkbz98XX6Dck=
2,-21,VXlyX/5NA0jY1e+Sc1vrotlrgSo=,G+2pmUouMF2zGcMnx1KcooMm5D4=
1,-21,VXlyX/5NA0jY1e+Sc1vrotlrgSo=,Z6aPJK4Mex/yoPsF0aKzEnCMme0=
2,-20,VXlyX/5NA0jY1e+Sc1vrotlrgSo=,LUPZrQBZtqczEwOIZYcqfQ1Zmls=
1,-20,VXlyX/5NA0jY1e+Sc1vrotlrgSo=,LUPZrQBZtqczEwOIZYcqfQ1Zmls=
2,-19,d+RhiWehpaFCa70TzVw9j7V4CkI=,LUPZrQBZtqczEwOIZYcqfQ1Zmls=
1,-18,d+RhiWehpaFCa70TzVw9j7V4CkI=,LUPZrQBZtqczEwOIZYcqfQ1Zmls=
2,-18,d+RhiWehpaFCa70TzVw9j7V4CkI=,LUPZrQBZtqczEwOIZYcqfQ1Zmls=
1,-19,d+RhiWehpaFCa70TzVw9j7V4CkI=,LUPZrQBZtqczEwOIZYcqfQ1Zmls=
3,-18,d+RhiWehpaFCa70TzVw9j7V4CkI=,LUPZrQBZtqczEwOIZYcqfQ1Zmls=
3,-19,d+RhiWehpaFCa70TzVw9j7V4CkI=,LUPZrQBZtqczEwOIZYcqfQ1Zmls=
4,-18,d+RhiWehpaFCa70TzVw9j7V4CkI=,LUPZrQBZtqczEwOIZYcqfQ1Zmls=
4,-19,d+RhiWehpaFCa70TzVw9j7V4CkI=,LUPZrQBZtqczEwOIZYcqfQ1Zmls=
4,-23,WtCl4mHKEpWkUm9EwMB6+JOYuRA=,hQYieZIFPxOhFLJ7nIT8r3T/vgU=
1,-23,WtCl4mHKEpWkUm9EwMB6+JOYuRA=,H1Lpmd8HVcF6XM85f0M0A3pjGac=
2,-22,WtCl4mHKEpWkUm9EwMB6+JOYuRA=,G+2pmUouMF2zGcMnx1KcooMm5D4=
4,-22,WtCl4mHKEpWkUm9EwMB6+JOYuRA=,gCnum2iV2h+IRhyFkbz98XX6Dck=
3,-23,WtCl4mHKEpWkUm9EwMB6+JOYuRA=,tN3G7rAjcdwqiVZPe6Kozugt+1k=
2,-23,WtCl4mHKEpWkUm9EwMB6+JOYuRA=,tN3G7rAjcdwqiVZPe6Kozugt+1k=
3,-22,WtCl4mHKEpWkUm9EwMB6+JOYuRA=,G+2pmUouMF2zGcMnx1KcooMm5D4=
1,-22,WtCl4mHKEpWkUm9EwMB6+JOYuRA=,Z6aPJK4Mex/yoPsF0aKzEnCMme0=
1,-25,Nky2UGkqt0ZTzoldwzCWmTBPBlY=,9S2eIuDakTtY3DU/ZQfgj5Z5yP8=
2,-24,Nky2UGkqt0ZTzoldwzCWmTBPBlY=,tN3G7rAjcdwqiVZPe6Kozugt+1k=
1,-24,Nky2UGkqt0ZTzoldwzCWmTBPBlY=,H1Lpmd8HVcF6XM85f0M0A3pjGac=
2,-25,Nky2UGkqt0ZTzoldwzCWmTBPBlY=,jguvMDOaqU2ns3iM756aRaRD184=
2,-26,Nky2UGkqt0ZTzoldwzCWmTBPBlY=,jguvMDOaqU2ns3iM756aRaRD184=
1,-27,Nky2UGkqt0ZTzoldwzCWmTBPBlY=,BcOJnYMr09ptEg9NHgqpfJnB6nM=
1,-26,Nky2UGkqt0ZTzoldwzCWmTBPBlY=,9S2eIuDakTtY3DU/ZQfgj5Z5yP8=
2,-27,Nky2UGkqt0ZTzoldwzCWmTBPBlY=,mTmqdTe0gyu4qR/uBulgF5CR+LY=
4,-24,Nky2UGkqt0ZTzoldwzCWmTBPBlY=,hQYieZIFPxOhFLJ7nIT8r3T/vgU=
3,-24,Nky2UGkqt0ZTzoldwzCWmTBPBlY=,tN3G7rAjcdwqiVZPe6Kozugt+1k=
4,-25,Nky2UGkqt0ZTzoldwzCWmTBPBlY=,mqulxoOnlJ/9YqTN5K8SL9fHxBo=
3,-25,Nky2UGkqt0ZTzoldwzCWmTBPBlY=,jguvMDOaqU2ns3iM756aRaRD184=
2,-29,Z3zpcaL1f2D53WvRIIGtWbDm4B4=,h+Pr+eaRerroAU0QHKNkxT8az0E=
1,-29,Z3zpcaL1f2D53WvRIIGtWbDm4B4=,0VYCYDEjQaDcoGxGEHN/KYk8uWM=
2,-28,Z3zpcaL1f2D53WvRIIGtWbDm4B4=,mTmqdTe0gyu4qR/uBulgF5CR+LY=
1,-28,Z3zpcaL1f2D53WvRIIGtWbDm4B4=,BcOJnYMr09ptEg9NHgqpfJnB6nM=
0,-29,Z3zpcaL1f2D53WvRIIGtWbDm4B4=,0VYCYDEjQaDcoGxGEHN/KYk8uWM=
0,-28,Z3zpcaL1f2D53WvRIIGtWbDm4B4=,BcOJnYMr09ptEg9NHgqpfJnB6nM=
3,-29,Z3zpcaL1f2D53WvRIIGtWbDm4B4=,h+Pr+eaRerroAU0QHKNkxT8az0E=
4,-29,Z3zpcaL1f2D53WvRIIGtWbDm4B4=,WsufxI3ZA1FO2LAB5bU9pTTT6OY=
3,-28,Z3zpcaL1f2D53WvRIIGtWbDm4B4=,mTmqdTe0gyu4qR/uBulgF5CR+LY=
3,-27,Z3zpcaL1f2D53WvRIIGtWbDm4B4=,mTmqdTe0gyu4qR/uBulgF5CR+LY=
3,-26,Z3zpcaL1f2D53WvRIIGtWbDm4B4=,jguvMDOaqU2ns3iM756aRaRD184=
4,-28,Z3zpcaL1f2D53WvRIIGtWbDm4B4=,vt/99FWzhioh2SX6JjmrER5MSi0=
4,-26,Z3zpcaL1f2D53WvRIIGtWbDm4B4=,mqulxoOnlJ/9YqTN5K8SL9fHxBo=
4,-27,Z3zpcaL1f2D53WvRIIGtWbDm4B4=,vt/99FWzhioh2SX6JjmrER5MSi0=
0,-26,Z3zpcaL1f2D53WvRIIGtWbDm4B4=,9S2eIuDakTtY3DU/ZQfgj5Z5yP8=
0,-27,Z3zpcaL1f2D53WvRIIGtWbDm4B4=,BcOJnYMr09ptEg9NHgqpfJnB6nM=
0,-24,Z3zpcaL1f2D53WvRIIGtWbDm4B4=,H1Lpmd8HVcF6XM85f0M0A3pjGac=
0,-25,Z3zpcaL1f2D53WvRIIGtWbDm4B4=,9S2eIuDakTtY3DU/ZQfgj5Z5yP8=
0,-22,Z3zpcaL1f2D53WvRIIGtWbDm4B4=,Z6aPJK4Mex/yoPsF0aKzEnCMme0=
0,-23,Z3zpcaL1f2D53WvRIIGtWbDm4B4=,H1Lpmd8HVcF6XM85f0M0A3pjGac=
0,-21,Z3zpcaL1f2D53WvRIIGtWbDm4B4=,Z6aPJK4Mex/yoPsF0aKzEnCMme0=
8,-24,Z3zpcaL1f2D53WvRIIGtWbDm4B4=,tnlekOESmqPLQLas+lZbOdMW0Ms=
5,-25,Z3zpcaL1f2D53WvRIIGtWbDm4B4=,mqulxoOnlJ/9YqTN5K8SL9fHxBo=
6,-25,Z3zpcaL1f2D53WvRIIGtWbDm4B4=,nLQBLKazmADh/z0+rxYJOPDwVgI=
8,-25,Z3zpcaL1f2D53WvRIIGtWbDm4B4=,uPPTRVH6LxZpsDkHP0/k8ikP5g8=
0,-19,Z3zpcaL1f2D53WvRIIGtWbDm4B4=,LUPZrQBZtqczEwOIZYcqfQ1Zmls=
5,-24,Z3zpcaL1f2D53WvRIIGtWbDm4B4=,hQYieZIFPxOhFLJ7nIT8r3T/vgU=
6,-24,Z3zpcaL1f2D53WvRIIGtWbDm4B4=,Dhofm55DbyD1REk0jujIYq5nVKs=
0,-18,Z3zpcaL1f2D53WvRIIGtWbDm4B4=,LUPZrQBZtqczEwOIZYcqfQ1Zmls=
0,-20,Z3zpcaL1f2D53WvRIIGtWbDm4B4=,LUPZrQBZtqczEwOIZYcqfQ1Zmls=
7,-25,Z3zpcaL1f2D53WvRIIGtWbDm4B4=,nLQBLKazmADh/z0+rxYJOPDwVgI=
7,-24,Z3zpcaL1f2D53WvRIIGtWbDm4B4=,Dhofm55DbyD1REk0jujIYq5nVKs=
1,-17,Z3zpcaL1f2D53WvRIIGtWbDm4B4=,LUPZrQBZtqczEwOIZYcqfQ1Zmls=
2,-17,Z3zpcaL1f2D53WvRIIGtWbDm4B4=,LUPZrQBZtqczEwOIZYcqfQ1Zmls=
3,-17,Z3zpcaL1f2D53WvRIIGtWbDm4B4=,LUPZrQBZtqczEwOIZYcqfQ1Zmls=
4,-17,Z3zpcaL1f2D53WvRIIGtWbDm4B4=,LUPZrQBZtqczEwOIZYcqfQ1Zmls=
9,-17,Z3zpcaL1f2D53WvRIIGtWbDm4B4=,cOc/Ml5VSs4rDRD6fw1Efdasw64=
10,-17,Z3zpcaL1f2D53WvRIIGtWbDm4B4=,cOc/Ml5VSs4rDRD6fw1Efdasw64=
11,-17,Z3zpcaL1f2D53WvRIIGtWbDm4B4=,cOc/Ml5VSs4rDRD6fw1Efdasw64=
12,-17,Z3zpcaL1f2D53WvRIIGtWbDm4B4=,cOc/Ml5VSs4rDRD6fw1Efdasw64=
14,-17,Z3zpcaL1f2D53WvRIIGtWbDm4B4=,HcuqOVi/3w37AE73rWZQYBbTLnI=
13,-17,Z3zpcaL1f2D53WvRIIGtWbDm4B4=,cOc/Ml5VSs4rDRD6fw1Efdasw64=
15,-19,Z3zpcaL1f2D53WvRIIGtWbDm4B4=,1/Rxv9BS7wdmsydO7PuS30RI4v4=
15,-18,Z3zpcaL1f2D53WvRIIGtWbDm4B4=,HcuqOVi/3w37AE73rWZQYBbTLnI=
15,-20,Z3zpcaL1f2D53WvRIIGtWbDm4B4=,1/Rxv9BS7wdmsydO7PuS30RI4v4=
15,-21,Z3zpcaL1f2D53WvRIIGtWbDm4B4=,1/Rxv9BS7wdmsydO7PuS30RI4v4=
8,-29,Z3zpcaL1f2D53WvRIIGtWbDm4B4=,SrfigbGvSldy3mMLD9X9L9fLLhM=
5,-29,Z3zpcaL1f2D53WvRIIGtWbDm4B4=,WsufxI3ZA1FO2LAB5bU9pTTT6OY=
7,-28,Z3zpcaL1f2D53WvRIIGtWbDm4B4=,lNq8nz2v33QiToLQ/We1qjDPkT8=
7,-29,Z3zpcaL1f2D53WvRIIGtWbDm4B4=,22TSm6Qiy35qkayZ2dIRU9BFilE=
7,-27,Z3zpcaL1f2D53WvRIIGtWbDm4B4=,lNq8nz2v33QiToLQ/We1qjDPkT8=
7,-26,Z3zpcaL1f2D53WvRIIGtWbDm4B4=,nLQBLKazmADh/z0+rxYJOPDwVgI=
6,-29,Z3zpcaL1f2D53WvRIIGtWbDm4B4=,22TSm6Qiy35qkayZ2dIRU9BFilE=
8,-28,Z3zpcaL1f2D53WvRIIGtWbDm4B4=,ciBhVN6uWHfPak6Xj5AZkc9cnxo=
5,-26,Z3zpcaL1f2D53WvRIIGtWbDm4B4=,mqulxoOnlJ/9YqTN5K8SL9fHxBo=
6,-26,Z3zpcaL1f2D53WvRIIGtWbDm4B4=,nLQBLKazmADh/z0+rxYJOPDwVgI=
8,-27,Z3zpcaL1f2D53WvRIIGtWbDm4B4=,ciBhVN6uWHfPak6Xj5AZkc9cnxo=
5,-28,Z3zpcaL1f2D53WvRIIGtWbDm4B4=,vt/99FWzhioh2SX6JjmrER5MSi0=
10,-30,Z3zpcaL1f2D53WvRIIGtWbDm4B4=,4WeTWFU8gQ1aZljM3AsFd4+IXMM=
12,-30,Z3zpcaL1f2D53WvRIIGtWbDm4B4=,dO2SlvIu9WJA8sdkrMzp/UPVKOA=
11,-30,Z3zpcaL1f2D53WvRIIGtWbDm4B4=,4WeTWFU8gQ1aZljM3AsFd4+IXMM=
9,-30,Z3zpcaL1f2D53WvRIIGtWbDm4B4=,SrfigbGvSldy3mMLD9X9L9fLLhM=
7,-30,Z3zpcaL1f2D53WvRIIGtWbDm4B4=,22TSm6Qiy35qkayZ2dIRU9BFilE=
8,-30,Z3zpcaL1f2D53WvRIIGtWbDm4B4=,SrfigbGvSldy3mMLD9X9L9fLLhM=
5,-27,Z3zpcaL1f2D53WvRIIGtWbDm4B4=,vt/99FWzhioh2SX6JjmrER5MSi0=
5,-30,Z3zpcaL1f2D53WvRIIGtWbDm4B4=,WsufxI3ZA1FO2LAB5bU9pTTT6OY=
15,-25,Z3zpcaL1f2D53WvRIIGtWbDm4B4=,gu3VAkT27ija1BbxnNqPboG3SIY=
8,-26,Z3zpcaL1f2D53WvRIIGtWbDm4B4=,uPPTRVH6LxZpsDkHP0/k8ikP5g8=
6,-28,Z3zpcaL1f2D53WvRIIGtWbDm4B4=,lNq8nz2v33QiToLQ/We1qjDPkT8=
15,-24,Z3zpcaL1f2D53WvRIIGtWbDm4B4=,z4mnAnbfuJKor3qBMCGEPL0O+3k=
0,-17,Z3zpcaL1f2D53WvRIIGtWbDm4B4=,LUPZrQBZtqczEwOIZYcqfQ1Zmls=
15,-22,Z3zpcaL1f2D53WvRIIGtWbDm4B4=,1/Rxv9BS7wdmsydO7PuS30RI4v4=
6,-27,Z3zpcaL1f2D53WvRIIGtWbDm4B4=,lNq8nz2v33QiToLQ/We1qjDPkT8=
15,-23,Z3zpcaL1f2D53WvRIIGtWbDm4B4=,z4mnAnbfuJKor3qBMCGEPL0O+3k=
4,-30,Z3zpcaL1f2D53WvRIIGtWbDm4B4=,WsufxI3ZA1FO2LAB5bU9pTTT6OY=
3,-30,Z3zpcaL1f2D53WvRIIGtWbDm4B4=,h+Pr+eaRerroAU0QHKNkxT8az0E=
1,-30,Z3zpcaL1f2D53WvRIIGtWbDm4B4=,0VYCYDEjQaDcoGxGEHN/KYk8uWM=
2,-30,Z3zpcaL1f2D53WvRIIGtWbDm4B4=,h+Pr+eaRerroAU0QHKNkxT8az0E=
0,-30,Z3zpcaL1f2D53WvRIIGtWbDm4B4=,0VYCYDEjQaDcoGxGEHN/KYk8uWM=
6,-30,Z3zpcaL1f2D53WvRIIGtWbDm4B4=,22TSm6Qiy35qkayZ2dIRU9BFilE=
13,-29,Z3zpcaL1f2D53WvRIIGtWbDm4B4=,dO2SlvIu9WJA8sdkrMzp/UPVKOA=
15,-29,Z3zpcaL1f2D53WvRIIGtWbDm4B4=,hHVQ9HOJ3hMblpneeRruIAEIDc4=
13,-30,Z3zpcaL1f2D53WvRIIGtWbDm4B4=,dO2SlvIu9WJA8sdkrMzp/UPVKOA=
15,-30,Z3zpcaL1f2D53WvRIIGtWbDm4B4=,hHVQ9HOJ3hMblpneeRruIAEIDc4=
14,-29,Z3zpcaL1f2D53WvRIIGtWbDm4B4=,hHVQ9HOJ3hMblpneeRruIAEIDc4=
14,-30,Z3zpcaL1f2D53WvRIIGtWbDm4B4=,hHVQ9HOJ3hMblpneeRruIAEIDc4=
15,-26,Z3zpcaL1f2D53WvRIIGtWbDm4B4=,gu3VAkT27ija1BbxnNqPboG3SIY=
15,-27,Z3zpcaL1f2D53WvRIIGtWbDm4B4=,RrF3zST5PKUcjXLlqeGlHtJBkZc=
13,-28,Z3zpcaL1f2D53WvRIIGtWbDm4B4=,CqXb5da3asYW/vok+zOrbv5KjrU=
15,-17,Z3zpcaL1f2D53WvRIIGtWbDm4B4=,HcuqOVi/3w37AE73rWZQYBbTLnI=
15,-28,Z3zpcaL1f2D53WvRIIGtWbDm4B4=,RrF3zST5PKUcjXLlqeGlHtJBkZc=
14,-28,Z3zpcaL1f2D53WvRIIGtWbDm4B4=,RrF3zST5PKUcjXLlqeGlHtJBkZc=
5,-19,Z3zpcaL1f2D53WvRIIGtWbDm4B4=,LUPZrQBZtqczEwOIZYcqfQ1Zmls=
6,-19,Z3zpcaL1f2D53WvRIIGtWbDm4B4=,LUPZrQBZtqczEwOIZYcqfQ1Zmls=
7,-19,Z3zpcaL1f2D53WvRIIGtWbDm4B4=,LUPZrQBZtqczEwOIZYcqfQ1Zmls=
6,-18,Z3zpcaL1f2D53WvRIIGtWbDm4B4=,LUPZrQBZtqczEwOIZYcqfQ1Zmls=
6,-17,Z3zpcaL1f2D53WvRIIGtWbDm4B4=,LUPZrQBZtqczEwOIZYcqfQ1Zmls=
8,-19,Z3zpcaL1f2D53WvRIIGtWbDm4B4=,J/fupeSxs3dA+SF2klYaTYb7sRc=
8,-17,Z3zpcaL1f2D53WvRIIGtWbDm4B4=,cOc/Ml5VSs4rDRD6fw1Efdasw64=
5,-17,Z3zpcaL1f2D53WvRIIGtWbDm4B4=,LUPZrQBZtqczEwOIZYcqfQ1Zmls=
7,-18,Z3zpcaL1f2D53WvRIIGtWbDm4B4=,LUPZrQBZtqczEwOIZYcqfQ1Zmls=
5,-18,Z3zpcaL1f2D53WvRIIGtWbDm4B4=,LUPZrQBZtqczEwOIZYcqfQ1Zmls=
7,-17,Z3zpcaL1f2D53WvRIIGtWbDm4B4=,LUPZrQBZtqczEwOIZYcqfQ1Zmls=
8,-18,Z3zpcaL1f2D53WvRIIGtWbDm4B4=,cOc/Ml5VSs4rDRD6fw1Efdasw64=
3,-2,ALXJ0T8/yUfbD3+zbPj5cRzgtiE=,hSQ8LLMFTZoN9qQMZ9YPv0MasC4=
3,-3,ALXJ0T8/yUfbD3+zbPj5cRzgtiE=,XqGAeyD4G8ix/sS/0/AJ6W+E51E=
4,-2,ALXJ0T8/yUfbD3+zbPj5cRzgtiE=,XqGAeyD4G8ix/sS/0/AJ6W+E51E=
4,-3,ALXJ0T8/yUfbD3+zbPj5cRzgtiE=,XqGAeyD4G8ix/sS/0/AJ6W+E51E=
3,-4,UV84wOoXXiIKDTigw25mt+TzrcU=,XqGAeyD4G8ix/sS/0/AJ6W+E51E=
4,-4,UV84wOoXXiIKDTigw25mt+TzrcU=,XqGAeyD4G8ix/sS/0/AJ6W+E51E=
4,-5,UV84wOoXXiIKDTigw25mt+TzrcU=,pftrCopRNTfdegTKJ7QPgsFojC4=
3,-5,UV84wOoXXiIKDTigw25mt+TzrcU=,+wbxMH8hCjq1P4+7N637bxzjG2Q=
3,-6,UV84wOoXXiIKDTigw25mt+TzrcU=,+wbxMH8hCjq1P4+7N637bxzjG2Q=
4,-7,UV84wOoXXiIKDTigw25mt+TzrcU=,DKUUXRGkkq+vmyvK9M093yQOMDQ=
3,-7,UV84wOoXXiIKDTigw25mt+TzrcU=,DKUUXRGkkq+vmyvK9M093yQOMDQ=
4,-6,UV84wOoXXiIKDTigw25mt+TzrcU=,pftrCopRNTfdegTKJ7QPgsFojC4=
4,-8,f5j25ZSuI1MJybGO/ofIbhBqug8=,DKUUXRGkkq+vmyvK9M093yQOMDQ=
3,-9,f5j25ZSuI1MJybGO/ofIbhBqug8=,0y71JHxbMEHyIXrWZxcbrzAhH2w=
4,-9,f5j25ZSuI1MJybGO/ofIbhBqug8=,WZEB76MaWA9oMW6b3AVLL6aJY70=
3,-8,f5j25ZSuI1MJybGO/ofIbhBqug8=,DKUUXRGkkq+vmyvK9M093yQOMDQ=
4,-11,11LVmxi1lNdoA3syviFrflXqsXo=,WZEB76MaWA9oMW6b3AVLL6aJY70=
3,-11,11LVmxi1lNdoA3syviFrflXqsXo=,0y71JHxbMEHyIXrWZxcbrzAhH2w=
4,-10,11LVmxi1lNdoA3syviFrflXqsXo=,WZEB76MaWA9oMW6b3AVLL6aJY70=
3,-10,11LVmxi1lNdoA3syviFrflXqsXo=,0y71JHxbMEHyIXrWZxcbrzAhH2w=
6,-11,KKiYbJuNONnakDH7ZbCX+mZR1nA=,WZEB76MaWA9oMW6b3AVLL6aJY70=
5,-11,KKiYbJuNONnakDH7ZbCX+mZR1nA=,WZEB76MaWA9oMW6b3AVLL6aJY70=
5,-10,KKiYbJuNONnakDH7ZbCX+mZR1nA=,WZEB76MaWA9oMW6b3AVLL6aJY70=
6,-10,KKiYbJuNONnakDH7ZbCX+mZR1nA=,WZEB76MaWA9oMW6b3AVLL6aJY70=
8,-9,CeUH57GYzYt83kQUQ5+dYSLYdLo=,WZEB76MaWA9oMW6b3AVLL6aJY70=
5,-8,CeUH57GYzYt83kQUQ5+dYSLYdLo=,DKUUXRGkkq+vmyvK9M093yQOMDQ=
8,-8,CeUH57GYzYt83kQUQ5+dYSLYdLo=,U6VGqIK6lTF//wpBwIjaEtME44Y=
5,-9,CeUH57GYzYt83kQUQ5+dYSLYdLo=,WZEB76MaWA9oMW6b3AVLL6aJY70=
6,-8,CeUH57GYzYt83kQUQ5+dYSLYdLo=,DKUUXRGkkq+vmyvK9M093yQOMDQ=
7,-9,CeUH57GYzYt83kQUQ5+dYSLYdLo=,WZEB76MaWA9oMW6b3AVLL6aJY70=
6,-9,CeUH57GYzYt83kQUQ5+dYSLYdLo=,WZEB76MaWA9oMW6b3AVLL6aJY70=
7,-8,CeUH57GYzYt83kQUQ5+dYSLYdLo=,DKUUXRGkkq+vmyvK9M093yQOMDQ=
8,-11,CeUH57GYzYt83kQUQ5+dYSLYdLo=,WZEB76MaWA9oMW6b3AVLL6aJY70=
7,-11,CeUH57GYzYt83kQUQ5+dYSLYdLo=,WZEB76MaWA9oMW6b3AVLL6aJY70=
7,-10,CeUH57GYzYt83kQUQ5+dYSLYdLo=,WZEB76MaWA9oMW6b3AVLL6aJY70=
8,-10,CeUH57GYzYt83kQUQ5+dYSLYdLo=,WZEB76MaWA9oMW6b3AVLL6aJY70=
10,-11,wRF4wcn+FOxu/lM99ZYkwNdTRdA=,Ze4j7r35Tp3Z+BMz/IvmkhvevoI=
9,-10,wRF4wcn+FOxu/lM99ZYkwNdTRdA=,WZEB76MaWA9oMW6b3AVLL6aJY70=
10,-10,wRF4wcn+FOxu/lM99ZYkwNdTRdA=,Ze4j7r35Tp3Z+BMz/IvmkhvevoI=
9,-11,wRF4wcn+FOxu/lM99ZYkwNdTRdA=,WZEB76MaWA9oMW6b3AVLL6aJY70=
11,-10,wRF4wcn+FOxu/lM99ZYkwNdTRdA=,Ze4j7r35Tp3Z+BMz/IvmkhvevoI=
12,-11,wRF4wcn+FOxu/lM99ZYkwNdTRdA=,Ze4j7r35Tp3Z+BMz/IvmkhvevoI=
12,-10,wRF4wcn+FOxu/lM99ZYkwNdTRdA=,Ze4j7r35Tp3Z+BMz/IvmkhvevoI=
11,-11,wRF4wcn+FOxu/lM99ZYkwNdTRdA=,Ze4j7r35Tp3Z+BMz/IvmkhvevoI=
14,-10,CAx+JkKnzznIzWM5LimUljj68Yo=,q4dFThiLtaeKqjKwTN7nkyY7Ryc=
13,-11,CAx+JkKnzznIzWM5LimUljj68Yo=,Ze4j7r35Tp3Z+BMz/IvmkhvevoI=
13,-10,CAx+JkKnzznIzWM5LimUljj68Yo=,Ze4j7r35Tp3Z+BMz/IvmkhvevoI=
14,-11,CAx+JkKnzznIzWM5LimUljj68Yo=,Zww1sljGOGwPS0Ca8r34tW8o6yM=
14,-8,xezuvLIdQVFdhBC5w0v6Jk1AFLk=,rpquUDq9DQCyVkGgrmAcHmav0SU=
14,-9,xezuvLIdQVFdhBC5w0v6Jk1AFLk=,q4dFThiLtaeKqjKwTN7nkyY7Ryc=
13,-8,xezuvLIdQVFdhBC5w0v6Jk1AFLk=,Ze4j7r35Tp3Z+BMz/IvmkhvevoI=
13,-9,xezuvLIdQVFdhBC5w0v6Jk1AFLk=,Ze4j7r35Tp3Z+BMz/IvmkhvevoI=
13,-6,LhK1d1K2aBMbzI1vPIbZE44D+Rc=,6YUIJSBKGkgsFAE7aSMQ4XbdYus=
13,-7,LhK1d1K2aBMbzI1vPIbZE44D+Rc=,Ze4j7r35Tp3Z+BMz/IvmkhvevoI=
14,-7,LhK1d1K2aBMbzI1vPIbZE44D+Rc=,rpquUDq9DQCyVkGgrmAcHmav0SU=
14,-5,LhK1d1K2aBMbzI1vPIbZE44D+Rc=,dFVuYD26HP8udKVv+gCl95NekmY=
14,-4,LhK1d1K2aBMbzI1vPIbZE44D+Rc=,TJWwZc2x7dHUcS7lnIFnMZDRQEM=
13,-5,LhK1d1K2aBMbzI1vPIbZE44D+Rc=,6YUIJSBKGkgsFAE7aSMQ4XbdYus=
13,-4,LhK1d1K2aBMbzI1vPIbZE44D+Rc=,6YUIJSBKGkgsFAE7aSMQ4XbdYus=
14,-6,LhK1d1K2aBMbzI1vPIbZE44D+Rc=,dFVuYD26HP8udKVv+gCl95NekmY=
14,-2,DLt7K5fMxMHrHhb8sciDwgSMsVc=,+nnR6ZK+aXWWqlL+KLpKMcvD8w0=
14,-3,DLt7K5fMxMHrHhb8sciDwgSMsVc=,TJWwZc2x7dHUcS7lnIFnMZDRQEM=
13,-2,DLt7K5fMxMHrHhb8sciDwgSMsVc=,6YUIJSBKGkgsFAE7aSMQ4XbdYus=
13,-3,DLt7K5fMxMHrHhb8sciDwgSMsVc=,6YUIJSBKGkgsFAE7aSMQ4XbdYus=
12,-2,DLt7K5fMxMHrHhb8sciDwgSMsVc=,6YUIJSBKGkgsFAE7aSMQ4XbdYus=
11,-2,DLt7K5fMxMHrHhb8sciDwgSMsVc=,6YUIJSBKGkgsFAE7aSMQ4XbdYus=
12,-3,DLt7K5fMxMHrHhb8sciDwgSMsVc=,6YUIJSBKGkgsFAE7aSMQ4XbdYus=
11,-3,DLt7K5fMxMHrHhb8sciDwgSMsVc=,6YUIJSBKGkgsFAE7aSMQ4XbdYus=
10,-2,RgeSxS7CGT3qNxsv69Z20GkdHD0=,6YUIJSBKGkgsFAE7aSMQ4XbdYus=
9,-3,RgeSxS7CGT3qNxsv69Z20GkdHD0=,U6VGqIK6lTF//wpBwIjaEtME44Y=
9,-2,RgeSxS7CGT3qNxsv69Z20GkdHD0=,U6VGqIK6lTF//wpBwIjaEtME44Y=
10,-3,RgeSxS7CGT3qNxsv69Z20GkdHD0=,6YUIJSBKGkgsFAE7aSMQ4XbdYus=
5,-3,RgeSxS7CGT3qNxsv69Z20GkdHD0=,XqGAeyD4G8ix/sS/0/AJ6W+E51E=
7,-3,RgeSxS7CGT3qNxsv69Z20GkdHD0=,pftrCopRNTfdegTKJ7QPgsFojC4=
8,-3,RgeSxS7CGT3qNxsv69Z20GkdHD0=,U6VGqIK6lTF//wpBwIjaEtME44Y=
5,-2,RgeSxS7CGT3qNxsv69Z20GkdHD0=,XqGAeyD4G8ix/sS/0/AJ6W+E51E=
6,-3,RgeSxS7CGT3qNxsv69Z20GkdHD0=,pftrCopRNTfdegTKJ7QPgsFojC4=
7,-2,RgeSxS7CGT3qNxsv69Z20GkdHD0=,pftrCopRNTfdegTKJ7QPgsFojC4=
8,-2,RgeSxS7CGT3qNxsv69Z20GkdHD0=,U6VGqIK6lTF//wpBwIjaEtME44Y=
6,-2,RgeSxS7CGT3qNxsv69Z20GkdHD0=,pftrCopRNTfdegTKJ7QPgsFojC4=
6,-6,RgeSxS7CGT3qNxsv69Z20GkdHD0=,pftrCopRNTfdegTKJ7QPgsFojC4=
6,-5,RgeSxS7CGT3qNxsv69Z20GkdHD0=,pftrCopRNTfdegTKJ7QPgsFojC4=
5,-7,RgeSxS7CGT3qNxsv69Z20GkdHD0=,DKUUXRGkkq+vmyvK9M093yQOMDQ=
5,-6,RgeSxS7CGT3qNxsv69Z20GkdHD0=,pftrCopRNTfdegTKJ7QPgsFojC4=
5,-4,RgeSxS7CGT3qNxsv69Z20GkdHD0=,XqGAeyD4G8ix/sS/0/AJ6W+E51E=
5,-5,RgeSxS7CGT3qNxsv69Z20GkdHD0=,pftrCopRNTfdegTKJ7QPgsFojC4=
6,-4,RgeSxS7CGT3qNxsv69Z20GkdHD0=,pftrCopRNTfdegTKJ7QPgsFojC4=
6,-7,RgeSxS7CGT3qNxsv69Z20GkdHD0=,DKUUXRGkkq+vmyvK9M093yQOMDQ=
6,-1,SKPF1KTai4yhg6JdmVNmQBQOL+8=,pftrCopRNTfdegTKJ7QPgsFojC4=
5,-1,SKPF1KTai4yhg6JdmVNmQBQOL+8=,XqGAeyD4G8ix/sS/0/AJ6W+E51E=
7,-1,SKPF1KTai4yhg6JdmVNmQBQOL+8=,pftrCopRNTfdegTKJ7QPgsFojC4=
8,-1,SKPF1KTai4yhg6JdmVNmQBQOL+8=,U6VGqIK6lTF//wpBwIjaEtME44Y=
10,-1,SKPF1KTai4yhg6JdmVNmQBQOL+8=,6YUIJSBKGkgsFAE7aSMQ4XbdYus=
9,-1,SKPF1KTai4yhg6JdmVNmQBQOL+8=,U6VGqIK6lTF//wpBwIjaEtME44Y=
12,-1,SKPF1KTai4yhg6JdmVNmQBQOL+8=,6YUIJSBKGkgsFAE7aSMQ4XbdYus=
11,-1,SKPF1KTai4yhg6JdmVNmQBQOL+8=,6YUIJSBKGkgsFAE7aSMQ4XbdYus=
14,-1,SKPF1KTai4yhg6JdmVNmQBQOL+8=,+nnR6ZK+aXWWqlL+KLpKMcvD8w0=
13,-1,SKPF1KTai4yhg6JdmVNmQBQOL+8=,6YUIJSBKGkgsFAE7aSMQ4XbdYus=
15,-2,SKPF1KTai4yhg6JdmVNmQBQOL+8=,+nnR6ZK+aXWWqlL+KLpKMcvD8w0=
15,-3,SKPF1KTai4yhg6JdmVNmQBQOL+8=,TJWwZc2x7dHUcS7lnIFnMZDRQEM=
15,-4,SKPF1KTai4yhg6JdmVNmQBQOL+8=,TJWwZc2x7dHUcS7lnIFnMZDRQEM=
15,-5,SKPF1KTai4yhg6JdmVNmQBQOL+8=,dFVuYD26HP8udKVv+gCl95NekmY=
15,-6,SKPF1KTai4yhg6JdmVNmQBQOL+8=,dFVuYD26HP8udKVv+gCl95NekmY=
7,-5,SKPF1KTai4yhg6JdmVNmQBQOL+8=,pftrCopRNTfdegTKJ7QPgsFojC4=
15,-7,SKPF1KTai4yhg6JdmVNmQBQOL+8=,rpquUDq9DQCyVkGgrmAcHmav0SU=
8,-5,SKPF1KTai4yhg6JdmVNmQBQOL+8=,U6VGqIK6lTF//wpBwIjaEtME44Y=
8,-7,SKPF1KTai4yhg6JdmVNmQBQOL+8=,U6VGqIK6lTF//wpBwIjaEtME44Y=
8,-4,SKPF1KTai4yhg6JdmVNmQBQOL+8=,U6VGqIK6lTF//wpBwIjaEtME44Y=
7,-4,SKPF1KTai4yhg6JdmVNmQBQOL+8=,pftrCopRNTfdegTKJ7QPgsFojC4=
7,-7,SKPF1KTai4yhg6JdmVNmQBQOL+8=,DKUUXRGkkq+vmyvK9M093yQOMDQ=
7,-6,SKPF1KTai4yhg6JdmVNmQBQOL+8=,pftrCopRNTfdegTKJ7QPgsFojC4=
8,-6,SKPF1KTai4yhg6JdmVNmQBQOL+8=,U6VGqIK6lTF//wpBwIjaEtME44Y=
15,-9,SKPF1KTai4yhg6JdmVNmQBQOL+8=,q4dFThiLtaeKqjKwTN7nkyY7Ryc=
15,-8,SKPF1KTai4yhg6JdmVNmQBQOL+8=,rpquUDq9DQCyVkGgrmAcHmav0SU=
15,-10,SKPF1KTai4yhg6JdmVNmQBQOL+8=,q4dFThiLtaeKqjKwTN7nkyY7Ryc=
15,-11,SKPF1KTai4yhg6JdmVNmQBQOL+8=,Zww1sljGOGwPS0Ca8r34tW8o6yM=
11,-9,SKPF1KTai4yhg6JdmVNmQBQOL+8=,Ze4j7r35Tp3Z+BMz/IvmkhvevoI=
12,-8,SKPF1KTai4yhg6JdmVNmQBQOL+8=,Ze4j7r35Tp3Z+BMz/IvmkhvevoI=
9,-9,SKPF1KTai4yhg6JdmVNmQBQOL+8=,WZEB76MaWA9oMW6b3AVLL6aJY70=
10,-9,SKPF1KTai4yhg6JdmVNmQBQOL+8=,Ze4j7r35Tp3Z+BMz/IvmkhvevoI=
12,-9,SKPF1KTai4yhg6JdmVNmQBQOL+8=,Ze4j7r35Tp3Z+BMz/IvmkhvevoI=
10,-8,SKPF1KTai4yhg6JdmVNmQBQOL+8=,Ze4j7r35Tp3Z+BMz/IvmkhvevoI=
11,-8,SKPF1KTai4yhg6JdmVNmQBQOL+8=,Ze4j7r35Tp3Z+BMz/IvmkhvevoI=
9,-8,SKPF1KTai4yhg6JdmVNmQBQOL+8=,U6VGqIK6lTF//wpBwIjaEtME44Y=
12,-4,0akL9umW9ZvvlwWM8WgAXGivStQ=,6YUIJSBKGkgsFAE7aSMQ4XbdYus=
11,-6,0akL9umW9ZvvlwWM8WgAXGivStQ=,6YUIJSBKGkgsFAE7aSMQ4XbdYus=
12,-5,0akL9umW9ZvvlwWM8WgAXGivStQ=,6YUIJSBKGkgsFAE7aSMQ4XbdYus=
10,-7,0akL9umW9ZvvlwWM8WgAXGivStQ=,Ze4j7r35Tp3Z+BMz/IvmkhvevoI=
10,-6,0akL9umW9ZvvlwWM8WgAXGivStQ=,6YUIJSBKGkgsFAE7aSMQ4XbdYus=
9,-6,0akL9umW9ZvvlwWM8WgAXGivStQ=,U6VGqIK6lTF//wpBwIjaEtME44Y=
9,-7,0akL9umW9ZvvlwWM8WgAXGivStQ=,U6VGqIK6lTF//wpBwIjaEtME44Y=
9,-5,0akL9umW9ZvvlwWM8WgAXGivStQ=,U6VGqIK6lTF//wpBwIjaEtME44Y=
9,-4,0akL9umW9ZvvlwWM8WgAXGivStQ=,U6VGqIK6lTF//wpBwIjaEtME44Y=
11,-5,0akL9umW9ZvvlwWM8WgAXGivStQ=,6YUIJSBKGkgsFAE7aSMQ4XbdYus=
10,-5,0akL9umW9ZvvlwWM8WgAXGivStQ=,6YUIJSBKGkgsFAE7aSMQ4XbdYus=
12,-7,0akL9umW9ZvvlwWM8WgAXGivStQ=,Ze4j7r35Tp3Z+BMz/IvmkhvevoI=
11,-7,0akL9umW9ZvvlwWM8WgAXGivStQ=,Ze4j7r35Tp3Z+BMz/IvmkhvevoI=
11,-4,0akL9umW9ZvvlwWM8WgAXGivStQ=,6YUIJSBKGkgsFAE7aSMQ4XbdYus=
10,-4,0akL9umW9ZvvlwWM8WgAXGivStQ=,6YUIJSBKGkgsFAE7aSMQ4XbdYus=
12,-6,0akL9umW9ZvvlwWM8WgAXGivStQ=,6YUIJSBKGkgsFAE7aSMQ4XbdYus=
14,-12,OZD09GCiYNRmJUcRhYH0XScfDOw=,Zww1sljGOGwPS0Ca8r34tW8o6yM=
14,-13,OZD09GCiYNRmJUcRhYH0XScfDOw=,ZnImmZidlFCszIbW6ACb/hp95zU=
13,-13,OZD09GCiYNRmJUcRhYH0XScfDOw=,zweSIZpF2qs+V9pniEufp2bREcg=
13,-12,OZD09GCiYNRmJUcRhYH0XScfDOw=,Ze4j7r35Tp3Z+BMz/IvmkhvevoI=
14,-14,OZD09GCiYNRmJUcRhYH0XScfDOw=,ZnImmZidlFCszIbW6ACb/hp95zU=
13,-15,OZD09GCiYNRmJUcRhYH0XScfDOw=,ydk/z67wrYhlG/zrzE2o2pdRC1w=
14,-15,OZD09GCiYNRmJUcRhYH0XScfDOw=,lMO6/ESnmNXEHOSsH0QQWQRDi1k=
13,-14,OZD09GCiYNRmJUcRhYH0XScfDOw=,zweSIZpF2qs+V9pniEufp2bREcg=
11,-13,Ct531ZR9dD4qFcEhShKIKsEqvM8=,4i1rGz0sDeBrBO6Vddifh6iGq6U=
12,-12,Ct531ZR9dD4qFcEhShKIKsEqvM8=,Ze4j7r35Tp3Z+BMz/IvmkhvevoI=
11,-12,Ct531ZR9dD4qFcEhShKIKsEqvM8=,Ze4j7r35Tp3Z+BMz/IvmkhvevoI=
12,-13,Ct531ZR9dD4qFcEhShKIKsEqvM8=,zweSIZpF2qs+V9pniEufp2bREcg=
11,-14,Ct531ZR9dD4qFcEhShKIKsEqvM8=,4i1rGz0sDeBrBO6Vddifh6iGq6U=
12,-14,Ct531ZR9dD4qFcEhShKIKsEqvM8=,zweSIZpF2qs+V9pniEufp2bREcg=
11,-15,Ct531ZR9dD4qFcEhShKIKsEqvM8=,myc926QbF4MOuyMUtC3Tluk7ih8=
12,-15,Ct531ZR9dD4qFcEhShKIKsEqvM8=,ydk/z67wrYhlG/zrzE2o2pdRC1w=
9,-12,Ct531ZR9dD4qFcEhShKIKsEqvM8=,WZEB76MaWA9oMW6b3AVLL6aJY70=
9,-13,Ct531ZR9dD4qFcEhShKIKsEqvM8=,cAexoWktTrmFV/30Nt4RYWyYWw4=
10,-13,Ct531ZR9dD4qFcEhShKIKsEqvM8=,4i1rGz0sDeBrBO6Vddifh6iGq6U=
10,-12,Ct531ZR9dD4qFcEhShKIKsEqvM8=,Ze4j7r35Tp3Z+BMz/IvmkhvevoI=
9,-14,Ct531ZR9dD4qFcEhShKIKsEqvM8=,cAexoWktTrmFV/30Nt4RYWyYWw4=
10,-14,Ct531ZR9dD4qFcEhShKIKsEqvM8=,4i1rGz0sDeBrBO6Vddifh6iGq6U=
9,-15,Ct531ZR9dD4qFcEhShKIKsEqvM8=,k2kXR+L6S5OMlJlNlGjoL1WCcrI=
10,-15,Ct531ZR9dD4qFcEhShKIKsEqvM8=,myc926QbF4MOuyMUtC3Tluk7ih8=
8,-12,tYiN3oDI02N1xl0aa+ojab/JQkU=,WZEB76MaWA9oMW6b3AVLL6aJY70=
7,-12,tYiN3oDI02N1xl0aa+ojab/JQkU=,WZEB76MaWA9oMW6b3AVLL6aJY70=
7,-13,tYiN3oDI02N1xl0aa+ojab/JQkU=,3R2ah4dKDci0ttMMLYAy7mmJTfM=
8,-13,tYiN3oDI02N1xl0aa+ojab/JQkU=,cAexoWktTrmFV/30Nt4RYWyYWw4=
8,-14,tYiN3oDI02N1xl0aa+ojab/JQkU=,cAexoWktTrmFV/30Nt4RYWyYWw4=
8,-15,tYiN3oDI02N1xl0aa+ojab/JQkU=,k2kXR+L6S5OMlJlNlGjoL1WCcrI=
7,-15,tYiN3oDI02N1xl0aa+ojab/JQkU=,4vf2NpEt6BT5IXZu2XVirDUrqWU=
7,-14,tYiN3oDI02N1xl0aa+ojab/JQkU=,3R2ah4dKDci0ttMMLYAy7mmJTfM=
6,-12,tYiN3oDI02N1xl0aa+ojab/JQkU=,WZEB76MaWA9oMW6b3AVLL6aJY70=
5,-13,tYiN3oDI02N1xl0aa+ojab/JQkU=,Z35+ovvdDLWJxoERJZSpO46YJW8=
5,-12,tYiN3oDI02N1xl0aa+ojab/JQkU=,WZEB76MaWA9oMW6b3AVLL6aJY70=
6,-13,tYiN3oDI02N1xl0aa+ojab/JQkU=,3R2ah4dKDci0ttMMLYAy7mmJTfM=
5,-15,tYiN3oDI02N1xl0aa+ojab/JQkU=,/YDvWwwBAu7+P1/moAhDJIrv/04=
5,-14,tYiN3oDI02N1xl0aa+ojab/JQkU=,Z35+ovvdDLWJxoERJZSpO46YJW8=
6,-14,tYiN3oDI02N1xl0aa+ojab/JQkU=,3R2ah4dKDci0ttMMLYAy7mmJTfM=
6,-15,tYiN3oDI02N1xl0aa+ojab/JQkU=,4vf2NpEt6BT5IXZu2XVirDUrqWU=
3,-12,XQuDHOAXJPVCqXLBXEA3OJf4P1s=,0y71JHxbMEHyIXrWZxcbrzAhH2w=
4,-13,XQuDHOAXJPVCqXLBXEA3OJf4P1s=,Z35+ovvdDLWJxoERJZSpO46YJW8=
4,-12,XQuDHOAXJPVCqXLBXEA3OJf4P1s=,WZEB76MaWA9oMW6b3AVLL6aJY70=
3,-13,XQuDHOAXJPVCqXLBXEA3OJf4P1s=,Q18ENWDPnT72YgNLBibusIglzHs=
3,-15,XQuDHOAXJPVCqXLBXEA3OJf4P1s=,RhJMxGh4tCR+CsymD5J4wr3Jz1E=
4,-15,XQuDHOAXJPVCqXLBXEA3OJf4P1s=,/YDvWwwBAu7+P1/moAhDJIrv/04=
4,-14,XQuDHOAXJPVCqXLBXEA3OJf4P1s=,Z35+ovvdDLWJxoERJZSpO46YJW8=
3,-14,XQuDHOAXJPVCqXLBXEA3OJf4P1s=,Q18ENWDPnT72YgNLBibusIglzHs=
2,-13,XQuDHOAXJPVCqXLBXEA3OJf4P1s=,Q18ENWDPnT72YgNLBibusIglzHs=
2,-12,XQuDHOAXJPVCqXLBXEA3OJf4P1s=,0y71JHxbMEHyIXrWZxcbrzAhH2w=
1,-13,XQuDHOAXJPVCqXLBXEA3OJf4P1s=,3+KK3dE8U6Wr/GZGrls1CMEMIeI=
1,-12,XQuDHOAXJPVCqXLBXEA3OJf4P1s=,0y71JHxbMEHyIXrWZxcbrzAhH2w=
0,-13,XQuDHOAXJPVCqXLBXEA3OJf4P1s=,3+KK3dE8U6Wr/GZGrls1CMEMIeI=
0,-12,XQuDHOAXJPVCqXLBXEA3OJf4P1s=,0y71JHxbMEHyIXrWZxcbrzAhH2w=
2,-16,XQuDHOAXJPVCqXLBXEA3OJf4P1s=,RhJMxGh4tCR+CsymD5J4wr3Jz1E=
1,-16,XQuDHOAXJPVCqXLBXEA3OJf4P1s=,gewx+IDSyK9fapWyVLML9LJZYRk=
1,-14,XQuDHOAXJPVCqXLBXEA3OJf4P1s=,3+KK3dE8U6Wr/GZGrls1CMEMIeI=
0,-15,XQuDHOAXJPVCqXLBXEA3OJf4P1s=,gewx+IDSyK9fapWyVLML9LJZYRk=
2,-15,XQuDHOAXJPVCqXLBXEA3OJf4P1s=,RhJMxGh4tCR+CsymD5J4wr3Jz1E=
2,-14,XQuDHOAXJPVCqXLBXEA3OJf4P1s=,Q18ENWDPnT72YgNLBibusIglzHs=
0,-14,XQuDHOAXJPVCqXLBXEA3OJf4P1s=,3+KK3dE8U6Wr/GZGrls1CMEMIeI=
1,-15,XQuDHOAXJPVCqXLBXEA3OJf4P1s=,gewx+IDSyK9fapWyVLML9LJZYRk=
2,-10,L0be8CfFWxPp1TgCWz3L+QDY65A=,0y71JHxbMEHyIXrWZxcbrzAhH2w=
1,-11,L0be8CfFWxPp1TgCWz3L+QDY65A=,0y71JHxbMEHyIXrWZxcbrzAhH2w=
1,-10,L0be8CfFWxPp1TgCWz3L+QDY65A=,0y71JHxbMEHyIXrWZxcbrzAhH2w=
2,-11,L0be8CfFWxPp1TgCWz3L+QDY65A=,0y71JHxbMEHyIXrWZxcbrzAhH2w=
1,-7,L0be8CfFWxPp1TgCWz3L+QDY65A=,DKUUXRGkkq+vmyvK9M093yQOMDQ=
2,-7,L0be8CfFWxPp1TgCWz3L+QDY65A=,DKUUXRGkkq+vmyvK9M093yQOMDQ=
2,-6,L0be8CfFWxPp1TgCWz3L+QDY65A=,+wbxMH8hCjq1P4+7N637bxzjG2Q=
1,-6,L0be8CfFWxPp1TgCWz3L+QDY65A=,+wbxMH8hCjq1P4+7N637bxzjG2Q=
1,-9,L0be8CfFWxPp1TgCWz3L+QDY65A=,0y71JHxbMEHyIXrWZxcbrzAhH2w=
2,-8,L0be8CfFWxPp1TgCWz3L+QDY65A=,DKUUXRGkkq+vmyvK9M093yQOMDQ=
1,-8,L0be8CfFWxPp1TgCWz3L+QDY65A=,DKUUXRGkkq+vmyvK9M093yQOMDQ=
2,-9,L0be8CfFWxPp1TgCWz3L+QDY65A=,0y71JHxbMEHyIXrWZxcbrzAhH2w=
1,-4,L0be8CfFWxPp1TgCWz3L+QDY65A=,XqGAeyD4G8ix/sS/0/AJ6W+E51E=
1,-5,L0be8CfFWxPp1TgCWz3L+QDY65A=,+wbxMH8hCjq1P4+7N637bxzjG2Q=
2,-5,L0be8CfFWxPp1TgCWz3L+QDY65A=,+wbxMH8hCjq1P4+7N637bxzjG2Q=
2,-4,L0be8CfFWxPp1TgCWz3L+QDY65A=,XqGAeyD4G8ix/sS/0/AJ6W+E51E=
0,-5,L0be8CfFWxPp1TgCWz3L+QDY65A=,+wbxMH8hCjq1P4+7N637bxzjG2Q=
0,-4,L0be8CfFWxPp1TgCWz3L+QDY65A=,XqGAeyD4G8ix/sS/0/AJ6W+E51E=
0,-6,L0be8CfFWxPp1TgCWz3L+QDY65A=,+wbxMH8hCjq1P4+7N637bxzjG2Q=
0,-7,L0be8CfFWxPp1TgCWz3L+QDY65A=,DKUUXRGkkq+vmyvK9M093yQOMDQ=
3,-1,L0be8CfFWxPp1TgCWz3L+QDY65A=,hSQ8LLMFTZoN9qQMZ9YPv0MasC4=
4,-1,L0be8CfFWxPp1TgCWz3L+QDY65A=,XqGAeyD4G8ix/sS/0/AJ6W+E51E=
15,-14,L0be8CfFWxPp1TgCWz3L+QDY65A=,ZnImmZidlFCszIbW6ACb/hp95zU=
15,-15,L0be8CfFWxPp1TgCWz3L+QDY65A=,lMO6/ESnmNXEHOSsH0QQWQRDi1k=
15,-12,L0be8CfFWxPp1TgCWz3L+QDY65A=,Zww1sljGOGwPS0Ca8r34tW8o6yM=
15,-13,L0be8CfFWxPp1TgCWz3L+QDY65A=,ZnImmZidlFCszIbW6ACb/hp95zU=
14,-16,L0be8CfFWxPp1TgCWz3L+QDY65A=,lMO6/ESnmNXEHOSsH0QQWQRDi1k=
12,-16,L0be8CfFWxPp1TgCWz3L+QDY65A=,ydk/z67wrYhlG/zrzE2o2pdRC1w=
11,-16,L0be8CfFWxPp1TgCWz3L+QDY65A=,myc926QbF4MOuyMUtC3Tluk7ih8=
13,-16,L0be8CfFWxPp1TgCWz3L+QDY65A=,ydk/z67wrYhlG/zrzE2o2pdRC1w=
9,-16,L0be8CfFWxPp1TgCWz3L+QDY65A=,k2kXR+L6S5OMlJlNlGjoL1WCcrI=
10,-16,L0be8CfFWxPp1TgCWz3L+QDY65A=,myc926QbF4MOuyMUtC3Tluk7ih8=
7,-16,L0be8CfFWxPp1TgCWz3L+QDY65A=,4vf2NpEt6BT5IXZu2XVirDUrqWU=
0,-8,L0be8CfFWxPp1TgCWz3L+QDY65A=,DKUUXRGkkq+vmyvK9M093yQOMDQ=
0,-16,L0be8CfFWxPp1TgCWz3L+QDY65A=,gewx+IDSyK9fapWyVLML9LJZYRk=
15,-16,L0be8CfFWxPp1TgCWz3L+QDY65A=,lMO6/ESnmNXEHOSsH0QQWQRDi1k=
0,-11,L0be8CfFWxPp1TgCWz3L+QDY65A=,0y71JHxbMEHyIXrWZxcbrzAhH2w=
8,-16,L0be8CfFWxPp1TgCWz3L+QDY65A=,k2kXR+L6S5OMlJlNlGjoL1WCcrI=
6,-16,L0be8CfFWxPp1TgCWz3L+QDY65A=,4vf2NpEt6BT5IXZu2XVirDUrqWU=
0,-10,L0be8CfFWxPp1TgCWz3L+QDY65A=,0y71JHxbMEHyIXrWZxcbrzAhH2w=
0,-9,L0be8CfFWxPp1TgCWz3L+QDY65A=,0y71JHxbMEHyIXrWZxcbrzAhH2w=
15,-1,L0be8CfFWxPp1TgCWz3L+QDY65A=,+nnR6ZK+aXWWqlL+KLpKMcvD8w0=
5,-16,L0be8CfFWxPp1TgCWz3L+QDY65A=,/YDvWwwBAu7+P1/moAhDJIrv/04=
3,-16,L0be8CfFWxPp1TgCWz3L+QDY65A=,RhJMxGh4tCR+CsymD5J4wr3Jz1E=
4,-16,L0be8CfFWxPp1TgCWz3L+QDY65A=,/YDvWwwBAu7+P1/moAhDJIrv/04=
1,-3,L0be8CfFWxPp1TgCWz3L+QDY65A=,XqGAeyD4G8ix/sS/0/AJ6W+E51E=
2,-1,L0be8CfFWxPp1TgCWz3L+QDY65A=,hSQ8LLMFTZoN9qQMZ9YPv0MasC4=
2,-2,L0be8CfFWxPp1TgCWz3L+QDY65A=,hSQ8LLMFTZoN9qQMZ9YPv0MasC4=
0,-3,L0be8CfFWxPp1TgCWz3L+QDY65A=,XqGAeyD4G8ix/sS/0/AJ6W+E51E=
0,-2,L0be8CfFWxPp1TgCWz3L+QDY65A=,51hwdoR45GRwKF2TCHFHmV3nAFk=
1,-1,L0be8CfFWxPp1TgCWz3L+QDY65A=,51hwdoR45GRwKF2TCHFHmV3nAFk=
2,-3,L0be8CfFWxPp1TgCWz3L+QDY65A=,XqGAeyD4G8ix/sS/0/AJ6W+E51E=
1,-2,L0be8CfFWxPp1TgCWz3L+QDY65A=,51hwdoR45GRwKF2TCHFHmV3nAFk=
0,-1,L0be8CfFWxPp1TgCWz3L+QDY65A=,51hwdoR45GRwKF2TCHFHmV3nAFk=
